file_name,label
test_0001.wav,C
test_0002.wav,C
test_0003.wav,C
test_0004.wav,NC
test_0005.wav,NC
test_0006.wav,NC
test_0007.wav,NC
test_0008.wav,NC
test_0009.wav,C
test_0010.wav,NC
test_0011.wav,C
test_0012.wav,C
test_0013.wav,NC
test_0014.wav,NC
test_0015.wav,C
test_0016.wav,NC
test_0017.wav,C
test_0018.wav,C
test_0019.wav,C
test_0020.wav,NC
test_0021.wav,NC
test_0022.wav,NC
test_0023.wav,C
test_0024.wav,NC
test_0025.wav,C
test_0026.wav,NC
test_0027.wav,NC
test_0028.wav,NC
test_0029.wav,NC
test_0030.wav,C
test_0031.wav,NC
test_0032.wav,NC
test_0033.wav,C
test_0034.wav,C
test_0035.wav,C
test_0036.wav,NC
test_0037.wav,NC
test_0038.wav,C
test_0039.wav,NC
test_0040.wav,C
test_0041.wav,C
test_0042.wav,NC
test_0043.wav,NC
test_0044.wav,NC
test_0045.wav,NC
test_0046.wav,NC
test_0047.wav,C
test_0048.wav,C
test_0049.wav,NC
test_0050.wav,C
test_0051.wav,C
test_0052.wav,NC
test_0053.wav,C
test_0054.wav,NC
test_0055.wav,NC
test_0056.wav,NC
test_0057.wav,NC
test_0058.wav,C
test_0059.wav,NC
test_0060.wav,NC
test_0061.wav,NC
test_0062.wav,NC
test_0063.wav,NC
test_0064.wav,C
test_0065.wav,NC
test_0066.wav,C
test_0067.wav,NC
test_0068.wav,C
test_0069.wav,C
test_0070.wav,NC
test_0071.wav,NC
test_0072.wav,C
test_0073.wav,NC
test_0074.wav,NC
test_0075.wav,NC
test_0076.wav,NC
test_0077.wav,NC
test_0078.wav,C
test_0079.wav,C
test_0080.wav,C
test_0081.wav,NC
test_0082.wav,C
test_0083.wav,NC
test_0084.wav,NC
test_0085.wav,C
test_0086.wav,C
test_0087.wav,NC
test_0088.wav,NC
test_0089.wav,NC
test_0090.wav,NC
test_0091.wav,NC
test_0092.wav,NC
test_0093.wav,NC
test_0094.wav,NC
test_0095.wav,C
test_0096.wav,C
test_0097.wav,C
test_0098.wav,C
test_0099.wav,NC
test_0100.wav,C
test_0101.wav,C
test_0102.wav,NC
test_0103.wav,NC
test_0104.wav,NC
test_0105.wav,NC
test_0106.wav,C
test_0107.wav,C
test_0108.wav,NC
test_0109.wav,C
test_0110.wav,NC
test_0111.wav,C
test_0112.wav,NC
test_0113.wav,C
test_0114.wav,NC
test_0115.wav,NC
test_0116.wav,NC
test_0117.wav,C
test_0118.wav,NC
test_0119.wav,C
test_0120.wav,NC
test_0121.wav,NC
test_0122.wav,C
test_0123.wav,C
test_0124.wav,NC
test_0125.wav,NC
test_0126.wav,NC
test_0127.wav,C
test_0128.wav,NC
test_0129.wav,NC
test_0130.wav,NC
test_0131.wav,NC
test_0132.wav,C
test_0133.wav,C
test_0134.wav,NC
test_0135.wav,NC
test_0136.wav,C
test_0137.wav,C
test_0138.wav,NC
test_0139.wav,NC
test_0140.wav,NC
test_0141.wav,NC
test_0142.wav,NC
test_0143.wav,NC
test_0144.wav,NC
test_0145.wav,NC
test_0146.wav,NC
test_0147.wav,NC
test_0148.wav,NC
test_0149.wav,C
test_0150.wav,NC
test_0151.wav,C
test_0152.wav,NC
test_0153.wav,C
test_0154.wav,C
test_0155.wav,NC
test_0156.wav,C
test_0157.wav,NC
test_0158.wav,NC
test_0159.wav,NC
test_0160.wav,NC
test_0161.wav,NC
test_0162.wav,NC
test_0163.wav,NC
test_0164.wav,C
test_0165.wav,C
test_0166.wav,C
test_0167.wav,NC
test_0168.wav,C
test_0169.wav,C
test_0170.wav,C
test_0171.wav,C
test_0172.wav,NC
test_0173.wav,NC
test_0174.wav,NC
test_0175.wav,NC
test_0176.wav,NC
test_0177.wav,NC
test_0178.wav,NC
test_0179.wav,C
test_0180.wav,NC
test_0181.wav,C
test_0182.wav,C
test_0183.wav,NC
test_0184.wav,C
test_0185.wav,C
test_0186.wav,NC
test_0187.wav,NC
test_0188.wav,C
test_0189.wav,NC
test_0190.wav,NC
test_0191.wav,C
test_0192.wav,C
test_0193.wav,C
test_0194.wav,NC
test_0195.wav,C
test_0196.wav,C
test_0197.wav,NC
test_0198.wav,C
test_0199.wav,C
test_0200.wav,NC
test_0201.wav,NC
test_0202.wav,NC
test_0203.wav,NC
test_0204.wav,C
test_0205.wav,NC
test_0206.wav,NC
test_0207.wav,NC
test_0208.wav,C
test_0209.wav,NC
test_0210.wav,NC
test_0211.wav,NC
test_0212.wav,NC
test_0213.wav,C
test_0214.wav,NC
test_0215.wav,C
test_0216.wav,C
test_0217.wav,NC
test_0218.wav,C
test_0219.wav,NC
test_0220.wav,NC
test_0221.wav,NC
test_0222.wav,C
test_0223.wav,C
test_0224.wav,NC
test_0225.wav,NC
test_0226.wav,C
test_0227.wav,NC
test_0228.wav,C
test_0229.wav,NC
test_0230.wav,NC
test_0231.wav,C
test_0232.wav,NC
test_0233.wav,NC
test_0234.wav,C
test_0235.wav,NC
test_0236.wav,NC
test_0237.wav,NC
test_0238.wav,NC
test_0239.wav,NC
test_0240.wav,NC
test_0241.wav,NC
test_0242.wav,C
test_0243.wav,C
test_0244.wav,NC
test_0245.wav,C
test_0246.wav,NC
test_0247.wav,NC
test_0248.wav,NC
test_0249.wav,NC
test_0250.wav,NC
test_0251.wav,NC
test_0252.wav,NC
test_0253.wav,C
test_0254.wav,NC
test_0255.wav,C
test_0256.wav,NC
test_0257.wav,C
test_0258.wav,NC
test_0259.wav,NC
test_0260.wav,NC
test_0261.wav,C
test_0262.wav,C
test_0263.wav,NC
test_0264.wav,C
test_0265.wav,NC
test_0266.wav,NC
test_0267.wav,NC
test_0268.wav,C
test_0269.wav,NC
test_0270.wav,NC
test_0271.wav,C
test_0272.wav,NC
test_0273.wav,NC
test_0274.wav,C
test_0275.wav,NC
test_0276.wav,NC
test_0277.wav,C
test_0278.wav,C
test_0279.wav,C
test_0280.wav,C
test_0281.wav,NC
test_0282.wav,NC
test_0283.wav,C
test_0284.wav,C
test_0285.wav,NC
test_0286.wav,C
test_0287.wav,NC
test_0288.wav,NC
test_0289.wav,NC
test_0290.wav,C
test_0291.wav,C
test_0292.wav,C
test_0293.wav,NC
test_0294.wav,NC
test_0295.wav,NC
test_0296.wav,C
test_0297.wav,NC
test_0298.wav,NC
test_0299.wav,C
test_0300.wav,NC
test_0301.wav,C
test_0302.wav,NC
test_0303.wav,NC
test_0304.wav,C
test_0305.wav,NC
test_0306.wav,C
test_0307.wav,NC
test_0308.wav,C
test_0309.wav,C
test_0310.wav,NC
test_0311.wav,NC
test_0312.wav,NC
test_0313.wav,NC
test_0314.wav,NC
test_0315.wav,NC
test_0316.wav,C
test_0317.wav,C
test_0318.wav,NC
test_0319.wav,C
test_0320.wav,C
test_0321.wav,C
test_0322.wav,C
test_0323.wav,NC
test_0324.wav,C
test_0325.wav,C
test_0326.wav,C
test_0327.wav,C
test_0328.wav,NC
test_0329.wav,C
test_0330.wav,C
test_0331.wav,NC
test_0332.wav,NC
test_0333.wav,C
test_0334.wav,C
test_0335.wav,C
test_0336.wav,NC
test_0337.wav,NC
test_0338.wav,NC
test_0339.wav,NC
test_0340.wav,NC
test_0341.wav,NC
test_0342.wav,NC
test_0343.wav,C
test_0344.wav,NC
test_0345.wav,C
test_0346.wav,NC
test_0347.wav,NC
test_0348.wav,NC
test_0349.wav,NC
test_0350.wav,NC
test_0351.wav,NC
test_0352.wav,NC
test_0353.wav,C
test_0354.wav,NC
test_0355.wav,NC
test_0356.wav,NC
test_0357.wav,C
test_0358.wav,C
test_0359.wav,C
test_0360.wav,NC
test_0361.wav,C
test_0362.wav,C
test_0363.wav,C
test_0364.wav,NC
test_0365.wav,NC
test_0366.wav,NC
test_0367.wav,NC
test_0368.wav,NC
test_0369.wav,C
test_0370.wav,C
test_0371.wav,NC
test_0372.wav,C
test_0373.wav,NC
test_0374.wav,C
test_0375.wav,C
test_0376.wav,NC
test_0377.wav,NC
test_0378.wav,NC
test_0379.wav,C
test_0380.wav,C
test_0381.wav,NC
test_0382.wav,C
test_0383.wav,NC
test_0384.wav,C
test_0385.wav,NC
test_0386.wav,NC
test_0387.wav,NC
test_0388.wav,NC
test_0389.wav,NC
test_0390.wav,C
test_0391.wav,NC
test_0392.wav,C
test_0393.wav,C
test_0394.wav,C
test_0395.wav,NC
test_0396.wav,NC
test_0397.wav,C
test_0398.wav,NC
test_0399.wav,C
test_0400.wav,C
test_0401.wav,C
test_0402.wav,NC
test_0403.wav,NC
test_0404.wav,C
test_0405.wav,NC
test_0406.wav,NC
test_0407.wav,NC
test_0408.wav,NC
test_0409.wav,NC
test_0410.wav,NC
test_0411.wav,NC
test_0412.wav,NC
test_0413.wav,NC
test_0414.wav,C
test_0415.wav,NC
test_0416.wav,NC
test_0417.wav,C
test_0418.wav,NC
test_0419.wav,NC
test_0420.wav,NC
test_0421.wav,NC
test_0422.wav,C
test_0423.wav,C
test_0424.wav,C
test_0425.wav,NC
test_0426.wav,NC
test_0427.wav,C
test_0428.wav,NC
test_0429.wav,C
test_0430.wav,NC
test_0431.wav,C
test_0432.wav,C
test_0433.wav,C
test_0434.wav,C
test_0435.wav,NC
test_0436.wav,C
test_0437.wav,NC
test_0438.wav,NC
test_0439.wav,C
test_0440.wav,NC
test_0441.wav,C
test_0442.wav,NC
test_0443.wav,C
test_0444.wav,C
test_0445.wav,NC
test_0446.wav,C
test_0447.wav,C
test_0448.wav,C
test_0449.wav,C
test_0450.wav,C
test_0451.wav,NC
test_0452.wav,NC
test_0453.wav,C
test_0454.wav,NC
test_0455.wav,NC
test_0456.wav,NC
test_0457.wav,C
test_0458.wav,NC
test_0459.wav,NC
test_0460.wav,C
test_0461.wav,NC
test_0462.wav,NC
test_0463.wav,NC
test_0464.wav,NC
test_0465.wav,C
test_0466.wav,NC
test_0467.wav,NC
test_0468.wav,NC
test_0469.wav,NC
test_0470.wav,NC
test_0471.wav,NC
test_0472.wav,NC
test_0473.wav,NC
test_0474.wav,C
test_0475.wav,NC
test_0476.wav,NC
test_0477.wav,NC
test_0478.wav,NC
test_0479.wav,NC
test_0480.wav,NC
test_0481.wav,NC
test_0482.wav,NC
test_0483.wav,NC
test_0484.wav,NC
test_0485.wav,C
test_0486.wav,NC
test_0487.wav,C
test_0488.wav,C
test_0489.wav,NC
test_0490.wav,NC
test_0491.wav,C
test_0492.wav,NC
test_0493.wav,NC
test_0494.wav,C
test_0495.wav,C
test_0496.wav,NC
test_0497.wav,C
test_0498.wav,NC
test_0499.wav,NC
test_0500.wav,NC
test_0501.wav,NC
test_0502.wav,C
test_0503.wav,C
test_0504.wav,NC
test_0505.wav,NC
test_0506.wav,C
test_0507.wav,NC
test_0508.wav,C
test_0509.wav,NC
test_0510.wav,NC
test_0511.wav,C
test_0512.wav,NC
test_0513.wav,NC
test_0514.wav,NC
test_0515.wav,C
test_0516.wav,C
test_0517.wav,C
test_0518.wav,NC
test_0519.wav,NC
test_0520.wav,NC
test_0521.wav,NC
test_0522.wav,C
test_0523.wav,NC
test_0524.wav,NC
test_0525.wav,C
test_0526.wav,C
test_0527.wav,NC
test_0528.wav,NC
test_0529.wav,NC
test_0530.wav,C
test_0531.wav,C
test_0532.wav,NC
test_0533.wav,NC
test_0534.wav,NC
test_0535.wav,C
test_0536.wav,C
test_0537.wav,C
test_0538.wav,C
test_0539.wav,C
test_0540.wav,NC
test_0541.wav,C
test_0542.wav,C
test_0543.wav,NC
test_0544.wav,NC
test_0545.wav,NC
test_0546.wav,NC
test_0547.wav,NC
test_0548.wav,C
test_0549.wav,NC
test_0550.wav,NC
test_0551.wav,NC
test_0552.wav,C
test_0553.wav,NC
test_0554.wav,C
test_0555.wav,C
test_0556.wav,C
test_0557.wav,C
test_0558.wav,NC
test_0559.wav,C
test_0560.wav,NC
test_0561.wav,NC
test_0562.wav,NC
test_0563.wav,NC
test_0564.wav,NC
test_0565.wav,C
test_0566.wav,C
test_0567.wav,NC
test_0568.wav,NC
test_0569.wav,C
test_0570.wav,NC
test_0571.wav,C
test_0572.wav,NC
test_0573.wav,NC
test_0574.wav,NC
test_0575.wav,C
test_0576.wav,NC
test_0577.wav,NC
test_0578.wav,NC
test_0579.wav,NC
test_0580.wav,NC
test_0581.wav,NC
test_0582.wav,C
test_0583.wav,NC
test_0584.wav,C
test_0585.wav,C
test_0586.wav,NC
test_0587.wav,C
test_0588.wav,C
test_0589.wav,NC
test_0590.wav,NC
test_0591.wav,C
test_0592.wav,C
test_0593.wav,C
test_0594.wav,NC
test_0595.wav,C
test_0596.wav,C
test_0597.wav,C
test_0598.wav,NC
test_0599.wav,NC
test_0600.wav,NC
test_0601.wav,NC
test_0602.wav,NC
test_0603.wav,C
test_0604.wav,NC
test_0605.wav,C
test_0606.wav,NC
test_0607.wav,NC
test_0608.wav,NC
test_0609.wav,C
test_0610.wav,C
test_0611.wav,NC
test_0612.wav,C
test_0613.wav,NC
test_0614.wav,C
test_0615.wav,NC
test_0616.wav,C
test_0617.wav,NC
test_0618.wav,NC
test_0619.wav,C
test_0620.wav,C
test_0621.wav,C
test_0622.wav,C
test_0623.wav,C
test_0624.wav,C
test_0625.wav,NC
test_0626.wav,NC
test_0627.wav,NC
test_0628.wav,NC
test_0629.wav,C
test_0630.wav,NC
test_0631.wav,NC
test_0632.wav,C
test_0633.wav,C
test_0634.wav,NC
test_0635.wav,C
test_0636.wav,NC
test_0637.wav,NC
test_0638.wav,NC
test_0639.wav,C
test_0640.wav,C
test_0641.wav,C
test_0642.wav,C
test_0643.wav,C
test_0644.wav,NC
test_0645.wav,NC
test_0646.wav,NC
test_0647.wav,NC
test_0648.wav,C
test_0649.wav,C
test_0650.wav,NC
test_0651.wav,C
test_0652.wav,NC
test_0653.wav,C
test_0654.wav,NC
test_0655.wav,C
test_0656.wav,C
test_0657.wav,C
test_0658.wav,C
test_0659.wav,NC
test_0660.wav,NC
test_0661.wav,C
test_0662.wav,NC
test_0663.wav,NC
test_0664.wav,NC
test_0665.wav,C
test_0666.wav,C
test_0667.wav,C
test_0668.wav,C
test_0669.wav,NC
test_0670.wav,NC
test_0671.wav,C
test_0672.wav,NC
test_0673.wav,NC
test_0674.wav,C
test_0675.wav,C
test_0676.wav,C
test_0677.wav,C
test_0678.wav,NC
test_0679.wav,C
test_0680.wav,NC
test_0681.wav,NC
test_0682.wav,C
test_0683.wav,NC
test_0684.wav,NC
test_0685.wav,NC
test_0686.wav,NC
test_0687.wav,NC
test_0688.wav,NC
test_0689.wav,C
test_0690.wav,C
test_0691.wav,C
test_0692.wav,C
test_0693.wav,C
test_0694.wav,NC
test_0695.wav,NC
test_0696.wav,NC
test_0697.wav,NC
test_0698.wav,NC
test_0699.wav,NC
test_0700.wav,NC
test_0701.wav,NC
test_0702.wav,NC
test_0703.wav,NC
test_0704.wav,C
test_0705.wav,NC
test_0706.wav,C
test_0707.wav,C
test_0708.wav,NC
test_0709.wav,C
test_0710.wav,C
test_0711.wav,NC
test_0712.wav,NC
test_0713.wav,NC
test_0714.wav,C
test_0715.wav,NC
test_0716.wav,C
test_0717.wav,C
test_0718.wav,NC
test_0719.wav,C
test_0720.wav,NC
test_0721.wav,NC
test_0722.wav,C
test_0723.wav,NC
test_0724.wav,NC
test_0725.wav,NC
test_0726.wav,NC
test_0727.wav,NC
test_0728.wav,C
test_0729.wav,NC
test_0730.wav,NC
test_0731.wav,C
test_0732.wav,NC
test_0733.wav,NC
test_0734.wav,C
test_0735.wav,NC
test_0736.wav,NC
test_0737.wav,C
test_0738.wav,NC
test_0739.wav,NC
test_0740.wav,C
test_0741.wav,NC
test_0742.wav,NC
test_0743.wav,NC
test_0744.wav,NC
test_0745.wav,C
test_0746.wav,NC
test_0747.wav,C
test_0748.wav,C
test_0749.wav,C
test_0750.wav,C
test_0751.wav,NC
test_0752.wav,C
test_0753.wav,C
test_0754.wav,NC
test_0755.wav,NC
test_0756.wav,C
test_0757.wav,NC
test_0758.wav,C
test_0759.wav,NC
test_0760.wav,C
test_0761.wav,NC
test_0762.wav,C
test_0763.wav,C
test_0764.wav,C
test_0765.wav,C
test_0766.wav,C
test_0767.wav,NC
test_0768.wav,NC
test_0769.wav,NC
test_0770.wav,NC
test_0771.wav,C
test_0772.wav,C
test_0773.wav,NC
test_0774.wav,NC
test_0775.wav,NC
test_0776.wav,NC
test_0777.wav,NC
test_0778.wav,C
test_0779.wav,NC
test_0780.wav,NC
test_0781.wav,C
test_0782.wav,C
test_0783.wav,NC
test_0784.wav,C
test_0785.wav,C
test_0786.wav,NC
test_0787.wav,NC
test_0788.wav,C
test_0789.wav,NC
test_0790.wav,NC
test_0791.wav,NC
test_0792.wav,NC
test_0793.wav,NC
test_0794.wav,C
test_0795.wav,NC
test_0796.wav,C
test_0797.wav,NC
test_0798.wav,NC
test_0799.wav,C
test_0800.wav,C
test_0801.wav,C
test_0802.wav,C
test_0803.wav,C
test_0804.wav,C
test_0805.wav,NC
test_0806.wav,C
test_0807.wav,NC
test_0808.wav,NC
test_0809.wav,NC
test_0810.wav,NC
test_0811.wav,NC
test_0812.wav,C
test_0813.wav,C
test_0814.wav,NC
test_0815.wav,C
test_0816.wav,C
test_0817.wav,C
test_0818.wav,NC
test_0819.wav,C
test_0820.wav,C
test_0821.wav,NC
test_0822.wav,NC
test_0823.wav,NC
test_0824.wav,C
test_0825.wav,NC
test_0826.wav,NC
test_0827.wav,C
test_0828.wav,C
test_0829.wav,NC
test_0830.wav,NC
test_0831.wav,NC
test_0832.wav,C
test_0833.wav,C
test_0834.wav,NC
test_0835.wav,NC
test_0836.wav,NC
test_0837.wav,NC
test_0838.wav,NC
test_0839.wav,C
test_0840.wav,NC
test_0841.wav,C
test_0842.wav,NC
test_0843.wav,NC
test_0844.wav,NC
test_0845.wav,C
test_0846.wav,NC
test_0847.wav,NC
test_0848.wav,C
test_0849.wav,NC
test_0850.wav,NC
test_0851.wav,NC
test_0852.wav,C
test_0853.wav,C
test_0854.wav,NC
test_0855.wav,NC
test_0856.wav,NC
test_0857.wav,NC
test_0858.wav,NC
test_0859.wav,NC
test_0860.wav,C
test_0861.wav,C
test_0862.wav,NC
test_0863.wav,NC
test_0864.wav,C
test_0865.wav,C
test_0866.wav,NC
test_0867.wav,C
test_0868.wav,NC
test_0869.wav,NC
test_0870.wav,NC
test_0871.wav,C
test_0872.wav,C
test_0873.wav,C
test_0874.wav,C
test_0875.wav,NC
test_0876.wav,C
test_0877.wav,C
test_0878.wav,NC
test_0879.wav,C
test_0880.wav,NC
test_0881.wav,NC
test_0882.wav,NC
test_0883.wav,NC
test_0884.wav,NC
test_0885.wav,C
test_0886.wav,C
test_0887.wav,NC
test_0888.wav,C
test_0889.wav,NC
test_0890.wav,NC
test_0891.wav,C
test_0892.wav,C
test_0893.wav,NC
test_0894.wav,NC
test_0895.wav,NC
test_0896.wav,NC
test_0897.wav,NC
test_0898.wav,NC
test_0899.wav,NC
test_0900.wav,NC
test_0901.wav,NC
test_0902.wav,NC
test_0903.wav,NC
test_0904.wav,C
test_0905.wav,NC
test_0906.wav,C
test_0907.wav,NC
test_0908.wav,NC
test_0909.wav,NC
test_0910.wav,C
test_0911.wav,NC
test_0912.wav,NC
test_0913.wav,C
test_0914.wav,C
test_0915.wav,NC
test_0916.wav,NC
test_0917.wav,C
test_0918.wav,C
test_0919.wav,C
test_0920.wav,C
test_0921.wav,C
test_0922.wav,NC
test_0923.wav,C
test_0924.wav,C
test_0925.wav,NC
test_0926.wav,NC
test_0927.wav,C
test_0928.wav,NC
test_0929.wav,C
test_0930.wav,NC
test_0931.wav,C
test_0932.wav,NC
test_0933.wav,C
test_0934.wav,C
test_0935.wav,C
test_0936.wav,NC
test_0937.wav,NC
test_0938.wav,NC
test_0939.wav,NC
test_0940.wav,C
test_0941.wav,NC
test_0942.wav,NC
test_0943.wav,NC
test_0944.wav,C
test_0945.wav,C
test_0946.wav,C
test_0947.wav,C
test_0948.wav,C
test_0949.wav,C
test_0950.wav,C
test_0951.wav,NC
test_0952.wav,C
test_0953.wav,NC
test_0954.wav,C
test_0955.wav,NC
test_0956.wav,NC
test_0957.wav,NC
test_0958.wav,NC
test_0959.wav,C
test_0960.wav,NC
test_0961.wav,NC
test_0962.wav,C
test_0963.wav,NC
test_0964.wav,C
test_0965.wav,NC
test_0966.wav,C
test_0967.wav,C
test_0968.wav,NC
test_0969.wav,C
test_0970.wav,NC
test_0971.wav,C
test_0972.wav,C
test_0973.wav,C
test_0974.wav,NC
test_0975.wav,NC
test_0976.wav,C
test_0977.wav,C
test_0978.wav,NC
test_0979.wav,NC
test_0980.wav,NC
test_0981.wav,C
test_0982.wav,C
test_0983.wav,NC
test_0984.wav,NC
test_0985.wav,NC
test_0986.wav,C
test_0987.wav,C
test_0988.wav,NC
test_0989.wav,NC
test_0990.wav,NC
test_0991.wav,NC
test_0992.wav,NC
test_0993.wav,NC
test_0994.wav,NC
test_0995.wav,NC
test_0996.wav,C
test_0997.wav,NC
test_0998.wav,NC
test_0999.wav,NC
test_1000.wav,NC
test_1001.wav,NC
test_1002.wav,NC
test_1003.wav,C
test_1004.wav,C
test_1005.wav,NC
test_1006.wav,NC
test_1007.wav,C
test_1008.wav,NC
test_1009.wav,NC
test_1010.wav,C
test_1011.wav,C
test_1012.wav,C
test_1013.wav,C
test_1014.wav,NC
test_1015.wav,NC
test_1016.wav,NC
test_1017.wav,NC
test_1018.wav,C
test_1019.wav,C
test_1020.wav,C
test_1021.wav,C
test_1022.wav,NC
test_1023.wav,NC
test_1024.wav,NC
test_1025.wav,NC
test_1026.wav,C
test_1027.wav,C
test_1028.wav,NC
test_1029.wav,NC
test_1030.wav,C
test_1031.wav,NC
test_1032.wav,NC
test_1033.wav,NC
test_1034.wav,NC
test_1035.wav,NC
test_1036.wav,C
test_1037.wav,C
test_1038.wav,NC
test_1039.wav,NC
test_1040.wav,C
test_1041.wav,C
test_1042.wav,C
test_1043.wav,C
test_1044.wav,NC
test_1045.wav,C
test_1046.wav,NC
test_1047.wav,NC
test_1048.wav,NC
test_1049.wav,C
test_1050.wav,C
test_1051.wav,C
test_1052.wav,C
test_1053.wav,C
test_1054.wav,NC
test_1055.wav,NC
test_1056.wav,C
test_1057.wav,NC
test_1058.wav,NC
test_1059.wav,NC
test_1060.wav,C
test_1061.wav,NC
test_1062.wav,NC
test_1063.wav,NC
test_1064.wav,NC
test_1065.wav,NC
test_1066.wav,NC
test_1067.wav,NC
test_1068.wav,NC
test_1069.wav,C
test_1070.wav,NC
test_1071.wav,C
test_1072.wav,C
test_1073.wav,NC
test_1074.wav,C
test_1075.wav,C
test_1076.wav,NC
test_1077.wav,NC
test_1078.wav,C
test_1079.wav,NC
test_1080.wav,NC
test_1081.wav,C
test_1082.wav,NC
test_1083.wav,C
test_1084.wav,NC
test_1085.wav,NC
test_1086.wav,NC
test_1087.wav,NC
test_1088.wav,C
test_1089.wav,C
test_1090.wav,NC
test_1091.wav,NC
test_1092.wav,NC
test_1093.wav,NC
test_1094.wav,C
test_1095.wav,NC
test_1096.wav,NC
test_1097.wav,C
test_1098.wav,NC
test_1099.wav,NC
test_1100.wav,C
test_1101.wav,NC
test_1102.wav,NC
test_1103.wav,NC
test_1104.wav,NC
test_1105.wav,NC
test_1106.wav,C
test_1107.wav,C
test_1108.wav,NC
test_1109.wav,NC
test_1110.wav,C
test_1111.wav,C
test_1112.wav,C
test_1113.wav,NC
test_1114.wav,C
test_1115.wav,C
test_1116.wav,NC
test_1117.wav,NC
test_1118.wav,NC
test_1119.wav,C
test_1120.wav,NC
test_1121.wav,C
test_1122.wav,NC
test_1123.wav,NC
test_1124.wav,NC
test_1125.wav,C
test_1126.wav,NC
test_1127.wav,C
test_1128.wav,NC
test_1129.wav,C
test_1130.wav,NC
test_1131.wav,NC
test_1132.wav,C
test_1133.wav,C
test_1134.wav,NC
test_1135.wav,NC
test_1136.wav,C
test_1137.wav,NC
test_1138.wav,C
test_1139.wav,NC
test_1140.wav,C
test_1141.wav,NC
test_1142.wav,C
test_1143.wav,NC
test_1144.wav,C
test_1145.wav,C
test_1146.wav,NC
test_1147.wav,C
test_1148.wav,NC
test_1149.wav,NC
test_1150.wav,NC
test_1151.wav,NC
test_1152.wav,NC
test_1153.wav,C
test_1154.wav,NC
test_1155.wav,NC
test_1156.wav,NC
test_1157.wav,NC
test_1158.wav,C
test_1159.wav,NC
test_1160.wav,C
test_1161.wav,NC
test_1162.wav,C
test_1163.wav,NC
test_1164.wav,C
test_1165.wav,NC
test_1166.wav,NC
test_1167.wav,NC
test_1168.wav,C
test_1169.wav,NC
test_1170.wav,C
test_1171.wav,NC
test_1172.wav,C
test_1173.wav,C
test_1174.wav,C
test_1175.wav,NC
test_1176.wav,C
test_1177.wav,NC
test_1178.wav,NC
test_1179.wav,C
test_1180.wav,C
test_1181.wav,NC
test_1182.wav,NC
test_1183.wav,C
test_1184.wav,C
test_1185.wav,C
test_1186.wav,C
test_1187.wav,NC
test_1188.wav,C
test_1189.wav,NC
test_1190.wav,NC
test_1191.wav,NC
test_1192.wav,C
test_1193.wav,NC
test_1194.wav,NC
test_1195.wav,NC
test_1196.wav,C
test_1197.wav,NC
test_1198.wav,NC
test_1199.wav,C
test_1200.wav,NC
test_1201.wav,NC
test_1202.wav,NC
test_1203.wav,NC
test_1204.wav,C
test_1205.wav,NC
test_1206.wav,C
test_1207.wav,NC
test_1208.wav,C
test_1209.wav,C
test_1210.wav,C
test_1211.wav,NC
test_1212.wav,NC
test_1213.wav,NC
test_1214.wav,C
test_1215.wav,NC
test_1216.wav,C
test_1217.wav,C
test_1218.wav,C
test_1219.wav,NC
test_1220.wav,C
test_1221.wav,C
test_1222.wav,C
test_1223.wav,NC
test_1224.wav,NC
test_1225.wav,NC
test_1226.wav,C
test_1227.wav,NC
test_1228.wav,NC
test_1229.wav,NC
test_1230.wav,C
test_1231.wav,NC
test_1232.wav,NC
test_1233.wav,C
test_1234.wav,NC
test_1235.wav,NC
test_1236.wav,C
test_1237.wav,NC
test_1238.wav,C
test_1239.wav,NC
test_1240.wav,C
test_1241.wav,C
test_1242.wav,NC
test_1243.wav,C
test_1244.wav,NC
test_1245.wav,NC
test_1246.wav,NC
test_1247.wav,NC
test_1248.wav,NC
test_1249.wav,NC
test_1250.wav,C
test_1251.wav,NC
test_1252.wav,C
test_1253.wav,NC
test_1254.wav,C
test_1255.wav,C
test_1256.wav,NC
test_1257.wav,C
test_1258.wav,NC
test_1259.wav,C
test_1260.wav,C
test_1261.wav,C
test_1262.wav,C
test_1263.wav,C
test_1264.wav,NC
test_1265.wav,NC
test_1266.wav,NC
test_1267.wav,NC
test_1268.wav,NC
test_1269.wav,C
test_1270.wav,NC
test_1271.wav,C
test_1272.wav,NC
test_1273.wav,C
test_1274.wav,NC
test_1275.wav,NC
test_1276.wav,C
test_1277.wav,NC
test_1278.wav,NC
test_1279.wav,NC
test_1280.wav,NC
test_1281.wav,C
test_1282.wav,C
test_1283.wav,C
test_1284.wav,NC
test_1285.wav,NC
test_1286.wav,NC
test_1287.wav,NC
test_1288.wav,NC
test_1289.wav,NC
test_1290.wav,NC
test_1291.wav,C
test_1292.wav,NC
test_1293.wav,NC
test_1294.wav,NC
test_1295.wav,NC
test_1296.wav,NC
test_1297.wav,NC
test_1298.wav,C
test_1299.wav,NC
test_1300.wav,NC
test_1301.wav,C
test_1302.wav,NC
test_1303.wav,NC
test_1304.wav,C
test_1305.wav,NC
test_1306.wav,NC
test_1307.wav,NC
test_1308.wav,NC
test_1309.wav,C
test_1310.wav,C
test_1311.wav,NC
test_1312.wav,NC
test_1313.wav,NC
test_1314.wav,NC
test_1315.wav,C
test_1316.wav,C
test_1317.wav,NC
test_1318.wav,NC
test_1319.wav,NC
test_1320.wav,NC
test_1321.wav,NC
test_1322.wav,C
test_1323.wav,NC
test_1324.wav,C
test_1325.wav,NC
test_1326.wav,C
test_1327.wav,NC
test_1328.wav,C
test_1329.wav,C
test_1330.wav,NC
test_1331.wav,C
test_1332.wav,NC
test_1333.wav,NC
test_1334.wav,C
test_1335.wav,C
test_1336.wav,C
test_1337.wav,NC
test_1338.wav,NC
test_1339.wav,C
test_1340.wav,C
test_1341.wav,NC
test_1342.wav,C
test_1343.wav,NC
test_1344.wav,NC
test_1345.wav,NC
test_1346.wav,NC
test_1347.wav,NC
test_1348.wav,NC
test_1349.wav,NC
test_1350.wav,NC
test_1351.wav,NC
test_1352.wav,C
test_1353.wav,C
test_1354.wav,NC
test_1355.wav,NC
test_1356.wav,C
test_1357.wav,NC
test_1358.wav,C
test_1359.wav,C
test_1360.wav,NC
test_1361.wav,NC
test_1362.wav,C
test_1363.wav,C
test_1364.wav,C
test_1365.wav,NC
test_1366.wav,C
test_1367.wav,C
test_1368.wav,C
test_1369.wav,NC
test_1370.wav,C
test_1371.wav,C
test_1372.wav,C
test_1373.wav,C
test_1374.wav,NC
test_1375.wav,C
test_1376.wav,NC
test_1377.wav,C
test_1378.wav,C
test_1379.wav,NC
test_1380.wav,C
test_1381.wav,C
test_1382.wav,NC
test_1383.wav,NC
test_1384.wav,NC
test_1385.wav,NC
test_1386.wav,NC
test_1387.wav,C
test_1388.wav,NC
test_1389.wav,C
test_1390.wav,C
test_1391.wav,NC
test_1392.wav,NC
test_1393.wav,NC
test_1394.wav,NC
test_1395.wav,NC
test_1396.wav,C
test_1397.wav,NC
test_1398.wav,C
test_1399.wav,NC
test_1400.wav,C
test_1401.wav,C
test_1402.wav,NC
test_1403.wav,NC
test_1404.wav,NC
test_1405.wav,C
test_1406.wav,C
test_1407.wav,C
test_1408.wav,C
test_1409.wav,NC
test_1410.wav,C
test_1411.wav,NC
test_1412.wav,NC
test_1413.wav,NC
test_1414.wav,NC
test_1415.wav,C
test_1416.wav,NC
test_1417.wav,C
test_1418.wav,C
test_1419.wav,C
test_1420.wav,NC
test_1421.wav,C
test_1422.wav,NC
test_1423.wav,C
test_1424.wav,C
test_1425.wav,NC
test_1426.wav,C
test_1427.wav,C
test_1428.wav,NC
test_1429.wav,NC
test_1430.wav,C
test_1431.wav,NC
test_1432.wav,NC
test_1433.wav,NC
test_1434.wav,C
test_1435.wav,NC
test_1436.wav,NC
test_1437.wav,NC
test_1438.wav,C
test_1439.wav,NC
test_1440.wav,NC
test_1441.wav,C
test_1442.wav,NC
test_1443.wav,NC
test_1444.wav,C
test_1445.wav,NC
test_1446.wav,NC
test_1447.wav,NC
test_1448.wav,C
test_1449.wav,NC
test_1450.wav,NC
test_1451.wav,NC
test_1452.wav,NC
test_1453.wav,NC
test_1454.wav,C
test_1455.wav,C
test_1456.wav,NC
test_1457.wav,C
test_1458.wav,NC
test_1459.wav,C
test_1460.wav,C
test_1461.wav,C
test_1462.wav,NC
test_1463.wav,NC
test_1464.wav,NC
test_1465.wav,C
test_1466.wav,NC
test_1467.wav,C
test_1468.wav,NC
test_1469.wav,NC
test_1470.wav,C
test_1471.wav,C
test_1472.wav,C
test_1473.wav,C
test_1474.wav,NC
test_1475.wav,NC
test_1476.wav,NC
test_1477.wav,C
test_1478.wav,NC
test_1479.wav,C
test_1480.wav,NC
test_1481.wav,NC
test_1482.wav,NC
test_1483.wav,NC
test_1484.wav,NC
test_1485.wav,C
test_1486.wav,C
test_1487.wav,NC
test_1488.wav,NC
test_1489.wav,NC
test_1490.wav,NC
test_1491.wav,C
test_1492.wav,C
test_1493.wav,NC
test_1494.wav,NC
test_1495.wav,NC
test_1496.wav,C
test_1497.wav,C
test_1498.wav,C
test_1499.wav,NC
test_1500.wav,C
test_1501.wav,C
test_1502.wav,NC
test_1503.wav,C
test_1504.wav,NC
test_1505.wav,C
test_1506.wav,NC
test_1507.wav,NC
test_1508.wav,NC
test_1509.wav,C
test_1510.wav,C
test_1511.wav,NC
test_1512.wav,NC
test_1513.wav,C
test_1514.wav,NC
test_1515.wav,NC
test_1516.wav,NC
test_1517.wav,NC
test_1518.wav,C
test_1519.wav,NC
test_1520.wav,NC
test_1521.wav,C
test_1522.wav,C
test_1523.wav,NC
test_1524.wav,C
test_1525.wav,C
test_1526.wav,NC
test_1527.wav,NC
test_1528.wav,C
test_1529.wav,C
test_1530.wav,C
test_1531.wav,NC
test_1532.wav,C
test_1533.wav,NC
test_1534.wav,NC
test_1535.wav,C
test_1536.wav,C
test_1537.wav,NC
test_1538.wav,C
test_1539.wav,C
test_1540.wav,NC
test_1541.wav,C
test_1542.wav,C
test_1543.wav,NC
test_1544.wav,NC
test_1545.wav,NC
test_1546.wav,NC
test_1547.wav,C
test_1548.wav,NC
test_1549.wav,C
test_1550.wav,C
test_1551.wav,C
test_1552.wav,NC
test_1553.wav,NC
test_1554.wav,NC
test_1555.wav,C
test_1556.wav,C
test_1557.wav,NC
test_1558.wav,NC
test_1559.wav,C
test_1560.wav,NC
test_1561.wav,C
test_1562.wav,C
test_1563.wav,NC
test_1564.wav,C
test_1565.wav,C
test_1566.wav,NC
test_1567.wav,NC
test_1568.wav,C
test_1569.wav,NC
test_1570.wav,C
test_1571.wav,NC
test_1572.wav,NC
test_1573.wav,NC
test_1574.wav,NC
test_1575.wav,NC
test_1576.wav,C
test_1577.wav,C
test_1578.wav,C
test_1579.wav,NC
test_1580.wav,C
test_1581.wav,NC
test_1582.wav,NC
test_1583.wav,C
test_1584.wav,NC
test_1585.wav,C
test_1586.wav,NC
test_1587.wav,C
test_1588.wav,NC
test_1589.wav,NC
test_1590.wav,C
test_1591.wav,C
test_1592.wav,NC
test_1593.wav,C
test_1594.wav,NC
test_1595.wav,C
test_1596.wav,NC
test_1597.wav,C
test_1598.wav,NC
test_1599.wav,NC
test_1600.wav,C
test_1601.wav,C
test_1602.wav,C
test_1603.wav,NC
test_1604.wav,C
test_1605.wav,NC
test_1606.wav,NC
test_1607.wav,NC
test_1608.wav,NC
test_1609.wav,C
test_1610.wav,NC
test_1611.wav,NC
test_1612.wav,NC
test_1613.wav,C
test_1614.wav,NC
test_1615.wav,NC
test_1616.wav,NC
test_1617.wav,C
test_1618.wav,NC
test_1619.wav,C
test_1620.wav,NC
test_1621.wav,C
test_1622.wav,C
test_1623.wav,NC
test_1624.wav,NC
test_1625.wav,NC
test_1626.wav,C
test_1627.wav,NC
test_1628.wav,NC
test_1629.wav,C
test_1630.wav,NC
test_1631.wav,NC
test_1632.wav,NC
test_1633.wav,C
test_1634.wav,NC
test_1635.wav,NC
test_1636.wav,C
test_1637.wav,C
test_1638.wav,C
test_1639.wav,NC
test_1640.wav,NC
test_1641.wav,C
test_1642.wav,NC
test_1643.wav,NC
test_1644.wav,NC
test_1645.wav,C
test_1646.wav,NC
test_1647.wav,NC
test_1648.wav,C
test_1649.wav,NC
test_1650.wav,C
test_1651.wav,NC
test_1652.wav,C
test_1653.wav,C
test_1654.wav,C
test_1655.wav,NC
test_1656.wav,NC
test_1657.wav,C
test_1658.wav,C
test_1659.wav,C
test_1660.wav,NC
test_1661.wav,NC
test_1662.wav,NC
test_1663.wav,C
test_1664.wav,C
test_1665.wav,C
test_1666.wav,NC
test_1667.wav,C
test_1668.wav,NC
test_1669.wav,NC
test_1670.wav,NC
test_1671.wav,NC
test_1672.wav,NC
test_1673.wav,NC
test_1674.wav,NC
test_1675.wav,NC
test_1676.wav,NC
test_1677.wav,NC
test_1678.wav,NC
test_1679.wav,C
test_1680.wav,NC
test_1681.wav,C
test_1682.wav,C
test_1683.wav,NC
test_1684.wav,C
test_1685.wav,NC
test_1686.wav,C
test_1687.wav,C
test_1688.wav,NC
test_1689.wav,NC
test_1690.wav,NC
test_1691.wav,NC
test_1692.wav,NC
test_1693.wav,NC
test_1694.wav,C
test_1695.wav,NC
test_1696.wav,C
test_1697.wav,NC
test_1698.wav,NC
test_1699.wav,C
test_1700.wav,NC
test_1701.wav,NC
test_1702.wav,C
test_1703.wav,C
test_1704.wav,C
test_1705.wav,NC
test_1706.wav,NC
test_1707.wav,NC
test_1708.wav,NC
test_1709.wav,NC
test_1710.wav,NC
test_1711.wav,NC
test_1712.wav,NC
test_1713.wav,NC
test_1714.wav,C
test_1715.wav,NC
test_1716.wav,C
test_1717.wav,NC
test_1718.wav,NC
test_1719.wav,NC
test_1720.wav,NC
test_1721.wav,C
test_1722.wav,NC
test_1723.wav,C
test_1724.wav,C
test_1725.wav,NC
test_1726.wav,NC
test_1727.wav,NC
test_1728.wav,C
test_1729.wav,C
test_1730.wav,NC
test_1731.wav,NC
test_1732.wav,C
test_1733.wav,NC
test_1734.wav,NC
test_1735.wav,NC
test_1736.wav,NC
test_1737.wav,NC
test_1738.wav,C
test_1739.wav,NC
test_1740.wav,C
test_1741.wav,NC
test_1742.wav,C
test_1743.wav,NC
test_1744.wav,C
test_1745.wav,NC
test_1746.wav,NC
test_1747.wav,C
test_1748.wav,C
test_1749.wav,C
test_1750.wav,NC
test_1751.wav,NC
test_1752.wav,NC
test_1753.wav,NC
test_1754.wav,C
test_1755.wav,C
test_1756.wav,C
test_1757.wav,C
test_1758.wav,C
test_1759.wav,NC
test_1760.wav,NC
test_1761.wav,NC
test_1762.wav,NC
test_1763.wav,C
test_1764.wav,NC
test_1765.wav,NC
test_1766.wav,C
test_1767.wav,C
test_1768.wav,NC
test_1769.wav,C
test_1770.wav,NC
test_1771.wav,NC
test_1772.wav,NC
test_1773.wav,C
test_1774.wav,C
test_1775.wav,C
test_1776.wav,C
test_1777.wav,NC
test_1778.wav,NC
test_1779.wav,C
test_1780.wav,C
test_1781.wav,C
test_1782.wav,NC
test_1783.wav,NC
test_1784.wav,NC
test_1785.wav,NC
test_1786.wav,C
test_1787.wav,C
test_1788.wav,NC
test_1789.wav,NC
test_1790.wav,NC
test_1791.wav,C
test_1792.wav,NC
test_1793.wav,NC
test_1794.wav,NC
test_1795.wav,C
test_1796.wav,NC
test_1797.wav,C
test_1798.wav,NC
test_1799.wav,C
test_1800.wav,NC
test_1801.wav,C
test_1802.wav,C
test_1803.wav,C
test_1804.wav,NC
test_1805.wav,C
test_1806.wav,NC
test_1807.wav,C
test_1808.wav,NC
test_1809.wav,C
test_1810.wav,NC
test_1811.wav,C
test_1812.wav,NC
test_1813.wav,C
test_1814.wav,NC
test_1815.wav,NC
test_1816.wav,C
test_1817.wav,NC
test_1818.wav,NC
test_1819.wav,C
test_1820.wav,C
test_1821.wav,NC
test_1822.wav,C
test_1823.wav,C
test_1824.wav,NC
test_1825.wav,NC
test_1826.wav,C
test_1827.wav,NC
test_1828.wav,NC
test_1829.wav,C
test_1830.wav,NC
test_1831.wav,NC
test_1832.wav,NC
test_1833.wav,NC
test_1834.wav,C
test_1835.wav,C
test_1836.wav,NC
test_1837.wav,C
test_1838.wav,C
test_1839.wav,NC
test_1840.wav,C
test_1841.wav,C
test_1842.wav,NC
test_1843.wav,NC
test_1844.wav,NC
test_1845.wav,NC
test_1846.wav,NC
test_1847.wav,C
test_1848.wav,C
test_1849.wav,NC
test_1850.wav,NC
test_1851.wav,C
test_1852.wav,NC
test_1853.wav,NC
test_1854.wav,C
test_1855.wav,NC
test_1856.wav,C
test_1857.wav,C
test_1858.wav,C
test_1859.wav,C
test_1860.wav,C
test_1861.wav,NC
test_1862.wav,C
test_1863.wav,NC
test_1864.wav,C
test_1865.wav,C
test_1866.wav,C
test_1867.wav,C
test_1868.wav,NC
test_1869.wav,C
test_1870.wav,C
test_1871.wav,NC
test_1872.wav,C
test_1873.wav,NC
test_1874.wav,NC
test_1875.wav,NC
test_1876.wav,NC
test_1877.wav,NC
test_1878.wav,C
test_1879.wav,C
test_1880.wav,NC
test_1881.wav,NC
test_1882.wav,NC
test_1883.wav,NC
test_1884.wav,C
test_1885.wav,NC
test_1886.wav,NC
test_1887.wav,NC
test_1888.wav,NC
test_1889.wav,NC
test_1890.wav,NC
test_1891.wav,C
test_1892.wav,C
test_1893.wav,NC
test_1894.wav,C
test_1895.wav,C
test_1896.wav,C
test_1897.wav,C
test_1898.wav,NC
test_1899.wav,NC
test_1900.wav,NC
test_1901.wav,C
test_1902.wav,C
test_1903.wav,C
test_1904.wav,NC
test_1905.wav,C
test_1906.wav,NC
test_1907.wav,NC
test_1908.wav,NC
test_1909.wav,C
test_1910.wav,NC
test_1911.wav,C
test_1912.wav,C
test_1913.wav,C
test_1914.wav,C
test_1915.wav,NC
test_1916.wav,C
test_1917.wav,C
test_1918.wav,C
test_1919.wav,NC
test_1920.wav,NC
test_1921.wav,C
test_1922.wav,C
test_1923.wav,NC
test_1924.wav,C
test_1925.wav,C
test_1926.wav,NC
test_1927.wav,NC
test_1928.wav,NC
test_1929.wav,NC
test_1930.wav,NC
test_1931.wav,NC
test_1932.wav,NC
test_1933.wav,NC
test_1934.wav,NC
test_1935.wav,C
test_1936.wav,C
test_1937.wav,NC
test_1938.wav,NC
test_1939.wav,C
test_1940.wav,C
test_1941.wav,NC
test_1942.wav,NC
test_1943.wav,NC
test_1944.wav,NC
test_1945.wav,C
test_1946.wav,C
test_1947.wav,NC
test_1948.wav,NC
test_1949.wav,NC
test_1950.wav,NC
test_1951.wav,C
test_1952.wav,NC
test_1953.wav,C
test_1954.wav,C
test_1955.wav,NC
test_1956.wav,C
test_1957.wav,C
test_1958.wav,C
test_1959.wav,C
test_1960.wav,NC
test_1961.wav,C
test_1962.wav,C
test_1963.wav,NC
test_1964.wav,C
test_1965.wav,NC
test_1966.wav,C
test_1967.wav,C
test_1968.wav,NC
test_1969.wav,NC
test_1970.wav,NC
test_1971.wav,C
test_1972.wav,NC
test_1973.wav,NC
test_1974.wav,C
test_1975.wav,NC
test_1976.wav,C
test_1977.wav,C
test_1978.wav,NC
test_1979.wav,C
test_1980.wav,C
test_1981.wav,NC
test_1982.wav,NC
test_1983.wav,NC
test_1984.wav,C
test_1985.wav,C
test_1986.wav,C
test_1987.wav,C
test_1988.wav,NC
test_1989.wav,NC
test_1990.wav,C
test_1991.wav,NC
test_1992.wav,NC
test_1993.wav,C
test_1994.wav,C
test_1995.wav,C
test_1996.wav,C
test_1997.wav,NC
test_1998.wav,NC
test_1999.wav,NC
test_2000.wav,NC
test_2001.wav,C
test_2002.wav,C
test_2003.wav,NC
test_2004.wav,C
test_2005.wav,C
test_2006.wav,NC
test_2007.wav,NC
test_2008.wav,NC
test_2009.wav,NC
test_2010.wav,NC
test_2011.wav,C
test_2012.wav,NC
test_2013.wav,NC
test_2014.wav,NC
test_2015.wav,C
test_2016.wav,NC
test_2017.wav,NC
test_2018.wav,C
test_2019.wav,NC
test_2020.wav,C
test_2021.wav,NC
test_2022.wav,C
test_2023.wav,NC
test_2024.wav,C
test_2025.wav,NC
test_2026.wav,C
test_2027.wav,C
test_2028.wav,NC
test_2029.wav,C
test_2030.wav,NC
test_2031.wav,NC
test_2032.wav,NC
test_2033.wav,NC
test_2034.wav,C
test_2035.wav,C
test_2036.wav,C
test_2037.wav,NC
test_2038.wav,C
test_2039.wav,C
test_2040.wav,NC
test_2041.wav,NC
test_2042.wav,NC
test_2043.wav,C
test_2044.wav,NC
test_2045.wav,NC
test_2046.wav,NC
test_2047.wav,C
test_2048.wav,C
test_2049.wav,NC
test_2050.wav,NC
test_2051.wav,NC
test_2052.wav,NC
test_2053.wav,NC
test_2054.wav,C
test_2055.wav,NC
test_2056.wav,NC
test_2057.wav,NC
test_2058.wav,C
test_2059.wav,C
test_2060.wav,NC
test_2061.wav,NC
test_2062.wav,C
test_2063.wav,C
test_2064.wav,NC
test_2065.wav,NC
test_2066.wav,NC
test_2067.wav,NC
test_2068.wav,C
test_2069.wav,NC
test_2070.wav,C
test_2071.wav,NC
test_2072.wav,NC
test_2073.wav,NC
test_2074.wav,NC
test_2075.wav,C
test_2076.wav,C
test_2077.wav,C
test_2078.wav,NC
test_2079.wav,C
test_2080.wav,C
test_2081.wav,C
test_2082.wav,C
test_2083.wav,NC
test_2084.wav,NC
test_2085.wav,C
test_2086.wav,NC
test_2087.wav,NC
test_2088.wav,C
test_2089.wav,NC
test_2090.wav,C
test_2091.wav,NC
test_2092.wav,NC
test_2093.wav,C
test_2094.wav,C
test_2095.wav,NC
test_2096.wav,NC
test_2097.wav,C
test_2098.wav,NC
test_2099.wav,NC
test_2100.wav,NC
test_2101.wav,C
test_2102.wav,C
test_2103.wav,NC
test_2104.wav,C
test_2105.wav,C
test_2106.wav,NC
test_2107.wav,C
test_2108.wav,NC
test_2109.wav,C
test_2110.wav,NC
test_2111.wav,NC
test_2112.wav,NC
test_2113.wav,NC
test_2114.wav,NC
test_2115.wav,NC
test_2116.wav,C
test_2117.wav,C
test_2118.wav,C
test_2119.wav,NC
test_2120.wav,C
test_2121.wav,C
test_2122.wav,C
test_2123.wav,C
test_2124.wav,NC
test_2125.wav,NC
test_2126.wav,NC
test_2127.wav,C
test_2128.wav,NC
test_2129.wav,C
test_2130.wav,C
test_2131.wav,NC
test_2132.wav,NC
test_2133.wav,C
test_2134.wav,NC
test_2135.wav,C
test_2136.wav,C
test_2137.wav,NC
test_2138.wav,C
test_2139.wav,NC
test_2140.wav,C
test_2141.wav,NC
test_2142.wav,NC
test_2143.wav,NC
test_2144.wav,C
test_2145.wav,NC
test_2146.wav,NC
test_2147.wav,NC
test_2148.wav,NC
test_2149.wav,C
test_2150.wav,C
test_2151.wav,C
test_2152.wav,NC
test_2153.wav,C
test_2154.wav,NC
test_2155.wav,NC
test_2156.wav,NC
test_2157.wav,NC
test_2158.wav,NC
test_2159.wav,C
test_2160.wav,NC
test_2161.wav,NC
test_2162.wav,C
test_2163.wav,C
test_2164.wav,NC
test_2165.wav,C
test_2166.wav,NC
test_2167.wav,NC
test_2168.wav,NC
test_2169.wav,NC
test_2170.wav,C
test_2171.wav,C
test_2172.wav,C
test_2173.wav,NC
test_2174.wav,C
test_2175.wav,NC
test_2176.wav,C
test_2177.wav,C
test_2178.wav,C
test_2179.wav,C
test_2180.wav,NC
test_2181.wav,C
test_2182.wav,NC
test_2183.wav,C
test_2184.wav,C
test_2185.wav,NC
test_2186.wav,NC
test_2187.wav,NC
test_2188.wav,NC
test_2189.wav,NC
test_2190.wav,NC
test_2191.wav,NC
test_2192.wav,NC
test_2193.wav,NC
test_2194.wav,C
test_2195.wav,NC
test_2196.wav,NC
test_2197.wav,NC
test_2198.wav,C
test_2199.wav,C
test_2200.wav,C
test_2201.wav,NC
test_2202.wav,NC
test_2203.wav,C
test_2204.wav,NC
test_2205.wav,NC
test_2206.wav,C
test_2207.wav,NC
test_2208.wav,C
test_2209.wav,NC
test_2210.wav,C
test_2211.wav,NC
test_2212.wav,C
test_2213.wav,C
test_2214.wav,C
test_2215.wav,C
test_2216.wav,C
test_2217.wav,NC
test_2218.wav,C
test_2219.wav,NC
test_2220.wav,C
test_2221.wav,NC
test_2222.wav,NC
test_2223.wav,NC
test_2224.wav,NC
test_2225.wav,C
test_2226.wav,NC
test_2227.wav,NC
test_2228.wav,NC
test_2229.wav,C
test_2230.wav,NC
test_2231.wav,NC
test_2232.wav,NC
test_2233.wav,NC
test_2234.wav,C
test_2235.wav,C
test_2236.wav,C
test_2237.wav,NC
test_2238.wav,NC
test_2239.wav,C
test_2240.wav,C
test_2241.wav,NC
test_2242.wav,C
test_2243.wav,NC
test_2244.wav,C
test_2245.wav,NC
test_2246.wav,C
test_2247.wav,C
test_2248.wav,NC
test_2249.wav,C
test_2250.wav,NC
test_2251.wav,NC
test_2252.wav,NC
test_2253.wav,NC
test_2254.wav,C
test_2255.wav,C
test_2256.wav,C
test_2257.wav,NC
test_2258.wav,NC
test_2259.wav,NC
test_2260.wav,NC
test_2261.wav,C
test_2262.wav,NC
test_2263.wav,C
test_2264.wav,C
test_2265.wav,NC
test_2266.wav,NC
test_2267.wav,NC
test_2268.wav,NC
test_2269.wav,C
test_2270.wav,C
test_2271.wav,C
test_2272.wav,NC
test_2273.wav,C
test_2274.wav,NC
test_2275.wav,NC
test_2276.wav,C
test_2277.wav,C
test_2278.wav,NC
test_2279.wav,NC
test_2280.wav,C
test_2281.wav,C
test_2282.wav,NC
test_2283.wav,C
test_2284.wav,NC
test_2285.wav,C
test_2286.wav,NC
test_2287.wav,NC
test_2288.wav,NC
test_2289.wav,NC
test_2290.wav,C
test_2291.wav,NC
test_2292.wav,C
test_2293.wav,C
test_2294.wav,NC
test_2295.wav,C
test_2296.wav,C
test_2297.wav,C
test_2298.wav,C
test_2299.wav,NC
test_2300.wav,NC
test_2301.wav,NC
test_2302.wav,C
test_2303.wav,NC
test_2304.wav,C
test_2305.wav,NC
test_2306.wav,C
test_2307.wav,NC
test_2308.wav,NC
test_2309.wav,NC
test_2310.wav,NC
test_2311.wav,NC
test_2312.wav,C
test_2313.wav,C
test_2314.wav,C
test_2315.wav,NC
test_2316.wav,NC
test_2317.wav,NC
test_2318.wav,C
test_2319.wav,NC
test_2320.wav,C
test_2321.wav,C
test_2322.wav,C
test_2323.wav,NC
test_2324.wav,C
test_2325.wav,C
test_2326.wav,C
test_2327.wav,C
test_2328.wav,C
test_2329.wav,NC
test_2330.wav,NC
test_2331.wav,C
test_2332.wav,C
test_2333.wav,NC
test_2334.wav,NC
test_2335.wav,C
test_2336.wav,C
test_2337.wav,NC
test_2338.wav,C
test_2339.wav,NC
test_2340.wav,NC
test_2341.wav,NC
test_2342.wav,NC
test_2343.wav,NC
test_2344.wav,NC
test_2345.wav,C
test_2346.wav,NC
test_2347.wav,C
test_2348.wav,NC
test_2349.wav,NC
test_2350.wav,C
test_2351.wav,C
test_2352.wav,NC
test_2353.wav,NC
test_2354.wav,NC
test_2355.wav,NC
test_2356.wav,NC
test_2357.wav,NC
test_2358.wav,C
test_2359.wav,C
test_2360.wav,C
test_2361.wav,C
test_2362.wav,NC
test_2363.wav,NC
test_2364.wav,NC
test_2365.wav,NC
test_2366.wav,C
test_2367.wav,NC
test_2368.wav,C
test_2369.wav,NC
test_2370.wav,C
test_2371.wav,C
test_2372.wav,NC
test_2373.wav,NC
test_2374.wav,NC
test_2375.wav,NC
test_2376.wav,NC
test_2377.wav,C
test_2378.wav,NC
test_2379.wav,NC
test_2380.wav,C
test_2381.wav,NC
test_2382.wav,NC
test_2383.wav,NC
test_2384.wav,NC
test_2385.wav,NC
test_2386.wav,NC
test_2387.wav,NC
test_2388.wav,C
test_2389.wav,C
test_2390.wav,NC
test_2391.wav,NC
test_2392.wav,C
test_2393.wav,C
test_2394.wav,C
test_2395.wav,C
test_2396.wav,NC
test_2397.wav,NC
test_2398.wav,C
test_2399.wav,NC
test_2400.wav,NC
test_2401.wav,NC
test_2402.wav,NC
test_2403.wav,NC
test_2404.wav,C
test_2405.wav,NC
test_2406.wav,C
test_2407.wav,C
test_2408.wav,NC
test_2409.wav,NC
test_2410.wav,C
test_2411.wav,NC
test_2412.wav,C
test_2413.wav,NC
test_2414.wav,NC
test_2415.wav,NC
test_2416.wav,C
test_2417.wav,NC
test_2418.wav,NC
test_2419.wav,NC
test_2420.wav,C
test_2421.wav,NC
test_2422.wav,C
test_2423.wav,NC
test_2424.wav,NC
test_2425.wav,NC
test_2426.wav,NC
test_2427.wav,C
test_2428.wav,NC
test_2429.wav,C
test_2430.wav,NC
test_2431.wav,NC
test_2432.wav,C
test_2433.wav,C
test_2434.wav,C
test_2435.wav,C
test_2436.wav,C
test_2437.wav,NC
test_2438.wav,C
test_2439.wav,NC
test_2440.wav,C
test_2441.wav,NC
test_2442.wav,C
test_2443.wav,NC
test_2444.wav,NC
test_2445.wav,C
test_2446.wav,NC
test_2447.wav,NC
test_2448.wav,NC
test_2449.wav,NC
test_2450.wav,C
test_2451.wav,NC
test_2452.wav,C
test_2453.wav,NC
test_2454.wav,NC
test_2455.wav,NC
test_2456.wav,NC
test_2457.wav,C
test_2458.wav,NC
test_2459.wav,NC
test_2460.wav,NC
test_2461.wav,NC
test_2462.wav,C
test_2463.wav,C
test_2464.wav,NC
test_2465.wav,NC
test_2466.wav,NC
test_2467.wav,C
test_2468.wav,C
test_2469.wav,C
test_2470.wav,C
test_2471.wav,C
test_2472.wav,NC
test_2473.wav,NC
test_2474.wav,C
test_2475.wav,C
test_2476.wav,C
test_2477.wav,C
test_2478.wav,NC
test_2479.wav,C
test_2480.wav,NC
test_2481.wav,NC
test_2482.wav,C
test_2483.wav,C
test_2484.wav,NC
test_2485.wav,C
test_2486.wav,C
test_2487.wav,NC
test_2488.wav,C
test_2489.wav,C
test_2490.wav,NC
test_2491.wav,NC
test_2492.wav,NC
test_2493.wav,NC
test_2494.wav,C
test_2495.wav,C
test_2496.wav,NC
test_2497.wav,NC
test_2498.wav,C
test_2499.wav,NC
test_2500.wav,C
test_2501.wav,NC
test_2502.wav,NC
test_2503.wav,C
test_2504.wav,C
test_2505.wav,NC
test_2506.wav,C
test_2507.wav,C
test_2508.wav,NC
test_2509.wav,C
test_2510.wav,C
test_2511.wav,C
test_2512.wav,NC
test_2513.wav,NC
test_2514.wav,C
test_2515.wav,C
test_2516.wav,C
test_2517.wav,NC
test_2518.wav,NC
test_2519.wav,NC
test_2520.wav,C
test_2521.wav,NC
test_2522.wav,NC
test_2523.wav,C
test_2524.wav,NC
test_2525.wav,C
test_2526.wav,C
test_2527.wav,C
test_2528.wav,NC
test_2529.wav,NC
test_2530.wav,NC
test_2531.wav,NC
test_2532.wav,NC
test_2533.wav,NC
test_2534.wav,NC
test_2535.wav,C
test_2536.wav,NC
test_2537.wav,C
test_2538.wav,C
test_2539.wav,NC
test_2540.wav,C
test_2541.wav,C
test_2542.wav,C
test_2543.wav,NC
test_2544.wav,C
test_2545.wav,C
test_2546.wav,NC
test_2547.wav,C
test_2548.wav,C
test_2549.wav,NC
test_2550.wav,C
test_2551.wav,C
test_2552.wav,NC
test_2553.wav,NC
test_2554.wav,NC
test_2555.wav,NC
test_2556.wav,NC
test_2557.wav,C
test_2558.wav,C
test_2559.wav,C
test_2560.wav,NC
test_2561.wav,C
test_2562.wav,C
test_2563.wav,NC
test_2564.wav,NC
test_2565.wav,C
test_2566.wav,C
test_2567.wav,NC
test_2568.wav,C
test_2569.wav,NC
test_2570.wav,NC
test_2571.wav,NC
test_2572.wav,C
test_2573.wav,NC
test_2574.wav,NC
test_2575.wav,NC
test_2576.wav,NC
test_2577.wav,NC
test_2578.wav,NC
test_2579.wav,NC
test_2580.wav,C
test_2581.wav,NC
test_2582.wav,C
test_2583.wav,NC
test_2584.wav,C
test_2585.wav,NC
test_2586.wav,NC
test_2587.wav,NC
test_2588.wav,C
test_2589.wav,NC
test_2590.wav,NC
test_2591.wav,C
test_2592.wav,NC
test_2593.wav,NC
test_2594.wav,C
test_2595.wav,NC
test_2596.wav,C
test_2597.wav,NC
test_2598.wav,NC
test_2599.wav,NC
test_2600.wav,NC
test_2601.wav,NC
test_2602.wav,C
test_2603.wav,C
test_2604.wav,NC
test_2605.wav,C
test_2606.wav,NC
test_2607.wav,C
test_2608.wav,C
test_2609.wav,NC
test_2610.wav,NC
test_2611.wav,NC
test_2612.wav,NC
test_2613.wav,NC
test_2614.wav,C
test_2615.wav,NC
test_2616.wav,C
test_2617.wav,NC
test_2618.wav,C
test_2619.wav,NC
test_2620.wav,C
test_2621.wav,C
test_2622.wav,NC
test_2623.wav,NC
test_2624.wav,NC
test_2625.wav,C
test_2626.wav,C
test_2627.wav,NC
test_2628.wav,C
test_2629.wav,C
test_2630.wav,NC
test_2631.wav,NC
test_2632.wav,C
test_2633.wav,C
test_2634.wav,NC
test_2635.wav,C
test_2636.wav,NC
test_2637.wav,C
test_2638.wav,NC
test_2639.wav,NC
test_2640.wav,NC
test_2641.wav,C
test_2642.wav,NC
test_2643.wav,C
test_2644.wav,C
test_2645.wav,C
test_2646.wav,NC
test_2647.wav,NC
test_2648.wav,NC
test_2649.wav,C
test_2650.wav,NC
test_2651.wav,NC
test_2652.wav,NC
test_2653.wav,C
test_2654.wav,C
test_2655.wav,NC
test_2656.wav,NC
test_2657.wav,NC
test_2658.wav,NC
test_2659.wav,C
test_2660.wav,C
test_2661.wav,C
test_2662.wav,NC
test_2663.wav,C
test_2664.wav,NC
test_2665.wav,NC
test_2666.wav,NC
test_2667.wav,NC
test_2668.wav,NC
test_2669.wav,NC
test_2670.wav,NC
test_2671.wav,NC
test_2672.wav,NC
test_2673.wav,C
test_2674.wav,C
test_2675.wav,C
test_2676.wav,NC
test_2677.wav,C
test_2678.wav,C
test_2679.wav,C
test_2680.wav,C
test_2681.wav,NC
test_2682.wav,C
test_2683.wav,C
test_2684.wav,NC
test_2685.wav,C
test_2686.wav,C
test_2687.wav,C
test_2688.wav,C
test_2689.wav,NC
test_2690.wav,NC
test_2691.wav,NC
test_2692.wav,NC
test_2693.wav,NC
test_2694.wav,NC
test_2695.wav,C
test_2696.wav,C
test_2697.wav,NC
test_2698.wav,NC
test_2699.wav,C
test_2700.wav,C
test_2701.wav,C
test_2702.wav,C
test_2703.wav,C
test_2704.wav,NC
test_2705.wav,C
test_2706.wav,NC
test_2707.wav,NC
test_2708.wav,NC
test_2709.wav,C
test_2710.wav,C
test_2711.wav,C
test_2712.wav,NC
test_2713.wav,NC
test_2714.wav,C
test_2715.wav,C
test_2716.wav,NC
test_2717.wav,NC
test_2718.wav,NC
test_2719.wav,NC
test_2720.wav,C
test_2721.wav,NC
test_2722.wav,NC
test_2723.wav,C
test_2724.wav,NC
test_2725.wav,C
test_2726.wav,C
test_2727.wav,NC
test_2728.wav,NC
test_2729.wav,NC
test_2730.wav,C
test_2731.wav,NC
test_2732.wav,C
test_2733.wav,NC
test_2734.wav,C
test_2735.wav,C
test_2736.wav,C
test_2737.wav,NC
test_2738.wav,NC
test_2739.wav,NC
test_2740.wav,C
test_2741.wav,C
test_2742.wav,C
test_2743.wav,C
test_2744.wav,NC
test_2745.wav,C
test_2746.wav,NC
test_2747.wav,NC
test_2748.wav,C
test_2749.wav,C
test_2750.wav,NC
test_2751.wav,C
test_2752.wav,C
test_2753.wav,C
test_2754.wav,NC
test_2755.wav,C
test_2756.wav,C
test_2757.wav,NC
test_2758.wav,C
test_2759.wav,C
test_2760.wav,C
test_2761.wav,NC
test_2762.wav,NC
test_2763.wav,NC
test_2764.wav,C
test_2765.wav,NC
test_2766.wav,NC
test_2767.wav,NC
test_2768.wav,C
test_2769.wav,NC
test_2770.wav,NC
test_2771.wav,C
test_2772.wav,NC
test_2773.wav,NC
test_2774.wav,NC
test_2775.wav,C
test_2776.wav,NC
test_2777.wav,NC
test_2778.wav,C
test_2779.wav,NC
test_2780.wav,NC
test_2781.wav,NC
test_2782.wav,NC
test_2783.wav,NC
test_2784.wav,NC
test_2785.wav,NC
test_2786.wav,NC
test_2787.wav,C
test_2788.wav,NC
test_2789.wav,NC
test_2790.wav,C
test_2791.wav,NC
test_2792.wav,NC
test_2793.wav,C
test_2794.wav,NC
test_2795.wav,C
test_2796.wav,NC
test_2797.wav,C
test_2798.wav,NC
test_2799.wav,NC
test_2800.wav,C
test_2801.wav,NC
test_2802.wav,C
test_2803.wav,NC
test_2804.wav,C
test_2805.wav,NC
test_2806.wav,C
test_2807.wav,NC
test_2808.wav,C
test_2809.wav,NC
test_2810.wav,NC
test_2811.wav,NC
test_2812.wav,NC
test_2813.wav,NC
test_2814.wav,NC
test_2815.wav,NC
test_2816.wav,C
test_2817.wav,C
test_2818.wav,C
test_2819.wav,C
test_2820.wav,NC
test_2821.wav,NC
test_2822.wav,NC
test_2823.wav,C
test_2824.wav,NC
test_2825.wav,NC
test_2826.wav,C
test_2827.wav,C
test_2828.wav,C
test_2829.wav,NC
test_2830.wav,NC
test_2831.wav,NC
test_2832.wav,NC
test_2833.wav,NC
test_2834.wav,C
test_2835.wav,NC
test_2836.wav,C
test_2837.wav,C
test_2838.wav,NC
test_2839.wav,C
test_2840.wav,C
test_2841.wav,NC
test_2842.wav,C
test_2843.wav,C
test_2844.wav,C
test_2845.wav,NC
test_2846.wav,NC
test_2847.wav,C
test_2848.wav,NC
test_2849.wav,NC
test_2850.wav,C
test_2851.wav,C
test_2852.wav,C
test_2853.wav,NC
test_2854.wav,NC
test_2855.wav,NC
test_2856.wav,NC
test_2857.wav,NC
test_2858.wav,NC
test_2859.wav,C
test_2860.wav,NC
test_2861.wav,NC
test_2862.wav,C
test_2863.wav,C
test_2864.wav,NC
test_2865.wav,C
test_2866.wav,NC
test_2867.wav,NC
test_2868.wav,NC
test_2869.wav,C
test_2870.wav,C
test_2871.wav,NC
test_2872.wav,NC
test_2873.wav,C
test_2874.wav,NC
test_2875.wav,NC
test_2876.wav,C
test_2877.wav,NC
test_2878.wav,NC
test_2879.wav,NC
test_2880.wav,C
test_2881.wav,C
test_2882.wav,C
test_2883.wav,C
test_2884.wav,NC
test_2885.wav,NC
test_2886.wav,C
test_2887.wav,NC
test_2888.wav,NC
test_2889.wav,NC
test_2890.wav,C
test_2891.wav,C
test_2892.wav,NC
test_2893.wav,NC
test_2894.wav,C
test_2895.wav,NC
test_2896.wav,NC
test_2897.wav,C
test_2898.wav,NC
test_2899.wav,C
test_2900.wav,NC
test_2901.wav,NC
test_2902.wav,NC
test_2903.wav,NC
test_2904.wav,NC
test_2905.wav,NC
test_2906.wav,C
test_2907.wav,C
test_2908.wav,NC
test_2909.wav,NC
test_2910.wav,C
test_2911.wav,C
test_2912.wav,NC
test_2913.wav,C
test_2914.wav,C
test_2915.wav,C
test_2916.wav,C
test_2917.wav,NC
test_2918.wav,NC
test_2919.wav,C
test_2920.wav,C
test_2921.wav,NC
test_2922.wav,NC
test_2923.wav,C
test_2924.wav,NC
test_2925.wav,NC
test_2926.wav,C
test_2927.wav,C
test_2928.wav,NC
test_2929.wav,C
test_2930.wav,NC
test_2931.wav,NC
test_2932.wav,C
test_2933.wav,NC
test_2934.wav,NC
test_2935.wav,NC
test_2936.wav,C
test_2937.wav,NC
test_2938.wav,C
test_2939.wav,NC
test_2940.wav,NC
test_2941.wav,C
test_2942.wav,NC
test_2943.wav,NC
test_2944.wav,NC
test_2945.wav,C
test_2946.wav,NC
test_2947.wav,C
test_2948.wav,NC
test_2949.wav,NC
test_2950.wav,C
test_2951.wav,C
test_2952.wav,NC
test_2953.wav,NC
test_2954.wav,NC
test_2955.wav,C
test_2956.wav,NC
test_2957.wav,C
test_2958.wav,C
test_2959.wav,C
test_2960.wav,C
test_2961.wav,NC
test_2962.wav,NC
test_2963.wav,NC
test_2964.wav,C
test_2965.wav,C
test_2966.wav,NC
test_2967.wav,C
test_2968.wav,C
test_2969.wav,C
test_2970.wav,C
test_2971.wav,NC
test_2972.wav,NC
test_2973.wav,NC
test_2974.wav,NC
test_2975.wav,C
test_2976.wav,NC
test_2977.wav,C
test_2978.wav,NC
test_2979.wav,C
test_2980.wav,NC
test_2981.wav,NC
test_2982.wav,NC
test_2983.wav,C
test_2984.wav,NC
test_2985.wav,C
test_2986.wav,C
test_2987.wav,NC
test_2988.wav,C
test_2989.wav,NC
test_2990.wav,C
test_2991.wav,C
test_2992.wav,NC
test_2993.wav,NC
test_2994.wav,C
test_2995.wav,C
test_2996.wav,C
test_2997.wav,C
test_2998.wav,NC
test_2999.wav,C
test_3000.wav,C
test_3001.wav,NC
test_3002.wav,NC
test_3003.wav,C
test_3004.wav,NC
test_3005.wav,NC
test_3006.wav,NC
test_3007.wav,NC
test_3008.wav,C
test_3009.wav,NC
test_3010.wav,NC
test_3011.wav,NC
test_3012.wav,NC
test_3013.wav,NC
test_3014.wav,C
test_3015.wav,C
test_3016.wav,NC
test_3017.wav,NC
test_3018.wav,NC
test_3019.wav,NC
test_3020.wav,C
test_3021.wav,NC
test_3022.wav,NC
test_3023.wav,C
test_3024.wav,C
test_3025.wav,NC
test_3026.wav,NC
test_3027.wav,C
test_3028.wav,NC
test_3029.wav,C
test_3030.wav,C
test_3031.wav,NC
test_3032.wav,C
test_3033.wav,C
test_3034.wav,NC
test_3035.wav,NC
test_3036.wav,NC
test_3037.wav,C
test_3038.wav,C
test_3039.wav,C
test_3040.wav,NC
test_3041.wav,C
test_3042.wav,C
test_3043.wav,NC
test_3044.wav,C
test_3045.wav,NC
test_3046.wav,NC
test_3047.wav,NC
test_3048.wav,NC
test_3049.wav,NC
test_3050.wav,C
test_3051.wav,NC
test_3052.wav,C
test_3053.wav,C
test_3054.wav,C
test_3055.wav,NC
test_3056.wav,NC
test_3057.wav,C
test_3058.wav,C
test_3059.wav,NC
test_3060.wav,C
test_3061.wav,NC
test_3062.wav,C
test_3063.wav,NC
test_3064.wav,C
test_3065.wav,NC
test_3066.wav,NC
test_3067.wav,NC
test_3068.wav,NC
test_3069.wav,C
test_3070.wav,NC
test_3071.wav,C
test_3072.wav,NC
test_3073.wav,C
test_3074.wav,NC
test_3075.wav,NC
test_3076.wav,C
test_3077.wav,NC
test_3078.wav,NC
test_3079.wav,NC
test_3080.wav,NC
test_3081.wav,C
test_3082.wav,C
test_3083.wav,NC
test_3084.wav,NC
test_3085.wav,NC
test_3086.wav,NC
test_3087.wav,C
test_3088.wav,NC
test_3089.wav,NC
test_3090.wav,NC
test_3091.wav,C
test_3092.wav,C
test_3093.wav,NC
test_3094.wav,NC
test_3095.wav,NC
test_3096.wav,C
test_3097.wav,NC
test_3098.wav,NC
test_3099.wav,C
test_3100.wav,C
test_3101.wav,NC
test_3102.wav,C
test_3103.wav,NC
test_3104.wav,NC
test_3105.wav,NC
test_3106.wav,NC
test_3107.wav,NC
test_3108.wav,NC
test_3109.wav,NC
test_3110.wav,NC
test_3111.wav,C
test_3112.wav,NC
test_3113.wav,C
test_3114.wav,C
test_3115.wav,C
test_3116.wav,NC
test_3117.wav,NC
test_3118.wav,NC
test_3119.wav,NC
test_3120.wav,NC
test_3121.wav,C
test_3122.wav,C
test_3123.wav,NC
test_3124.wav,NC
test_3125.wav,NC
test_3126.wav,C
test_3127.wav,C
test_3128.wav,C
test_3129.wav,C
test_3130.wav,C
test_3131.wav,NC
test_3132.wav,NC
test_3133.wav,C
test_3134.wav,NC
test_3135.wav,NC
test_3136.wav,C
test_3137.wav,C
test_3138.wav,NC
test_3139.wav,NC
test_3140.wav,NC
test_3141.wav,C
test_3142.wav,NC
test_3143.wav,NC
test_3144.wav,C
test_3145.wav,C
test_3146.wav,NC
test_3147.wav,NC
test_3148.wav,C
test_3149.wav,NC
test_3150.wav,NC
test_3151.wav,NC
test_3152.wav,C
test_3153.wav,NC
test_3154.wav,NC
test_3155.wav,C
test_3156.wav,NC
test_3157.wav,C
test_3158.wav,NC
test_3159.wav,NC
test_3160.wav,C
test_3161.wav,NC
test_3162.wav,NC
test_3163.wav,C
test_3164.wav,C
test_3165.wav,C
test_3166.wav,C
test_3167.wav,NC
test_3168.wav,NC
test_3169.wav,NC
test_3170.wav,NC
test_3171.wav,NC
test_3172.wav,NC
test_3173.wav,NC
test_3174.wav,NC
test_3175.wav,NC
test_3176.wav,NC
test_3177.wav,NC
test_3178.wav,C
test_3179.wav,NC
test_3180.wav,NC
test_3181.wav,NC
test_3182.wav,NC
test_3183.wav,C
test_3184.wav,NC
test_3185.wav,C
test_3186.wav,C
test_3187.wav,C
test_3188.wav,C
test_3189.wav,NC
test_3190.wav,NC
test_3191.wav,NC
test_3192.wav,NC
test_3193.wav,C
test_3194.wav,NC
test_3195.wav,NC
test_3196.wav,C
test_3197.wav,NC
test_3198.wav,NC
test_3199.wav,NC
test_3200.wav,NC
test_3201.wav,NC
test_3202.wav,C
test_3203.wav,C
test_3204.wav,NC
test_3205.wav,NC
test_3206.wav,C
test_3207.wav,C
test_3208.wav,NC
test_3209.wav,NC
test_3210.wav,C
test_3211.wav,C
test_3212.wav,C
test_3213.wav,NC
test_3214.wav,NC
test_3215.wav,NC
test_3216.wav,NC
test_3217.wav,C
test_3218.wav,NC
test_3219.wav,NC
test_3220.wav,C
test_3221.wav,NC
test_3222.wav,NC
test_3223.wav,NC
test_3224.wav,C
test_3225.wav,NC
test_3226.wav,C
test_3227.wav,C
test_3228.wav,C
test_3229.wav,NC
test_3230.wav,C
test_3231.wav,C
test_3232.wav,NC
test_3233.wav,C
test_3234.wav,NC
test_3235.wav,NC
test_3236.wav,C
test_3237.wav,NC
test_3238.wav,C
test_3239.wav,C
test_3240.wav,NC
test_3241.wav,NC
test_3242.wav,NC
test_3243.wav,C
test_3244.wav,NC
test_3245.wav,NC
test_3246.wav,C
test_3247.wav,NC
test_3248.wav,C
test_3249.wav,NC
test_3250.wav,NC
test_3251.wav,C
test_3252.wav,NC
test_3253.wav,C
test_3254.wav,C
test_3255.wav,C
test_3256.wav,NC
test_3257.wav,C
test_3258.wav,C
test_3259.wav,NC
test_3260.wav,NC
test_3261.wav,NC
test_3262.wav,NC
test_3263.wav,NC
test_3264.wav,NC
test_3265.wav,NC
test_3266.wav,C
test_3267.wav,NC
test_3268.wav,NC
test_3269.wav,C
test_3270.wav,NC
test_3271.wav,NC
test_3272.wav,C
test_3273.wav,NC
test_3274.wav,C
test_3275.wav,NC
test_3276.wav,C
test_3277.wav,C
test_3278.wav,C
test_3279.wav,NC
test_3280.wav,NC
test_3281.wav,C
test_3282.wav,C
test_3283.wav,C
test_3284.wav,C
test_3285.wav,NC
test_3286.wav,NC
test_3287.wav,NC
test_3288.wav,NC
test_3289.wav,C
test_3290.wav,C
test_3291.wav,C
test_3292.wav,NC
test_3293.wav,C
test_3294.wav,C
test_3295.wav,NC
test_3296.wav,NC
test_3297.wav,NC
test_3298.wav,C
test_3299.wav,C
test_3300.wav,NC
test_3301.wav,C
test_3302.wav,NC
test_3303.wav,NC
test_3304.wav,NC
test_3305.wav,NC
test_3306.wav,NC
test_3307.wav,C
test_3308.wav,C
test_3309.wav,C
test_3310.wav,NC
test_3311.wav,NC
test_3312.wav,C
test_3313.wav,NC
test_3314.wav,NC
test_3315.wav,C
test_3316.wav,C
test_3317.wav,C
test_3318.wav,C
test_3319.wav,NC
test_3320.wav,C
test_3321.wav,NC
test_3322.wav,NC
test_3323.wav,C
test_3324.wav,NC
test_3325.wav,C
test_3326.wav,NC
test_3327.wav,NC
test_3328.wav,NC
test_3329.wav,NC
test_3330.wav,NC
test_3331.wav,NC
test_3332.wav,NC
test_3333.wav,C
test_3334.wav,C
test_3335.wav,NC
test_3336.wav,C
test_3337.wav,C
test_3338.wav,NC
test_3339.wav,C
test_3340.wav,NC
test_3341.wav,C
test_3342.wav,C
test_3343.wav,C
test_3344.wav,NC
test_3345.wav,NC
test_3346.wav,NC
test_3347.wav,C
test_3348.wav,NC
test_3349.wav,NC
test_3350.wav,C
test_3351.wav,NC
test_3352.wav,NC
test_3353.wav,NC
test_3354.wav,NC
test_3355.wav,NC
test_3356.wav,C
test_3357.wav,NC
test_3358.wav,NC
test_3359.wav,C
test_3360.wav,NC
test_3361.wav,C
test_3362.wav,C
test_3363.wav,NC
test_3364.wav,NC
test_3365.wav,C
test_3366.wav,NC
test_3367.wav,C
test_3368.wav,C
test_3369.wav,C
test_3370.wav,C
test_3371.wav,NC
test_3372.wav,NC
test_3373.wav,C
test_3374.wav,NC
test_3375.wav,NC
test_3376.wav,NC
test_3377.wav,C
test_3378.wav,C
test_3379.wav,NC
test_3380.wav,NC
test_3381.wav,NC
test_3382.wav,NC
test_3383.wav,NC
test_3384.wav,NC
test_3385.wav,NC
test_3386.wav,NC
test_3387.wav,C
test_3388.wav,C
test_3389.wav,C
test_3390.wav,NC
test_3391.wav,C
test_3392.wav,NC
test_3393.wav,NC
test_3394.wav,NC
test_3395.wav,C
test_3396.wav,C
test_3397.wav,C
test_3398.wav,C
test_3399.wav,NC
test_3400.wav,NC
test_3401.wav,NC
test_3402.wav,NC
test_3403.wav,NC
test_3404.wav,NC
test_3405.wav,C
test_3406.wav,NC
test_3407.wav,NC
test_3408.wav,NC
test_3409.wav,C
test_3410.wav,NC
test_3411.wav,C
test_3412.wav,C
test_3413.wav,NC
test_3414.wav,NC
test_3415.wav,C
test_3416.wav,C
test_3417.wav,C
test_3418.wav,NC
test_3419.wav,NC
test_3420.wav,C
test_3421.wav,C
test_3422.wav,C
test_3423.wav,NC
test_3424.wav,NC
test_3425.wav,C
test_3426.wav,C
test_3427.wav,NC
test_3428.wav,NC
test_3429.wav,NC
test_3430.wav,C
test_3431.wav,NC
test_3432.wav,C
test_3433.wav,NC
test_3434.wav,NC
test_3435.wav,NC
test_3436.wav,NC
test_3437.wav,NC
test_3438.wav,NC
test_3439.wav,C
test_3440.wav,C
test_3441.wav,C
test_3442.wav,C
test_3443.wav,NC
test_3444.wav,C
test_3445.wav,C
test_3446.wav,C
test_3447.wav,C
test_3448.wav,C
test_3449.wav,NC
test_3450.wav,NC
test_3451.wav,C
test_3452.wav,NC
test_3453.wav,NC
test_3454.wav,C
test_3455.wav,C
test_3456.wav,C
test_3457.wav,C
test_3458.wav,NC
test_3459.wav,C
test_3460.wav,C
test_3461.wav,NC
test_3462.wav,NC
test_3463.wav,NC
test_3464.wav,C
test_3465.wav,NC
test_3466.wav,C
test_3467.wav,NC
test_3468.wav,C
test_3469.wav,NC
test_3470.wav,C
test_3471.wav,NC
test_3472.wav,C
test_3473.wav,C
test_3474.wav,NC
test_3475.wav,NC
test_3476.wav,NC
test_3477.wav,C
test_3478.wav,NC
test_3479.wav,C
test_3480.wav,C
test_3481.wav,C
test_3482.wav,C
test_3483.wav,NC
test_3484.wav,NC
test_3485.wav,NC
test_3486.wav,NC
test_3487.wav,NC
test_3488.wav,C
test_3489.wav,C
test_3490.wav,NC
test_3491.wav,C
test_3492.wav,NC
test_3493.wav,C
test_3494.wav,C
test_3495.wav,C
test_3496.wav,NC
test_3497.wav,NC
test_3498.wav,NC
test_3499.wav,NC
test_3500.wav,C
test_3501.wav,NC
test_3502.wav,NC
test_3503.wav,NC
test_3504.wav,C
test_3505.wav,NC
test_3506.wav,C
test_3507.wav,NC
test_3508.wav,C
test_3509.wav,C
test_3510.wav,NC
test_3511.wav,C
test_3512.wav,C
test_3513.wav,C
test_3514.wav,C
test_3515.wav,NC
test_3516.wav,C
test_3517.wav,NC
test_3518.wav,NC
test_3519.wav,NC
test_3520.wav,NC
test_3521.wav,NC
test_3522.wav,NC
test_3523.wav,C
test_3524.wav,NC
test_3525.wav,C
test_3526.wav,C
test_3527.wav,NC
test_3528.wav,NC
test_3529.wav,C
test_3530.wav,NC
test_3531.wav,NC
test_3532.wav,C
test_3533.wav,NC
test_3534.wav,C
test_3535.wav,C
test_3536.wav,NC
test_3537.wav,NC
test_3538.wav,NC
test_3539.wav,C
test_3540.wav,NC
test_3541.wav,NC
test_3542.wav,NC
test_3543.wav,NC
test_3544.wav,C
test_3545.wav,C
test_3546.wav,NC
test_3547.wav,C
test_3548.wav,C
test_3549.wav,NC
test_3550.wav,NC
test_3551.wav,C
test_3552.wav,NC
test_3553.wav,C
test_3554.wav,NC
test_3555.wav,NC
test_3556.wav,NC
test_3557.wav,NC
test_3558.wav,NC
test_3559.wav,NC
test_3560.wav,C
test_3561.wav,NC
test_3562.wav,C
test_3563.wav,C
test_3564.wav,NC
test_3565.wav,NC
test_3566.wav,NC
test_3567.wav,NC
test_3568.wav,NC
test_3569.wav,NC
test_3570.wav,C
test_3571.wav,NC
test_3572.wav,NC
test_3573.wav,C
test_3574.wav,NC
test_3575.wav,C
test_3576.wav,NC
test_3577.wav,NC
test_3578.wav,NC
test_3579.wav,NC
test_3580.wav,C
test_3581.wav,C
test_3582.wav,NC
test_3583.wav,NC
test_3584.wav,NC
test_3585.wav,C
test_3586.wav,NC
test_3587.wav,NC
test_3588.wav,NC
test_3589.wav,C
test_3590.wav,NC
test_3591.wav,NC
test_3592.wav,C
test_3593.wav,NC
test_3594.wav,C
test_3595.wav,C
test_3596.wav,C
test_3597.wav,C
test_3598.wav,NC
test_3599.wav,C
test_3600.wav,C
test_3601.wav,NC
test_3602.wav,C
test_3603.wav,NC
test_3604.wav,C
test_3605.wav,C
test_3606.wav,NC
test_3607.wav,NC
test_3608.wav,C
test_3609.wav,NC
test_3610.wav,NC
test_3611.wav,C
test_3612.wav,C
test_3613.wav,NC
test_3614.wav,C
test_3615.wav,C
test_3616.wav,NC
test_3617.wav,C
test_3618.wav,NC
test_3619.wav,C
test_3620.wav,C
test_3621.wav,NC
test_3622.wav,NC
test_3623.wav,NC
test_3624.wav,C
test_3625.wav,NC
test_3626.wav,NC
test_3627.wav,NC
test_3628.wav,NC
test_3629.wav,NC
test_3630.wav,NC
test_3631.wav,NC
test_3632.wav,NC
test_3633.wav,C
test_3634.wav,C
test_3635.wav,C
test_3636.wav,C
test_3637.wav,NC
test_3638.wav,NC
test_3639.wav,NC
test_3640.wav,NC
test_3641.wav,NC
test_3642.wav,NC
test_3643.wav,NC
test_3644.wav,NC
test_3645.wav,C
test_3646.wav,NC
test_3647.wav,C
test_3648.wav,C
test_3649.wav,C
test_3650.wav,NC
test_3651.wav,C
test_3652.wav,NC
test_3653.wav,NC
test_3654.wav,NC
test_3655.wav,C
test_3656.wav,NC
test_3657.wav,C
test_3658.wav,NC
test_3659.wav,NC
test_3660.wav,C
test_3661.wav,NC
test_3662.wav,NC
test_3663.wav,NC
test_3664.wav,NC
test_3665.wav,NC
test_3666.wav,NC
test_3667.wav,C
test_3668.wav,NC
test_3669.wav,NC
test_3670.wav,NC
test_3671.wav,C
test_3672.wav,C
test_3673.wav,NC
test_3674.wav,NC
test_3675.wav,NC
test_3676.wav,NC
test_3677.wav,C
test_3678.wav,NC
test_3679.wav,NC
test_3680.wav,C
test_3681.wav,NC
test_3682.wav,NC
test_3683.wav,NC
test_3684.wav,NC
test_3685.wav,C
test_3686.wav,C
test_3687.wav,NC
test_3688.wav,C
test_3689.wav,C
test_3690.wav,NC
test_3691.wav,C
test_3692.wav,C
test_3693.wav,C
test_3694.wav,C
test_3695.wav,NC
test_3696.wav,C
test_3697.wav,NC
test_3698.wav,NC
test_3699.wav,C
test_3700.wav,NC
test_3701.wav,NC
test_3702.wav,C
test_3703.wav,C
test_3704.wav,NC
test_3705.wav,NC
test_3706.wav,C
test_3707.wav,C
test_3708.wav,C
test_3709.wav,NC
test_3710.wav,NC
test_3711.wav,NC
test_3712.wav,NC
test_3713.wav,NC
test_3714.wav,NC
test_3715.wav,C
test_3716.wav,NC
test_3717.wav,C
test_3718.wav,NC
test_3719.wav,C
test_3720.wav,NC
test_3721.wav,C
test_3722.wav,NC
test_3723.wav,NC
test_3724.wav,C
test_3725.wav,NC
test_3726.wav,C
test_3727.wav,NC
test_3728.wav,C
test_3729.wav,C
test_3730.wav,NC
test_3731.wav,C
test_3732.wav,C
test_3733.wav,NC
test_3734.wav,NC
test_3735.wav,NC
test_3736.wav,NC
test_3737.wav,NC
test_3738.wav,NC
test_3739.wav,C
test_3740.wav,NC
test_3741.wav,NC
test_3742.wav,C
test_3743.wav,C
test_3744.wav,C
test_3745.wav,C
test_3746.wav,NC
test_3747.wav,C
test_3748.wav,C
test_3749.wav,C
test_3750.wav,NC
test_3751.wav,C
test_3752.wav,C
test_3753.wav,C
test_3754.wav,C
test_3755.wav,C
test_3756.wav,C
test_3757.wav,C
test_3758.wav,NC
test_3759.wav,C
test_3760.wav,NC
test_3761.wav,NC
test_3762.wav,NC
test_3763.wav,NC
test_3764.wav,NC
test_3765.wav,C
test_3766.wav,NC
test_3767.wav,C
test_3768.wav,NC
test_3769.wav,C
test_3770.wav,NC
test_3771.wav,NC
test_3772.wav,NC
test_3773.wav,NC
test_3774.wav,NC
test_3775.wav,NC
test_3776.wav,C
test_3777.wav,NC
test_3778.wav,NC
test_3779.wav,C
test_3780.wav,NC
test_3781.wav,NC
test_3782.wav,NC
test_3783.wav,NC
test_3784.wav,C
test_3785.wav,NC
test_3786.wav,NC
test_3787.wav,NC
test_3788.wav,C
test_3789.wav,C
test_3790.wav,C
test_3791.wav,NC
test_3792.wav,NC
test_3793.wav,NC
test_3794.wav,C
test_3795.wav,C
test_3796.wav,NC
test_3797.wav,NC
test_3798.wav,NC
test_3799.wav,C
test_3800.wav,NC
test_3801.wav,C
test_3802.wav,C
test_3803.wav,NC
test_3804.wav,C
test_3805.wav,NC
test_3806.wav,NC
test_3807.wav,NC
test_3808.wav,NC
test_3809.wav,NC
test_3810.wav,C
test_3811.wav,C
test_3812.wav,C
test_3813.wav,C
test_3814.wav,NC
test_3815.wav,NC
test_3816.wav,NC
test_3817.wav,C
test_3818.wav,NC
test_3819.wav,NC
test_3820.wav,NC
test_3821.wav,NC
test_3822.wav,NC
test_3823.wav,NC
test_3824.wav,NC
test_3825.wav,C
test_3826.wav,NC
test_3827.wav,C
test_3828.wav,C
test_3829.wav,C
test_3830.wav,C
test_3831.wav,NC
test_3832.wav,NC
test_3833.wav,NC
test_3834.wav,C
test_3835.wav,C
test_3836.wav,NC
test_3837.wav,C
test_3838.wav,NC
test_3839.wav,C
test_3840.wav,NC
test_3841.wav,NC
test_3842.wav,NC
test_3843.wav,C
test_3844.wav,NC
test_3845.wav,C
test_3846.wav,C
test_3847.wav,NC
test_3848.wav,C
test_3849.wav,C
test_3850.wav,C
test_3851.wav,C
test_3852.wav,C
test_3853.wav,C
test_3854.wav,C
test_3855.wav,NC
test_3856.wav,C
test_3857.wav,NC
test_3858.wav,NC
test_3859.wav,C
test_3860.wav,C
test_3861.wav,NC
test_3862.wav,C
test_3863.wav,C
test_3864.wav,C
test_3865.wav,NC
test_3866.wav,NC
test_3867.wav,C
test_3868.wav,NC
test_3869.wav,C
test_3870.wav,NC
test_3871.wav,NC
test_3872.wav,NC
test_3873.wav,NC
test_3874.wav,NC
test_3875.wav,NC
test_3876.wav,NC
test_3877.wav,NC
test_3878.wav,C
test_3879.wav,NC
test_3880.wav,NC
test_3881.wav,NC
test_3882.wav,NC
test_3883.wav,NC
test_3884.wav,NC
test_3885.wav,NC
test_3886.wav,NC
test_3887.wav,C
test_3888.wav,NC
test_3889.wav,NC
test_3890.wav,NC
test_3891.wav,C
test_3892.wav,C
test_3893.wav,C
test_3894.wav,NC
test_3895.wav,C
test_3896.wav,NC
test_3897.wav,NC
test_3898.wav,NC
test_3899.wav,NC
test_3900.wav,C
test_3901.wav,NC
test_3902.wav,NC
test_3903.wav,C
test_3904.wav,NC
test_3905.wav,C
test_3906.wav,NC
test_3907.wav,NC
test_3908.wav,NC
test_3909.wav,NC
test_3910.wav,NC
test_3911.wav,C
test_3912.wav,C
test_3913.wav,NC
test_3914.wav,C
test_3915.wav,NC
test_3916.wav,NC
test_3917.wav,C
test_3918.wav,C
test_3919.wav,NC
test_3920.wav,C
test_3921.wav,NC
test_3922.wav,C
test_3923.wav,NC
test_3924.wav,NC
test_3925.wav,NC
test_3926.wav,C
test_3927.wav,C
test_3928.wav,C
test_3929.wav,C
test_3930.wav,C
test_3931.wav,C
test_3932.wav,C
test_3933.wav,C
test_3934.wav,NC
test_3935.wav,C
test_3936.wav,NC
test_3937.wav,C
test_3938.wav,NC
test_3939.wav,NC
test_3940.wav,NC
test_3941.wav,C
test_3942.wav,NC
test_3943.wav,NC
test_3944.wav,C
test_3945.wav,NC
test_3946.wav,NC
test_3947.wav,NC
test_3948.wav,C
test_3949.wav,NC
test_3950.wav,NC
test_3951.wav,NC
test_3952.wav,NC
test_3953.wav,C
test_3954.wav,NC
test_3955.wav,C
test_3956.wav,C
test_3957.wav,C
test_3958.wav,C
test_3959.wav,C
test_3960.wav,C
test_3961.wav,NC
test_3962.wav,NC
test_3963.wav,C
test_3964.wav,NC
test_3965.wav,C
test_3966.wav,NC
test_3967.wav,C
test_3968.wav,NC
test_3969.wav,C
test_3970.wav,C
test_3971.wav,C
test_3972.wav,NC
test_3973.wav,C
test_3974.wav,NC
test_3975.wav,C
test_3976.wav,C
test_3977.wav,C
test_3978.wav,NC
test_3979.wav,NC
test_3980.wav,C
test_3981.wav,C
test_3982.wav,C
test_3983.wav,C
test_3984.wav,NC
test_3985.wav,NC
test_3986.wav,C
test_3987.wav,C
test_3988.wav,NC
test_3989.wav,C
test_3990.wav,NC
test_3991.wav,NC
test_3992.wav,C
test_3993.wav,NC
test_3994.wav,NC
test_3995.wav,C
test_3996.wav,C
test_3997.wav,NC
test_3998.wav,C
test_3999.wav,C
test_4000.wav,C
test_4001.wav,C
test_4002.wav,NC
test_4003.wav,NC
test_4004.wav,C
test_4005.wav,C
test_4006.wav,C
test_4007.wav,NC
test_4008.wav,NC
test_4009.wav,C
test_4010.wav,C
test_4011.wav,C
test_4012.wav,NC
test_4013.wav,C
test_4014.wav,NC
test_4015.wav,C
test_4016.wav,NC
test_4017.wav,NC
test_4018.wav,C
test_4019.wav,NC
test_4020.wav,C
test_4021.wav,C
test_4022.wav,C
test_4023.wav,NC
test_4024.wav,NC
test_4025.wav,NC
test_4026.wav,C
test_4027.wav,NC
test_4028.wav,C
test_4029.wav,C
test_4030.wav,NC
test_4031.wav,C
test_4032.wav,C
test_4033.wav,C
test_4034.wav,C
test_4035.wav,C
test_4036.wav,NC
test_4037.wav,NC
test_4038.wav,C
test_4039.wav,C
test_4040.wav,NC
test_4041.wav,NC
test_4042.wav,NC
test_4043.wav,C
test_4044.wav,C
test_4045.wav,C
test_4046.wav,NC
test_4047.wav,NC
test_4048.wav,NC
test_4049.wav,NC
test_4050.wav,C
test_4051.wav,NC
test_4052.wav,NC
test_4053.wav,NC
test_4054.wav,NC
test_4055.wav,NC
test_4056.wav,NC
test_4057.wav,C
test_4058.wav,NC
test_4059.wav,C
test_4060.wav,NC
test_4061.wav,C
test_4062.wav,NC
test_4063.wav,C
test_4064.wav,NC
test_4065.wav,NC
test_4066.wav,NC
test_4067.wav,C
test_4068.wav,NC
test_4069.wav,C
test_4070.wav,NC
test_4071.wav,C
test_4072.wav,NC
test_4073.wav,NC
test_4074.wav,NC
test_4075.wav,C
test_4076.wav,C
test_4077.wav,NC
test_4078.wav,NC
test_4079.wav,NC
test_4080.wav,NC
test_4081.wav,C
test_4082.wav,NC
test_4083.wav,C
test_4084.wav,C
test_4085.wav,C
test_4086.wav,C
test_4087.wav,C
test_4088.wav,C
test_4089.wav,C
test_4090.wav,C
test_4091.wav,NC
test_4092.wav,NC
test_4093.wav,C
test_4094.wav,NC
test_4095.wav,NC
test_4096.wav,C
test_4097.wav,C
test_4098.wav,C
test_4099.wav,NC
test_4100.wav,NC
test_4101.wav,NC
test_4102.wav,NC
test_4103.wav,C
test_4104.wav,NC
test_4105.wav,C
test_4106.wav,C
test_4107.wav,NC
test_4108.wav,NC
test_4109.wav,NC
test_4110.wav,NC
test_4111.wav,NC
test_4112.wav,NC
test_4113.wav,NC
test_4114.wav,C
test_4115.wav,C
test_4116.wav,NC
test_4117.wav,NC
test_4118.wav,NC
test_4119.wav,NC
test_4120.wav,NC
test_4121.wav,NC
test_4122.wav,C
test_4123.wav,NC
test_4124.wav,NC
test_4125.wav,C
test_4126.wav,C
test_4127.wav,C
test_4128.wav,NC
test_4129.wav,C
test_4130.wav,NC
test_4131.wav,NC
test_4132.wav,NC
test_4133.wav,C
test_4134.wav,C
test_4135.wav,NC
test_4136.wav,NC
test_4137.wav,NC
test_4138.wav,NC
test_4139.wav,C
test_4140.wav,C
test_4141.wav,C
test_4142.wav,NC
test_4143.wav,C
test_4144.wav,C
test_4145.wav,NC
test_4146.wav,NC
test_4147.wav,NC
test_4148.wav,NC
test_4149.wav,NC
test_4150.wav,NC
test_4151.wav,NC
test_4152.wav,C
test_4153.wav,NC
test_4154.wav,NC
test_4155.wav,NC
test_4156.wav,C
test_4157.wav,NC
test_4158.wav,NC
test_4159.wav,NC
test_4160.wav,NC
test_4161.wav,C
test_4162.wav,NC
test_4163.wav,C
test_4164.wav,C
test_4165.wav,C
test_4166.wav,NC
test_4167.wav,NC
test_4168.wav,C
test_4169.wav,NC
test_4170.wav,NC
test_4171.wav,C
test_4172.wav,NC
test_4173.wav,C
test_4174.wav,C
test_4175.wav,NC
test_4176.wav,NC
test_4177.wav,NC
test_4178.wav,NC
test_4179.wav,C
test_4180.wav,NC
test_4181.wav,NC
test_4182.wav,NC
test_4183.wav,NC
test_4184.wav,C
test_4185.wav,NC
test_4186.wav,C
test_4187.wav,NC
test_4188.wav,C
test_4189.wav,C
test_4190.wav,C
test_4191.wav,C
test_4192.wav,C
test_4193.wav,NC
test_4194.wav,NC
test_4195.wav,C
test_4196.wav,NC
test_4197.wav,NC
test_4198.wav,C
test_4199.wav,C
test_4200.wav,NC
test_4201.wav,C
test_4202.wav,NC
test_4203.wav,NC
test_4204.wav,C
test_4205.wav,NC
test_4206.wav,NC
test_4207.wav,C
test_4208.wav,C
test_4209.wav,NC
test_4210.wav,NC
test_4211.wav,C
test_4212.wav,NC
test_4213.wav,NC
test_4214.wav,C
test_4215.wav,NC
test_4216.wav,NC
test_4217.wav,C
test_4218.wav,C
test_4219.wav,C
test_4220.wav,C
test_4221.wav,C
test_4222.wav,NC
test_4223.wav,C
test_4224.wav,C
test_4225.wav,NC
test_4226.wav,C
test_4227.wav,C
test_4228.wav,C
test_4229.wav,C
test_4230.wav,C
test_4231.wav,C
test_4232.wav,NC
test_4233.wav,C
test_4234.wav,C
test_4235.wav,C
test_4236.wav,NC
test_4237.wav,C
test_4238.wav,NC
test_4239.wav,NC
test_4240.wav,NC
test_4241.wav,C
test_4242.wav,C
test_4243.wav,C
test_4244.wav,NC
test_4245.wav,NC
test_4246.wav,C
test_4247.wav,NC
test_4248.wav,C
test_4249.wav,NC
test_4250.wav,NC
test_4251.wav,C
test_4252.wav,NC
test_4253.wav,NC
test_4254.wav,NC
test_4255.wav,C
test_4256.wav,C
test_4257.wav,NC
test_4258.wav,C
test_4259.wav,C
test_4260.wav,NC
test_4261.wav,NC
test_4262.wav,NC
test_4263.wav,NC
test_4264.wav,NC
test_4265.wav,NC
test_4266.wav,NC
test_4267.wav,NC
test_4268.wav,NC
test_4269.wav,C
test_4270.wav,NC
test_4271.wav,NC
test_4272.wav,NC
test_4273.wav,NC
test_4274.wav,C
test_4275.wav,C
test_4276.wav,NC
test_4277.wav,NC
test_4278.wav,C
test_4279.wav,NC
test_4280.wav,NC
test_4281.wav,C
test_4282.wav,NC
test_4283.wav,C
test_4284.wav,C
test_4285.wav,NC
test_4286.wav,C
test_4287.wav,NC
test_4288.wav,C
test_4289.wav,C
test_4290.wav,C
test_4291.wav,NC
test_4292.wav,C
test_4293.wav,NC
test_4294.wav,NC
test_4295.wav,C
test_4296.wav,C
test_4297.wav,C
test_4298.wav,C
test_4299.wav,NC
test_4300.wav,NC
test_4301.wav,C
test_4302.wav,C
test_4303.wav,NC
test_4304.wav,C
test_4305.wav,NC
test_4306.wav,NC
test_4307.wav,C
test_4308.wav,C
test_4309.wav,C
test_4310.wav,NC
test_4311.wav,C
test_4312.wav,C
test_4313.wav,C
test_4314.wav,NC
test_4315.wav,NC
test_4316.wav,NC
test_4317.wav,NC
test_4318.wav,C
test_4319.wav,NC
test_4320.wav,C
test_4321.wav,C
test_4322.wav,C
test_4323.wav,C
test_4324.wav,NC
test_4325.wav,C
test_4326.wav,NC
test_4327.wav,C
test_4328.wav,NC
test_4329.wav,C
test_4330.wav,NC
test_4331.wav,C
test_4332.wav,C
test_4333.wav,C
test_4334.wav,NC
test_4335.wav,NC
test_4336.wav,NC
test_4337.wav,C
test_4338.wav,NC
test_4339.wav,NC
test_4340.wav,NC
test_4341.wav,NC
test_4342.wav,C
test_4343.wav,NC
test_4344.wav,NC
test_4345.wav,C
test_4346.wav,NC
test_4347.wav,NC
test_4348.wav,NC
test_4349.wav,C
test_4350.wav,C
test_4351.wav,C
test_4352.wav,NC
test_4353.wav,C
test_4354.wav,C
test_4355.wav,C
test_4356.wav,NC
test_4357.wav,NC
test_4358.wav,NC
test_4359.wav,C
test_4360.wav,NC
test_4361.wav,NC
test_4362.wav,NC
test_4363.wav,NC
test_4364.wav,NC
test_4365.wav,NC
test_4366.wav,NC
test_4367.wav,C
test_4368.wav,NC
test_4369.wav,NC
test_4370.wav,NC
test_4371.wav,NC
test_4372.wav,C
test_4373.wav,C
test_4374.wav,NC
test_4375.wav,NC
test_4376.wav,NC
test_4377.wav,C
test_4378.wav,NC
test_4379.wav,NC
test_4380.wav,C
test_4381.wav,C
test_4382.wav,C
test_4383.wav,NC
test_4384.wav,C
test_4385.wav,C
test_4386.wav,C
test_4387.wav,NC
test_4388.wav,C
test_4389.wav,NC
test_4390.wav,NC
test_4391.wav,NC
test_4392.wav,C
test_4393.wav,C
test_4394.wav,C
test_4395.wav,NC
test_4396.wav,NC
test_4397.wav,NC
test_4398.wav,NC
test_4399.wav,C
test_4400.wav,C
test_4401.wav,C
test_4402.wav,C
test_4403.wav,NC
test_4404.wav,C
test_4405.wav,NC
test_4406.wav,NC
test_4407.wav,NC
test_4408.wav,C
test_4409.wav,NC
test_4410.wav,C
test_4411.wav,C
test_4412.wav,NC
test_4413.wav,C
test_4414.wav,NC
test_4415.wav,NC
test_4416.wav,NC
test_4417.wav,NC
test_4418.wav,C
test_4419.wav,NC
test_4420.wav,C
test_4421.wav,C
test_4422.wav,C
test_4423.wav,C
test_4424.wav,NC
test_4425.wav,NC
test_4426.wav,NC
test_4427.wav,C
test_4428.wav,NC
test_4429.wav,C
test_4430.wav,NC
test_4431.wav,C
test_4432.wav,NC
test_4433.wav,C
test_4434.wav,C
test_4435.wav,C
test_4436.wav,NC
test_4437.wav,NC
test_4438.wav,C
test_4439.wav,C
test_4440.wav,NC
test_4441.wav,NC
test_4442.wav,C
test_4443.wav,NC
test_4444.wav,NC
test_4445.wav,NC
test_4446.wav,NC
test_4447.wav,NC
test_4448.wav,C
test_4449.wav,C
test_4450.wav,C
test_4451.wav,C
test_4452.wav,NC
test_4453.wav,NC
test_4454.wav,NC
test_4455.wav,NC
test_4456.wav,NC
test_4457.wav,C
test_4458.wav,C
test_4459.wav,NC
test_4460.wav,NC
test_4461.wav,C
test_4462.wav,NC
test_4463.wav,C
test_4464.wav,C
test_4465.wav,NC
test_4466.wav,NC
test_4467.wav,NC
test_4468.wav,NC
test_4469.wav,NC
test_4470.wav,C
test_4471.wav,NC
test_4472.wav,NC
test_4473.wav,NC
test_4474.wav,NC
test_4475.wav,NC
test_4476.wav,C
test_4477.wav,C
test_4478.wav,NC
test_4479.wav,NC
test_4480.wav,C
test_4481.wav,NC
test_4482.wav,C
test_4483.wav,NC
test_4484.wav,NC
test_4485.wav,C
test_4486.wav,C
test_4487.wav,NC
test_4488.wav,C
test_4489.wav,NC
test_4490.wav,C
test_4491.wav,NC
test_4492.wav,C
test_4493.wav,NC
test_4494.wav,NC
test_4495.wav,NC
test_4496.wav,C
test_4497.wav,NC
test_4498.wav,C
test_4499.wav,C
test_4500.wav,C
test_4501.wav,NC
test_4502.wav,NC
test_4503.wav,NC
test_4504.wav,C
test_4505.wav,C
test_4506.wav,C
test_4507.wav,C
test_4508.wav,NC
test_4509.wav,NC
test_4510.wav,C
test_4511.wav,C
test_4512.wav,NC
test_4513.wav,C
test_4514.wav,C
test_4515.wav,NC
test_4516.wav,NC
test_4517.wav,NC
test_4518.wav,NC
test_4519.wav,C
test_4520.wav,NC
test_4521.wav,C
test_4522.wav,NC
test_4523.wav,NC
test_4524.wav,C
test_4525.wav,C
test_4526.wav,NC
test_4527.wav,NC
test_4528.wav,C
test_4529.wav,NC
test_4530.wav,NC
test_4531.wav,NC
test_4532.wav,NC
test_4533.wav,C
test_4534.wav,NC
test_4535.wav,NC
test_4536.wav,NC
test_4537.wav,NC
test_4538.wav,NC
test_4539.wav,NC
test_4540.wav,C
test_4541.wav,NC
test_4542.wav,C
test_4543.wav,C
test_4544.wav,NC
test_4545.wav,C
test_4546.wav,NC
test_4547.wav,C
test_4548.wav,C
test_4549.wav,NC
test_4550.wav,NC
test_4551.wav,NC
test_4552.wav,NC
test_4553.wav,NC
test_4554.wav,NC
test_4555.wav,NC
test_4556.wav,C
test_4557.wav,NC
test_4558.wav,NC
test_4559.wav,C
test_4560.wav,NC
test_4561.wav,C
test_4562.wav,NC
test_4563.wav,C
test_4564.wav,C
test_4565.wav,NC
test_4566.wav,C
test_4567.wav,NC
test_4568.wav,NC
test_4569.wav,C
test_4570.wav,C
test_4571.wav,NC
test_4572.wav,C
test_4573.wav,NC
test_4574.wav,C
test_4575.wav,NC
test_4576.wav,C
test_4577.wav,NC
test_4578.wav,NC
test_4579.wav,NC
test_4580.wav,NC
test_4581.wav,NC
test_4582.wav,NC
test_4583.wav,NC
test_4584.wav,NC
test_4585.wav,NC
test_4586.wav,NC
test_4587.wav,C
test_4588.wav,C
test_4589.wav,NC
test_4590.wav,NC
test_4591.wav,NC
test_4592.wav,NC
test_4593.wav,C
test_4594.wav,C
test_4595.wav,NC
test_4596.wav,C
test_4597.wav,NC
test_4598.wav,C
test_4599.wav,C
test_4600.wav,NC
test_4601.wav,NC
test_4602.wav,NC
test_4603.wav,NC
test_4604.wav,C
test_4605.wav,NC
test_4606.wav,NC
test_4607.wav,NC
test_4608.wav,C
test_4609.wav,C
test_4610.wav,NC
test_4611.wav,C
test_4612.wav,C
test_4613.wav,NC
test_4614.wav,NC
test_4615.wav,C
test_4616.wav,NC
test_4617.wav,C
test_4618.wav,NC
test_4619.wav,NC
test_4620.wav,NC
test_4621.wav,NC
test_4622.wav,C
test_4623.wav,NC
test_4624.wav,C
test_4625.wav,C
test_4626.wav,C
test_4627.wav,NC
test_4628.wav,NC
test_4629.wav,C
test_4630.wav,NC
test_4631.wav,C
test_4632.wav,NC
test_4633.wav,C
test_4634.wav,NC
test_4635.wav,NC
test_4636.wav,NC
test_4637.wav,C
test_4638.wav,NC
test_4639.wav,NC
test_4640.wav,NC
test_4641.wav,NC
test_4642.wav,C
test_4643.wav,NC
test_4644.wav,C
test_4645.wav,C
test_4646.wav,C
test_4647.wav,C
test_4648.wav,C
test_4649.wav,NC
test_4650.wav,NC
test_4651.wav,C
test_4652.wav,C
test_4653.wav,C
test_4654.wav,C
test_4655.wav,C
test_4656.wav,NC
test_4657.wav,NC
test_4658.wav,NC
test_4659.wav,NC
test_4660.wav,NC
test_4661.wav,NC
test_4662.wav,NC
test_4663.wav,C
test_4664.wav,C
test_4665.wav,NC
test_4666.wav,C
test_4667.wav,C
test_4668.wav,C
test_4669.wav,C
test_4670.wav,C
test_4671.wav,C
test_4672.wav,NC
test_4673.wav,C
test_4674.wav,NC
test_4675.wav,C
test_4676.wav,NC
test_4677.wav,C
test_4678.wav,NC
test_4679.wav,C
test_4680.wav,C
test_4681.wav,NC
test_4682.wav,NC
test_4683.wav,NC
test_4684.wav,NC
test_4685.wav,NC
test_4686.wav,NC
test_4687.wav,NC
test_4688.wav,NC
test_4689.wav,C
test_4690.wav,C
test_4691.wav,NC
test_4692.wav,C
test_4693.wav,NC
test_4694.wav,NC
test_4695.wav,NC
test_4696.wav,C
test_4697.wav,NC
test_4698.wav,NC
test_4699.wav,C
test_4700.wav,NC
test_4701.wav,C
test_4702.wav,C
test_4703.wav,NC
test_4704.wav,NC
test_4705.wav,NC
test_4706.wav,C
test_4707.wav,NC
test_4708.wav,C
test_4709.wav,NC
test_4710.wav,C
test_4711.wav,C
test_4712.wav,C
test_4713.wav,C
test_4714.wav,C
test_4715.wav,NC
test_4716.wav,C
test_4717.wav,NC
test_4718.wav,C
test_4719.wav,NC
test_4720.wav,C
test_4721.wav,NC
test_4722.wav,NC
test_4723.wav,NC
test_4724.wav,C
test_4725.wav,NC
test_4726.wav,NC
test_4727.wav,NC
test_4728.wav,C
test_4729.wav,NC
test_4730.wav,NC
test_4731.wav,C
test_4732.wav,NC
test_4733.wav,C
test_4734.wav,NC
test_4735.wav,C
test_4736.wav,C
test_4737.wav,NC
test_4738.wav,C
test_4739.wav,C
test_4740.wav,C
test_4741.wav,NC
test_4742.wav,C
test_4743.wav,C
test_4744.wav,C
test_4745.wav,C
test_4746.wav,NC
test_4747.wav,NC
test_4748.wav,C
test_4749.wav,C
test_4750.wav,NC
test_4751.wav,C
test_4752.wav,NC
test_4753.wav,C
test_4754.wav,NC
test_4755.wav,NC
test_4756.wav,NC
test_4757.wav,NC
test_4758.wav,C
test_4759.wav,NC
test_4760.wav,NC
test_4761.wav,NC
test_4762.wav,NC
test_4763.wav,NC
test_4764.wav,NC
test_4765.wav,NC
test_4766.wav,NC
test_4767.wav,C
test_4768.wav,NC
test_4769.wav,NC
test_4770.wav,NC
test_4771.wav,NC
test_4772.wav,C
test_4773.wav,C
test_4774.wav,C
test_4775.wav,NC
test_4776.wav,C
test_4777.wav,NC
test_4778.wav,C
test_4779.wav,C
test_4780.wav,C
test_4781.wav,C
test_4782.wav,NC
test_4783.wav,NC
test_4784.wav,NC
test_4785.wav,NC
test_4786.wav,C
test_4787.wav,C
test_4788.wav,NC
test_4789.wav,NC
test_4790.wav,NC
test_4791.wav,C
test_4792.wav,C
test_4793.wav,C
test_4794.wav,NC
test_4795.wav,NC
test_4796.wav,NC
test_4797.wav,C
test_4798.wav,NC
test_4799.wav,C
test_4800.wav,NC
test_4801.wav,NC
test_4802.wav,C
test_4803.wav,C
test_4804.wav,C
test_4805.wav,NC
test_4806.wav,C
test_4807.wav,NC
test_4808.wav,C
test_4809.wav,C
test_4810.wav,C
test_4811.wav,C
test_4812.wav,NC
test_4813.wav,NC
test_4814.wav,NC
test_4815.wav,NC
test_4816.wav,NC
test_4817.wav,NC
test_4818.wav,NC
test_4819.wav,NC
test_4820.wav,NC
test_4821.wav,C
test_4822.wav,NC
test_4823.wav,NC
test_4824.wav,NC
test_4825.wav,C
test_4826.wav,C
test_4827.wav,C
test_4828.wav,C
test_4829.wav,NC
test_4830.wav,NC
test_4831.wav,NC
test_4832.wav,C
test_4833.wav,NC
test_4834.wav,NC
test_4835.wav,C
test_4836.wav,C
test_4837.wav,C
test_4838.wav,NC
test_4839.wav,C
test_4840.wav,NC
test_4841.wav,NC
test_4842.wav,NC
test_4843.wav,C
test_4844.wav,NC
test_4845.wav,C
test_4846.wav,NC
test_4847.wav,NC
test_4848.wav,C
test_4849.wav,NC
test_4850.wav,C
test_4851.wav,C
test_4852.wav,C
test_4853.wav,NC
test_4854.wav,NC
test_4855.wav,NC
test_4856.wav,C
test_4857.wav,C
test_4858.wav,NC
test_4859.wav,NC
test_4860.wav,NC
test_4861.wav,NC
test_4862.wav,NC
test_4863.wav,NC
test_4864.wav,C
test_4865.wav,NC
test_4866.wav,C
test_4867.wav,NC
test_4868.wav,NC
test_4869.wav,NC
test_4870.wav,NC
test_4871.wav,NC
test_4872.wav,NC
test_4873.wav,C
test_4874.wav,NC
test_4875.wav,NC
test_4876.wav,NC
test_4877.wav,C
test_4878.wav,C
test_4879.wav,C
test_4880.wav,NC
test_4881.wav,NC
test_4882.wav,C
test_4883.wav,C
test_4884.wav,C
test_4885.wav,NC
test_4886.wav,C
test_4887.wav,C
test_4888.wav,C
test_4889.wav,NC
test_4890.wav,NC
test_4891.wav,NC
test_4892.wav,NC
test_4893.wav,NC
test_4894.wav,NC
test_4895.wav,C
test_4896.wav,C
test_4897.wav,NC
test_4898.wav,C
test_4899.wav,NC
test_4900.wav,NC
test_4901.wav,NC
test_4902.wav,NC
test_4903.wav,NC
test_4904.wav,NC
test_4905.wav,C
test_4906.wav,NC
test_4907.wav,C
test_4908.wav,NC
test_4909.wav,C
test_4910.wav,C
test_4911.wav,NC
test_4912.wav,NC
test_4913.wav,C
test_4914.wav,NC
test_4915.wav,NC
test_4916.wav,NC
test_4917.wav,NC
test_4918.wav,NC
test_4919.wav,NC
test_4920.wav,NC
test_4921.wav,NC
test_4922.wav,NC
test_4923.wav,NC
test_4924.wav,NC
test_4925.wav,NC
test_4926.wav,C
test_4927.wav,C
test_4928.wav,NC
test_4929.wav,C
test_4930.wav,NC
test_4931.wav,C
test_4932.wav,C
test_4933.wav,C
test_4934.wav,NC
test_4935.wav,C
test_4936.wav,NC
test_4937.wav,C
test_4938.wav,NC
test_4939.wav,C
test_4940.wav,C
test_4941.wav,NC
test_4942.wav,NC
test_4943.wav,C
test_4944.wav,C
test_4945.wav,C
test_4946.wav,NC
test_4947.wav,NC
test_4948.wav,C
test_4949.wav,C
test_4950.wav,C
test_4951.wav,NC
test_4952.wav,NC
test_4953.wav,NC
test_4954.wav,C
test_4955.wav,NC
test_4956.wav,NC
test_4957.wav,NC
test_4958.wav,C
test_4959.wav,C
test_4960.wav,NC
test_4961.wav,NC
test_4962.wav,NC
test_4963.wav,C
test_4964.wav,C
test_4965.wav,NC
test_4966.wav,NC
test_4967.wav,NC
test_4968.wav,NC
test_4969.wav,NC
test_4970.wav,NC
test_4971.wav,NC
test_4972.wav,NC
test_4973.wav,C
test_4974.wav,NC
test_4975.wav,C
test_4976.wav,NC
test_4977.wav,NC
test_4978.wav,C
test_4979.wav,C
test_4980.wav,C
test_4981.wav,C
test_4982.wav,C
test_4983.wav,NC
test_4984.wav,C
test_4985.wav,NC
test_4986.wav,NC
test_4987.wav,C
test_4988.wav,C
test_4989.wav,C
test_4990.wav,C
test_4991.wav,C
test_4992.wav,NC
test_4993.wav,NC
test_4994.wav,NC
test_4995.wav,NC
test_4996.wav,C
test_4997.wav,NC
test_4998.wav,NC
test_4999.wav,NC
test_5000.wav,NC
test_5001.wav,NC
test_5002.wav,NC
test_5003.wav,C
test_5004.wav,NC
test_5005.wav,C
test_5006.wav,C
test_5007.wav,C
test_5008.wav,C
test_5009.wav,NC
test_5010.wav,C
test_5011.wav,NC
test_5012.wav,C
test_5013.wav,C
test_5014.wav,NC
test_5015.wav,NC
test_5016.wav,C
test_5017.wav,C
test_5018.wav,NC
test_5019.wav,C
test_5020.wav,C
test_5021.wav,C
test_5022.wav,NC
test_5023.wav,C
test_5024.wav,NC
test_5025.wav,NC
test_5026.wav,C
test_5027.wav,NC
test_5028.wav,C
test_5029.wav,NC
test_5030.wav,NC
test_5031.wav,NC
test_5032.wav,C
test_5033.wav,NC
test_5034.wav,C
test_5035.wav,C
test_5036.wav,C
test_5037.wav,C
test_5038.wav,C
test_5039.wav,NC
test_5040.wav,NC
test_5041.wav,NC
test_5042.wav,NC
test_5043.wav,NC
test_5044.wav,C
test_5045.wav,C
test_5046.wav,NC
test_5047.wav,C
test_5048.wav,C
test_5049.wav,C
test_5050.wav,NC
test_5051.wav,C
test_5052.wav,C
test_5053.wav,NC
test_5054.wav,NC
test_5055.wav,NC
test_5056.wav,NC
test_5057.wav,C
test_5058.wav,C
test_5059.wav,NC
test_5060.wav,NC
test_5061.wav,C
test_5062.wav,NC
test_5063.wav,C
test_5064.wav,C
test_5065.wav,NC
test_5066.wav,C
test_5067.wav,C
test_5068.wav,C
test_5069.wav,NC
test_5070.wav,C
test_5071.wav,NC
test_5072.wav,C
test_5073.wav,C
test_5074.wav,NC
test_5075.wav,C
test_5076.wav,C
test_5077.wav,C
test_5078.wav,NC
test_5079.wav,C
test_5080.wav,C
test_5081.wav,NC
test_5082.wav,NC
test_5083.wav,NC
test_5084.wav,NC
test_5085.wav,NC
test_5086.wav,NC
test_5087.wav,NC
test_5088.wav,NC
test_5089.wav,NC
test_5090.wav,C
test_5091.wav,C
test_5092.wav,C
test_5093.wav,C
test_5094.wav,NC
test_5095.wav,C
test_5096.wav,NC
test_5097.wav,C
test_5098.wav,NC
test_5099.wav,C
test_5100.wav,C
test_5101.wav,NC
test_5102.wav,NC
test_5103.wav,C
test_5104.wav,NC
test_5105.wav,C
test_5106.wav,C
test_5107.wav,C
test_5108.wav,C
test_5109.wav,NC
test_5110.wav,NC
test_5111.wav,NC
test_5112.wav,NC
test_5113.wav,NC
test_5114.wav,NC
test_5115.wav,NC
test_5116.wav,NC
test_5117.wav,C
test_5118.wav,C
test_5119.wav,NC
test_5120.wav,NC
test_5121.wav,C
test_5122.wav,NC
test_5123.wav,NC
test_5124.wav,C
test_5125.wav,C
test_5126.wav,NC
test_5127.wav,C
test_5128.wav,NC
test_5129.wav,C
test_5130.wav,C
test_5131.wav,C
test_5132.wav,C
test_5133.wav,NC
test_5134.wav,NC
test_5135.wav,C
test_5136.wav,NC
test_5137.wav,NC
test_5138.wav,C
test_5139.wav,NC
test_5140.wav,NC
test_5141.wav,NC
test_5142.wav,C
test_5143.wav,C
test_5144.wav,NC
test_5145.wav,NC
test_5146.wav,C
test_5147.wav,NC
test_5148.wav,C
test_5149.wav,C
test_5150.wav,C
test_5151.wav,C
test_5152.wav,NC
test_5153.wav,C
test_5154.wav,NC
test_5155.wav,NC
test_5156.wav,NC
test_5157.wav,NC
test_5158.wav,NC
test_5159.wav,NC
test_5160.wav,C
test_5161.wav,C
test_5162.wav,NC
test_5163.wav,C
test_5164.wav,NC
test_5165.wav,NC
test_5166.wav,NC
test_5167.wav,C
test_5168.wav,NC
test_5169.wav,C
test_5170.wav,C
test_5171.wav,C
test_5172.wav,NC
test_5173.wav,NC
test_5174.wav,C
test_5175.wav,NC
test_5176.wav,NC
test_5177.wav,NC
test_5178.wav,NC
test_5179.wav,NC
test_5180.wav,NC
test_5181.wav,NC
test_5182.wav,NC
test_5183.wav,C
test_5184.wav,NC
test_5185.wav,NC
test_5186.wav,NC
test_5187.wav,NC
test_5188.wav,NC
test_5189.wav,NC
test_5190.wav,C
test_5191.wav,NC
test_5192.wav,C
test_5193.wav,NC
test_5194.wav,C
test_5195.wav,NC
test_5196.wav,NC
test_5197.wav,NC
test_5198.wav,C
test_5199.wav,C
test_5200.wav,NC
test_5201.wav,C
test_5202.wav,C
test_5203.wav,C
test_5204.wav,NC
test_5205.wav,NC
test_5206.wav,NC
test_5207.wav,C
test_5208.wav,C
test_5209.wav,NC
test_5210.wav,C
test_5211.wav,NC
test_5212.wav,NC
test_5213.wav,C
test_5214.wav,NC
test_5215.wav,NC
test_5216.wav,C
test_5217.wav,C
test_5218.wav,NC
test_5219.wav,NC
test_5220.wav,NC
test_5221.wav,NC
test_5222.wav,C
test_5223.wav,NC
test_5224.wav,C
test_5225.wav,NC
test_5226.wav,NC
test_5227.wav,NC
test_5228.wav,C
test_5229.wav,C
test_5230.wav,NC
test_5231.wav,C
test_5232.wav,NC
test_5233.wav,NC
test_5234.wav,NC
test_5235.wav,NC
test_5236.wav,C
test_5237.wav,C
test_5238.wav,C
test_5239.wav,NC
test_5240.wav,C
test_5241.wav,NC
test_5242.wav,NC
test_5243.wav,C
test_5244.wav,NC
test_5245.wav,C
test_5246.wav,C
test_5247.wav,C
test_5248.wav,NC
test_5249.wav,C
test_5250.wav,NC
test_5251.wav,C
test_5252.wav,C
test_5253.wav,C
test_5254.wav,C
test_5255.wav,C
test_5256.wav,NC
test_5257.wav,NC
test_5258.wav,C
test_5259.wav,NC
test_5260.wav,C
test_5261.wav,NC
test_5262.wav,C
test_5263.wav,NC
test_5264.wav,NC
test_5265.wav,NC
test_5266.wav,NC
test_5267.wav,NC
test_5268.wav,C
test_5269.wav,C
test_5270.wav,C
test_5271.wav,C
test_5272.wav,C
test_5273.wav,C
test_5274.wav,C
test_5275.wav,NC
test_5276.wav,C
test_5277.wav,C
test_5278.wav,NC
test_5279.wav,C
test_5280.wav,C
test_5281.wav,NC
test_5282.wav,C
test_5283.wav,C
test_5284.wav,C
test_5285.wav,C
test_5286.wav,NC
test_5287.wav,NC
test_5288.wav,NC
test_5289.wav,NC
test_5290.wav,NC
test_5291.wav,NC
test_5292.wav,NC
test_5293.wav,NC
test_5294.wav,NC
test_5295.wav,C
test_5296.wav,C
test_5297.wav,NC
test_5298.wav,C
test_5299.wav,NC
test_5300.wav,NC
test_5301.wav,NC
test_5302.wav,NC
test_5303.wav,NC
test_5304.wav,C
test_5305.wav,NC
test_5306.wav,NC
test_5307.wav,NC
test_5308.wav,C
test_5309.wav,NC
test_5310.wav,NC
test_5311.wav,C
test_5312.wav,NC
test_5313.wav,C
test_5314.wav,C
test_5315.wav,NC
test_5316.wav,C
test_5317.wav,NC
test_5318.wav,NC
test_5319.wav,NC
test_5320.wav,C
test_5321.wav,NC
test_5322.wav,NC
test_5323.wav,C
test_5324.wav,NC
test_5325.wav,NC
test_5326.wav,NC
test_5327.wav,C
test_5328.wav,NC
test_5329.wav,C
test_5330.wav,NC
test_5331.wav,C
test_5332.wav,C
test_5333.wav,NC
test_5334.wav,C
test_5335.wav,NC
test_5336.wav,NC
test_5337.wav,NC
test_5338.wav,NC
test_5339.wav,C
test_5340.wav,NC
test_5341.wav,NC
test_5342.wav,NC
test_5343.wav,NC
test_5344.wav,NC
test_5345.wav,C
test_5346.wav,C
test_5347.wav,NC
test_5348.wav,NC
test_5349.wav,NC
test_5350.wav,C
test_5351.wav,NC
test_5352.wav,NC
test_5353.wav,C
test_5354.wav,C
test_5355.wav,NC
test_5356.wav,C
test_5357.wav,C
test_5358.wav,C
test_5359.wav,NC
test_5360.wav,C
test_5361.wav,NC
test_5362.wav,NC
test_5363.wav,C
test_5364.wav,C
test_5365.wav,NC
test_5366.wav,NC
test_5367.wav,C
test_5368.wav,C
test_5369.wav,NC
test_5370.wav,C
test_5371.wav,C
test_5372.wav,NC
test_5373.wav,NC
test_5374.wav,NC
test_5375.wav,NC
test_5376.wav,NC
test_5377.wav,NC
test_5378.wav,NC
test_5379.wav,C
test_5380.wav,C
test_5381.wav,C
test_5382.wav,NC
test_5383.wav,NC
test_5384.wav,NC
test_5385.wav,C
test_5386.wav,NC
test_5387.wav,NC
test_5388.wav,NC
test_5389.wav,NC
test_5390.wav,NC
test_5391.wav,NC
test_5392.wav,C
test_5393.wav,C
test_5394.wav,C
test_5395.wav,C
test_5396.wav,C
test_5397.wav,C
test_5398.wav,C
test_5399.wav,NC
test_5400.wav,NC
test_5401.wav,C
test_5402.wav,C
test_5403.wav,C
test_5404.wav,NC
test_5405.wav,NC
test_5406.wav,C
test_5407.wav,NC
test_5408.wav,C
test_5409.wav,C
test_5410.wav,NC
test_5411.wav,NC
test_5412.wav,NC
test_5413.wav,NC
test_5414.wav,NC
test_5415.wav,C
test_5416.wav,C
test_5417.wav,NC
test_5418.wav,C
test_5419.wav,C
test_5420.wav,C
test_5421.wav,C
test_5422.wav,NC
test_5423.wav,NC
test_5424.wav,C
test_5425.wav,NC
test_5426.wav,NC
test_5427.wav,C
test_5428.wav,C
test_5429.wav,C
test_5430.wav,C
test_5431.wav,C
test_5432.wav,C
test_5433.wav,C
test_5434.wav,NC
test_5435.wav,NC
test_5436.wav,C
test_5437.wav,C
test_5438.wav,C
test_5439.wav,NC
test_5440.wav,NC
test_5441.wav,NC
test_5442.wav,NC
test_5443.wav,NC
test_5444.wav,NC
test_5445.wav,NC
test_5446.wav,NC
test_5447.wav,C
test_5448.wav,NC
test_5449.wav,C
test_5450.wav,C
test_5451.wav,C
test_5452.wav,C
test_5453.wav,NC
test_5454.wav,NC
test_5455.wav,C
test_5456.wav,C
test_5457.wav,C
test_5458.wav,C
test_5459.wav,NC
test_5460.wav,NC
test_5461.wav,C
test_5462.wav,NC
test_5463.wav,NC
test_5464.wav,C
test_5465.wav,NC
test_5466.wav,NC
test_5467.wav,NC
test_5468.wav,C
test_5469.wav,C
test_5470.wav,NC
test_5471.wav,NC
test_5472.wav,C
test_5473.wav,NC
test_5474.wav,C
test_5475.wav,C
test_5476.wav,NC
test_5477.wav,NC
test_5478.wav,C
test_5479.wav,C
test_5480.wav,C
test_5481.wav,NC
test_5482.wav,C
test_5483.wav,NC
test_5484.wav,C
test_5485.wav,C
test_5486.wav,NC
test_5487.wav,NC
test_5488.wav,NC
test_5489.wav,C
test_5490.wav,C
test_5491.wav,NC
test_5492.wav,NC
test_5493.wav,NC
test_5494.wav,NC
test_5495.wav,C
test_5496.wav,NC
test_5497.wav,NC
test_5498.wav,NC
test_5499.wav,C
test_5500.wav,C
test_5501.wav,C
test_5502.wav,C
test_5503.wav,C
test_5504.wav,C
test_5505.wav,NC
test_5506.wav,NC
test_5507.wav,C
test_5508.wav,NC
test_5509.wav,C
test_5510.wav,C
test_5511.wav,C
test_5512.wav,NC
test_5513.wav,C
test_5514.wav,NC
test_5515.wav,NC
test_5516.wav,C
test_5517.wav,NC
test_5518.wav,C
test_5519.wav,NC
test_5520.wav,C
test_5521.wav,C
test_5522.wav,NC
test_5523.wav,NC
test_5524.wav,NC
test_5525.wav,NC
test_5526.wav,C
test_5527.wav,C
test_5528.wav,C
test_5529.wav,NC
test_5530.wav,C
test_5531.wav,NC
test_5532.wav,NC
test_5533.wav,NC
test_5534.wav,C
test_5535.wav,C
test_5536.wav,NC
test_5537.wav,NC
test_5538.wav,NC
test_5539.wav,NC
test_5540.wav,C
test_5541.wav,C
test_5542.wav,C
test_5543.wav,NC
test_5544.wav,C
test_5545.wav,NC
test_5546.wav,C
test_5547.wav,C
test_5548.wav,NC
test_5549.wav,C
test_5550.wav,NC
test_5551.wav,C
test_5552.wav,NC
test_5553.wav,NC
test_5554.wav,NC
test_5555.wav,NC
test_5556.wav,C
test_5557.wav,C
test_5558.wav,NC
test_5559.wav,C
test_5560.wav,C
test_5561.wav,C
test_5562.wav,NC
test_5563.wav,NC
test_5564.wav,NC
test_5565.wav,C
test_5566.wav,C
test_5567.wav,C
test_5568.wav,C
test_5569.wav,C
test_5570.wav,NC
test_5571.wav,NC
test_5572.wav,NC
test_5573.wav,NC
test_5574.wav,C
test_5575.wav,NC
test_5576.wav,NC
test_5577.wav,NC
test_5578.wav,NC
test_5579.wav,NC
test_5580.wav,C
test_5581.wav,NC
test_5582.wav,NC
test_5583.wav,NC
test_5584.wav,NC
test_5585.wav,NC
test_5586.wav,NC
test_5587.wav,NC
test_5588.wav,NC
test_5589.wav,C
test_5590.wav,C
test_5591.wav,C
test_5592.wav,NC
test_5593.wav,NC
test_5594.wav,NC
test_5595.wav,C
test_5596.wav,C
test_5597.wav,NC
test_5598.wav,NC
test_5599.wav,C
test_5600.wav,NC
test_5601.wav,NC
test_5602.wav,C
test_5603.wav,C
test_5604.wav,NC
test_5605.wav,NC
test_5606.wav,C
test_5607.wav,C
test_5608.wav,NC
test_5609.wav,C
test_5610.wav,C
test_5611.wav,NC
test_5612.wav,NC
test_5613.wav,NC
test_5614.wav,C
test_5615.wav,C
test_5616.wav,C
test_5617.wav,NC
test_5618.wav,C
test_5619.wav,NC
test_5620.wav,NC
test_5621.wav,NC
test_5622.wav,C
test_5623.wav,NC
test_5624.wav,NC
test_5625.wav,C
test_5626.wav,C
test_5627.wav,C
test_5628.wav,C
test_5629.wav,C
test_5630.wav,NC
test_5631.wav,NC
test_5632.wav,C
test_5633.wav,NC
test_5634.wav,NC
test_5635.wav,C
test_5636.wav,NC
test_5637.wav,NC
test_5638.wav,NC
test_5639.wav,C
test_5640.wav,NC
test_5641.wav,C
test_5642.wav,NC
test_5643.wav,C
test_5644.wav,NC
test_5645.wav,C
test_5646.wav,C
test_5647.wav,C
test_5648.wav,C
test_5649.wav,C
test_5650.wav,C
test_5651.wav,C
test_5652.wav,C
test_5653.wav,NC
test_5654.wav,NC
test_5655.wav,C
test_5656.wav,NC
test_5657.wav,NC
test_5658.wav,C
test_5659.wav,NC
test_5660.wav,C
test_5661.wav,NC
test_5662.wav,C
test_5663.wav,NC
test_5664.wav,NC
test_5665.wav,C
test_5666.wav,NC
test_5667.wav,NC
test_5668.wav,C
test_5669.wav,NC
test_5670.wav,NC
test_5671.wav,C
test_5672.wav,NC
test_5673.wav,NC
test_5674.wav,NC
test_5675.wav,NC
test_5676.wav,NC
test_5677.wav,C
test_5678.wav,NC
test_5679.wav,C
test_5680.wav,C
test_5681.wav,NC
test_5682.wav,NC
test_5683.wav,C
test_5684.wav,NC
test_5685.wav,C
test_5686.wav,NC
test_5687.wav,C
test_5688.wav,NC
test_5689.wav,NC
test_5690.wav,NC
test_5691.wav,NC
test_5692.wav,NC
test_5693.wav,NC
test_5694.wav,NC
test_5695.wav,C
test_5696.wav,NC
test_5697.wav,C
test_5698.wav,NC
test_5699.wav,NC
test_5700.wav,NC
test_5701.wav,C
test_5702.wav,C
test_5703.wav,NC
test_5704.wav,C
test_5705.wav,NC
test_5706.wav,C
test_5707.wav,NC
test_5708.wav,NC
test_5709.wav,NC
test_5710.wav,C
test_5711.wav,C
test_5712.wav,NC
test_5713.wav,C
test_5714.wav,C
test_5715.wav,C
test_5716.wav,C
test_5717.wav,NC
test_5718.wav,C
test_5719.wav,NC
test_5720.wav,NC
test_5721.wav,NC
test_5722.wav,NC
test_5723.wav,NC
test_5724.wav,NC
test_5725.wav,NC
test_5726.wav,C
test_5727.wav,NC
test_5728.wav,NC
test_5729.wav,NC
test_5730.wav,NC
test_5731.wav,C
test_5732.wav,NC
test_5733.wav,NC
test_5734.wav,C
test_5735.wav,NC
test_5736.wav,C
test_5737.wav,C
test_5738.wav,C
test_5739.wav,C
test_5740.wav,NC
test_5741.wav,C
test_5742.wav,NC
test_5743.wav,C
test_5744.wav,NC
test_5745.wav,C
test_5746.wav,C
test_5747.wav,NC
test_5748.wav,NC
test_5749.wav,C
test_5750.wav,NC
test_5751.wav,NC
test_5752.wav,C
test_5753.wav,NC
test_5754.wav,C
test_5755.wav,C
test_5756.wav,NC
test_5757.wav,NC
test_5758.wav,NC
test_5759.wav,C
test_5760.wav,NC
test_5761.wav,C
test_5762.wav,NC
test_5763.wav,C
test_5764.wav,C
test_5765.wav,NC
test_5766.wav,NC
test_5767.wav,NC
test_5768.wav,NC
test_5769.wav,C
test_5770.wav,NC
test_5771.wav,NC
test_5772.wav,NC
test_5773.wav,C
test_5774.wav,C
test_5775.wav,C
test_5776.wav,NC
test_5777.wav,NC
test_5778.wav,NC
test_5779.wav,C
test_5780.wav,NC
test_5781.wav,C
test_5782.wav,NC
test_5783.wav,NC
test_5784.wav,NC
test_5785.wav,C
test_5786.wav,NC
test_5787.wav,C
test_5788.wav,NC
test_5789.wav,NC
test_5790.wav,NC
test_5791.wav,C
test_5792.wav,NC
test_5793.wav,NC
test_5794.wav,C
test_5795.wav,C
test_5796.wav,NC
test_5797.wav,NC
test_5798.wav,C
test_5799.wav,NC
test_5800.wav,NC
test_5801.wav,C
test_5802.wav,NC
test_5803.wav,C
test_5804.wav,NC
test_5805.wav,NC
test_5806.wav,C
test_5807.wav,NC
test_5808.wav,NC
test_5809.wav,NC
test_5810.wav,NC
test_5811.wav,NC
test_5812.wav,C
test_5813.wav,NC
test_5814.wav,NC
test_5815.wav,NC
test_5816.wav,NC
test_5817.wav,C
test_5818.wav,C
test_5819.wav,NC
test_5820.wav,NC
test_5821.wav,NC
test_5822.wav,NC
test_5823.wav,NC
test_5824.wav,NC
test_5825.wav,NC
test_5826.wav,NC
test_5827.wav,NC
test_5828.wav,C
test_5829.wav,C
test_5830.wav,C
test_5831.wav,NC
test_5832.wav,C
test_5833.wav,NC
test_5834.wav,NC
test_5835.wav,C
test_5836.wav,C
test_5837.wav,NC
test_5838.wav,C
test_5839.wav,NC
test_5840.wav,NC
test_5841.wav,NC
test_5842.wav,NC
test_5843.wav,NC
test_5844.wav,C
test_5845.wav,NC
test_5846.wav,NC
test_5847.wav,C
test_5848.wav,NC
test_5849.wav,NC
test_5850.wav,NC
test_5851.wav,NC
test_5852.wav,NC
test_5853.wav,C
test_5854.wav,NC
test_5855.wav,NC
test_5856.wav,NC
test_5857.wav,C
test_5858.wav,NC
test_5859.wav,NC
test_5860.wav,C
test_5861.wav,NC
test_5862.wav,C
test_5863.wav,C
test_5864.wav,NC
test_5865.wav,NC
test_5866.wav,NC
test_5867.wav,C
test_5868.wav,NC
test_5869.wav,C
test_5870.wav,NC
test_5871.wav,C
test_5872.wav,C
test_5873.wav,C
test_5874.wav,C
test_5875.wav,NC
test_5876.wav,NC
test_5877.wav,NC
test_5878.wav,NC
test_5879.wav,NC
test_5880.wav,C
test_5881.wav,NC
test_5882.wav,NC
test_5883.wav,NC
test_5884.wav,C
test_5885.wav,C
test_5886.wav,C
test_5887.wav,NC
test_5888.wav,NC
test_5889.wav,NC
test_5890.wav,NC
test_5891.wav,NC
test_5892.wav,C
test_5893.wav,NC
test_5894.wav,C
test_5895.wav,NC
test_5896.wav,C
test_5897.wav,NC
test_5898.wav,NC
test_5899.wav,C
test_5900.wav,NC
test_5901.wav,NC
test_5902.wav,C
test_5903.wav,NC
test_5904.wav,NC
test_5905.wav,C
test_5906.wav,C
test_5907.wav,C
test_5908.wav,NC
test_5909.wav,NC
test_5910.wav,C
test_5911.wav,C
test_5912.wav,NC
test_5913.wav,C
test_5914.wav,NC
test_5915.wav,NC
test_5916.wav,C
test_5917.wav,C
test_5918.wav,C
test_5919.wav,NC
test_5920.wav,C
test_5921.wav,C
test_5922.wav,C
test_5923.wav,NC
test_5924.wav,NC
test_5925.wav,NC
test_5926.wav,NC
test_5927.wav,C
test_5928.wav,NC
test_5929.wav,C
test_5930.wav,NC
test_5931.wav,NC
test_5932.wav,C
test_5933.wav,C
test_5934.wav,C
test_5935.wav,NC
test_5936.wav,C
test_5937.wav,NC
test_5938.wav,C
test_5939.wav,C
test_5940.wav,NC
test_5941.wav,NC
test_5942.wav,NC
test_5943.wav,NC
test_5944.wav,NC
test_5945.wav,NC
test_5946.wav,C
test_5947.wav,C
test_5948.wav,NC
test_5949.wav,NC
test_5950.wav,NC
test_5951.wav,NC
test_5952.wav,NC
test_5953.wav,C
test_5954.wav,C
test_5955.wav,NC
test_5956.wav,NC
test_5957.wav,NC
test_5958.wav,C
test_5959.wav,NC
test_5960.wav,NC
test_5961.wav,C
test_5962.wav,NC
test_5963.wav,C
test_5964.wav,C
test_5965.wav,NC
test_5966.wav,C
test_5967.wav,C
test_5968.wav,NC
test_5969.wav,NC
test_5970.wav,C
test_5971.wav,NC
test_5972.wav,NC
test_5973.wav,C
test_5974.wav,NC
test_5975.wav,C
test_5976.wav,NC
test_5977.wav,C
test_5978.wav,NC
test_5979.wav,NC
test_5980.wav,NC
test_5981.wav,C
test_5982.wav,C
test_5983.wav,NC
test_5984.wav,C
test_5985.wav,NC
test_5986.wav,C
test_5987.wav,C
test_5988.wav,NC
test_5989.wav,C
test_5990.wav,NC
test_5991.wav,C
test_5992.wav,NC
test_5993.wav,C
test_5994.wav,NC
test_5995.wav,C
test_5996.wav,C
test_5997.wav,C
test_5998.wav,C
test_5999.wav,NC
test_6000.wav,C
test_6001.wav,C
test_6002.wav,C
test_6003.wav,NC
test_6004.wav,NC
test_6005.wav,C
test_6006.wav,NC
test_6007.wav,C
test_6008.wav,C
test_6009.wav,NC
test_6010.wav,C
test_6011.wav,C
test_6012.wav,NC
test_6013.wav,C
test_6014.wav,C
test_6015.wav,C
test_6016.wav,NC
test_6017.wav,NC
test_6018.wav,C
test_6019.wav,C
test_6020.wav,NC
test_6021.wav,NC
test_6022.wav,C
test_6023.wav,NC
test_6024.wav,NC
test_6025.wav,C
test_6026.wav,NC
test_6027.wav,NC
test_6028.wav,NC
test_6029.wav,NC
test_6030.wav,NC
test_6031.wav,NC
test_6032.wav,NC
test_6033.wav,C
test_6034.wav,NC
test_6035.wav,NC
test_6036.wav,NC
test_6037.wav,NC
test_6038.wav,NC
test_6039.wav,C
test_6040.wav,C
test_6041.wav,C
test_6042.wav,C
test_6043.wav,C
test_6044.wav,NC
test_6045.wav,NC
test_6046.wav,C
test_6047.wav,C
test_6048.wav,C
test_6049.wav,C
test_6050.wav,NC
test_6051.wav,C
test_6052.wav,NC
test_6053.wav,NC
test_6054.wav,NC
test_6055.wav,C
test_6056.wav,NC
test_6057.wav,C
test_6058.wav,NC
test_6059.wav,NC
test_6060.wav,C
test_6061.wav,NC
test_6062.wav,NC
test_6063.wav,NC
test_6064.wav,C
test_6065.wav,NC
test_6066.wav,NC
test_6067.wav,NC
test_6068.wav,C
test_6069.wav,NC
test_6070.wav,C
test_6071.wav,NC
test_6072.wav,NC
test_6073.wav,NC
test_6074.wav,NC
test_6075.wav,C
test_6076.wav,NC
test_6077.wav,C
test_6078.wav,C
test_6079.wav,C
test_6080.wav,C
test_6081.wav,NC
test_6082.wav,C
test_6083.wav,NC
test_6084.wav,C
test_6085.wav,C
test_6086.wav,NC
test_6087.wav,NC
test_6088.wav,NC
test_6089.wav,NC
test_6090.wav,NC
test_6091.wav,NC
test_6092.wav,C
test_6093.wav,NC
test_6094.wav,NC
test_6095.wav,NC
test_6096.wav,C
test_6097.wav,C
test_6098.wav,NC
test_6099.wav,NC
test_6100.wav,C
test_6101.wav,C
test_6102.wav,NC
test_6103.wav,NC
test_6104.wav,C
test_6105.wav,NC
test_6106.wav,NC
test_6107.wav,NC
test_6108.wav,C
test_6109.wav,NC
test_6110.wav,NC
test_6111.wav,NC
test_6112.wav,C
test_6113.wav,C
test_6114.wav,NC
test_6115.wav,NC
test_6116.wav,C
test_6117.wav,NC
test_6118.wav,NC
test_6119.wav,C
test_6120.wav,NC
test_6121.wav,NC
test_6122.wav,NC
test_6123.wav,C
test_6124.wav,NC
test_6125.wav,NC
test_6126.wav,C
test_6127.wav,NC
test_6128.wav,NC
test_6129.wav,C
test_6130.wav,NC
test_6131.wav,NC
test_6132.wav,NC
test_6133.wav,C
test_6134.wav,C
test_6135.wav,NC
test_6136.wav,NC
test_6137.wav,C
test_6138.wav,NC
test_6139.wav,NC
test_6140.wav,NC
test_6141.wav,C
test_6142.wav,C
test_6143.wav,C
test_6144.wav,C
test_6145.wav,C
test_6146.wav,C
test_6147.wav,C
test_6148.wav,NC
test_6149.wav,C
test_6150.wav,NC
test_6151.wav,C
test_6152.wav,NC
test_6153.wav,NC
test_6154.wav,NC
test_6155.wav,NC
test_6156.wav,C
test_6157.wav,C
test_6158.wav,NC
test_6159.wav,C
test_6160.wav,NC
test_6161.wav,NC
test_6162.wav,NC
test_6163.wav,NC
test_6164.wav,NC
test_6165.wav,NC
test_6166.wav,C
test_6167.wav,NC
test_6168.wav,C
test_6169.wav,NC
test_6170.wav,NC
test_6171.wav,C
test_6172.wav,NC
test_6173.wav,C
test_6174.wav,NC
test_6175.wav,C
test_6176.wav,NC
test_6177.wav,NC
test_6178.wav,NC
test_6179.wav,C
test_6180.wav,NC
test_6181.wav,C
test_6182.wav,NC
test_6183.wav,C
test_6184.wav,C
test_6185.wav,NC
test_6186.wav,NC
test_6187.wav,NC
test_6188.wav,NC
test_6189.wav,C
test_6190.wav,C
test_6191.wav,NC
test_6192.wav,C
test_6193.wav,NC
test_6194.wav,NC
test_6195.wav,NC
test_6196.wav,NC
test_6197.wav,NC
test_6198.wav,C
test_6199.wav,NC
test_6200.wav,NC
test_6201.wav,C
test_6202.wav,C
test_6203.wav,C
test_6204.wav,C
test_6205.wav,NC
test_6206.wav,NC
test_6207.wav,C
test_6208.wav,NC
test_6209.wav,C
test_6210.wav,C
test_6211.wav,NC
test_6212.wav,NC
test_6213.wav,NC
test_6214.wav,NC
test_6215.wav,NC
test_6216.wav,C
test_6217.wav,C
test_6218.wav,NC
test_6219.wav,NC
test_6220.wav,C
test_6221.wav,C
test_6222.wav,NC
test_6223.wav,NC
test_6224.wav,NC
test_6225.wav,C
test_6226.wav,NC
test_6227.wav,C
test_6228.wav,C
test_6229.wav,NC
test_6230.wav,C
test_6231.wav,NC
test_6232.wav,NC
test_6233.wav,NC
test_6234.wav,C
test_6235.wav,C
test_6236.wav,C
test_6237.wav,NC
test_6238.wav,C
test_6239.wav,NC
test_6240.wav,NC
test_6241.wav,NC
test_6242.wav,NC
test_6243.wav,C
test_6244.wav,NC
test_6245.wav,NC
test_6246.wav,NC
test_6247.wav,NC
test_6248.wav,NC
test_6249.wav,NC
test_6250.wav,C
test_6251.wav,NC
test_6252.wav,NC
test_6253.wav,NC
test_6254.wav,C
test_6255.wav,C
test_6256.wav,C
test_6257.wav,NC
test_6258.wav,C
test_6259.wav,C
test_6260.wav,NC
test_6261.wav,NC
test_6262.wav,NC
test_6263.wav,C
test_6264.wav,C
test_6265.wav,C
test_6266.wav,NC
test_6267.wav,NC
test_6268.wav,NC
test_6269.wav,NC
test_6270.wav,NC
test_6271.wav,C
test_6272.wav,NC
test_6273.wav,C
test_6274.wav,NC
test_6275.wav,C
test_6276.wav,NC
test_6277.wav,C
test_6278.wav,C
test_6279.wav,NC
test_6280.wav,C
test_6281.wav,NC
test_6282.wav,NC
test_6283.wav,NC
test_6284.wav,C
test_6285.wav,C
test_6286.wav,NC
test_6287.wav,C
test_6288.wav,C
test_6289.wav,NC
test_6290.wav,NC
test_6291.wav,NC
test_6292.wav,NC
test_6293.wav,C
test_6294.wav,C
test_6295.wav,NC
test_6296.wav,NC
test_6297.wav,NC
test_6298.wav,C
test_6299.wav,NC
test_6300.wav,NC
test_6301.wav,C
test_6302.wav,NC
test_6303.wav,C
test_6304.wav,C
test_6305.wav,C
test_6306.wav,C
test_6307.wav,NC
test_6308.wav,NC
test_6309.wav,C
test_6310.wav,C
test_6311.wav,NC
test_6312.wav,NC
test_6313.wav,NC
test_6314.wav,NC
test_6315.wav,C
test_6316.wav,NC
test_6317.wav,NC
test_6318.wav,NC
test_6319.wav,NC
test_6320.wav,C
test_6321.wav,NC
test_6322.wav,NC
test_6323.wav,NC
test_6324.wav,C
test_6325.wav,NC
test_6326.wav,NC
test_6327.wav,NC
test_6328.wav,NC
test_6329.wav,C
test_6330.wav,C
test_6331.wav,NC
test_6332.wav,NC
test_6333.wav,C
test_6334.wav,NC
test_6335.wav,C
test_6336.wav,NC
test_6337.wav,C
test_6338.wav,NC
test_6339.wav,NC
test_6340.wav,C
test_6341.wav,NC
test_6342.wav,NC
test_6343.wav,NC
test_6344.wav,NC
test_6345.wav,NC
test_6346.wav,NC
test_6347.wav,C
test_6348.wav,NC
test_6349.wav,NC
test_6350.wav,NC
test_6351.wav,C
test_6352.wav,C
test_6353.wav,NC
test_6354.wav,NC
test_6355.wav,C
test_6356.wav,NC
test_6357.wav,C
test_6358.wav,NC
test_6359.wav,C
test_6360.wav,NC
test_6361.wav,C
test_6362.wav,NC
test_6363.wav,C
test_6364.wav,C
test_6365.wav,NC
test_6366.wav,NC
test_6367.wav,NC
test_6368.wav,NC
test_6369.wav,NC
test_6370.wav,NC
test_6371.wav,NC
test_6372.wav,NC
test_6373.wav,NC
test_6374.wav,C
test_6375.wav,C
test_6376.wav,NC
test_6377.wav,C
test_6378.wav,NC
test_6379.wav,C
test_6380.wav,C
test_6381.wav,NC
test_6382.wav,C
test_6383.wav,NC
test_6384.wav,C
test_6385.wav,NC
test_6386.wav,NC
test_6387.wav,C
test_6388.wav,C
test_6389.wav,NC
test_6390.wav,C
test_6391.wav,NC
test_6392.wav,NC
test_6393.wav,C
test_6394.wav,NC
test_6395.wav,NC
test_6396.wav,NC
test_6397.wav,C
test_6398.wav,C
test_6399.wav,C
test_6400.wav,NC
test_6401.wav,C
test_6402.wav,NC
test_6403.wav,NC
test_6404.wav,C
test_6405.wav,C
test_6406.wav,NC
test_6407.wav,NC
test_6408.wav,NC
test_6409.wav,NC
test_6410.wav,NC
test_6411.wav,NC
test_6412.wav,NC
test_6413.wav,NC
test_6414.wav,C
test_6415.wav,C
test_6416.wav,NC
test_6417.wav,C
test_6418.wav,NC
test_6419.wav,NC
test_6420.wav,NC
test_6421.wav,C
test_6422.wav,NC
test_6423.wav,NC
test_6424.wav,C
test_6425.wav,C
test_6426.wav,NC
test_6427.wav,NC
test_6428.wav,NC
test_6429.wav,NC
test_6430.wav,NC
test_6431.wav,NC
test_6432.wav,NC
test_6433.wav,NC
test_6434.wav,NC
test_6435.wav,NC
test_6436.wav,NC
test_6437.wav,NC
test_6438.wav,NC
test_6439.wav,C
test_6440.wav,NC
test_6441.wav,C
test_6442.wav,NC
test_6443.wav,NC
test_6444.wav,NC
test_6445.wav,C
test_6446.wav,C
test_6447.wav,C
test_6448.wav,NC
test_6449.wav,C
test_6450.wav,C
test_6451.wav,NC
test_6452.wav,C
test_6453.wav,NC
test_6454.wav,C
test_6455.wav,NC
test_6456.wav,C
test_6457.wav,C
test_6458.wav,C
test_6459.wav,C
test_6460.wav,NC
test_6461.wav,C
test_6462.wav,C
test_6463.wav,C
test_6464.wav,NC
test_6465.wav,C
test_6466.wav,NC
test_6467.wav,C
test_6468.wav,C
test_6469.wav,C
test_6470.wav,NC
test_6471.wav,NC
test_6472.wav,NC
test_6473.wav,NC
test_6474.wav,C
test_6475.wav,NC
test_6476.wav,NC
test_6477.wav,NC
test_6478.wav,NC
test_6479.wav,C
test_6480.wav,NC
test_6481.wav,C
test_6482.wav,C
test_6483.wav,C
test_6484.wav,NC
test_6485.wav,NC
test_6486.wav,NC
test_6487.wav,NC
test_6488.wav,C
test_6489.wav,C
test_6490.wav,NC
test_6491.wav,NC
test_6492.wav,C
test_6493.wav,NC
test_6494.wav,C
test_6495.wav,NC
test_6496.wav,NC
test_6497.wav,NC
test_6498.wav,NC
test_6499.wav,NC
test_6500.wav,NC
test_6501.wav,NC
test_6502.wav,C
test_6503.wav,NC
test_6504.wav,NC
test_6505.wav,NC
test_6506.wav,NC
test_6507.wav,NC
test_6508.wav,C
test_6509.wav,NC
test_6510.wav,NC
test_6511.wav,C
test_6512.wav,C
test_6513.wav,C
test_6514.wav,C
test_6515.wav,C
test_6516.wav,C
test_6517.wav,NC
test_6518.wav,NC
test_6519.wav,NC
test_6520.wav,NC
test_6521.wav,C
test_6522.wav,NC
test_6523.wav,C
test_6524.wav,C
test_6525.wav,NC
test_6526.wav,C
test_6527.wav,C
test_6528.wav,NC
test_6529.wav,C
test_6530.wav,NC
test_6531.wav,NC
test_6532.wav,NC
test_6533.wav,NC
test_6534.wav,C
test_6535.wav,NC
test_6536.wav,C
test_6537.wav,NC
test_6538.wav,NC
test_6539.wav,NC
test_6540.wav,C
test_6541.wav,NC
test_6542.wav,NC
test_6543.wav,C
test_6544.wav,C
test_6545.wav,NC
test_6546.wav,C
test_6547.wav,NC
test_6548.wav,C
test_6549.wav,C
test_6550.wav,NC
test_6551.wav,C
test_6552.wav,NC
test_6553.wav,C
test_6554.wav,C
test_6555.wav,NC
test_6556.wav,C
test_6557.wav,NC
test_6558.wav,NC
test_6559.wav,NC
test_6560.wav,NC
test_6561.wav,C
test_6562.wav,NC
test_6563.wav,C
test_6564.wav,NC
test_6565.wav,NC
test_6566.wav,NC
test_6567.wav,C
test_6568.wav,NC
test_6569.wav,C
test_6570.wav,C
test_6571.wav,NC
test_6572.wav,C
test_6573.wav,NC
test_6574.wav,NC
test_6575.wav,C
test_6576.wav,C
test_6577.wav,NC
test_6578.wav,C
test_6579.wav,NC
test_6580.wav,C
test_6581.wav,C
test_6582.wav,C
test_6583.wav,NC
test_6584.wav,NC
test_6585.wav,NC
test_6586.wav,NC
test_6587.wav,C
test_6588.wav,NC
test_6589.wav,C
test_6590.wav,NC
test_6591.wav,NC
test_6592.wav,NC
test_6593.wav,C
test_6594.wav,NC
test_6595.wav,NC
test_6596.wav,NC
test_6597.wav,NC
test_6598.wav,NC
test_6599.wav,NC
test_6600.wav,NC
test_6601.wav,C
test_6602.wav,NC
test_6603.wav,C
test_6604.wav,NC
test_6605.wav,NC
test_6606.wav,C
test_6607.wav,NC
test_6608.wav,NC
test_6609.wav,NC
test_6610.wav,NC
test_6611.wav,NC
test_6612.wav,NC
test_6613.wav,NC
test_6614.wav,NC
test_6615.wav,NC
test_6616.wav,C
test_6617.wav,C
test_6618.wav,NC
test_6619.wav,NC
test_6620.wav,NC
test_6621.wav,NC
test_6622.wav,NC
test_6623.wav,NC
test_6624.wav,NC
test_6625.wav,C
test_6626.wav,C
test_6627.wav,NC
test_6628.wav,C
test_6629.wav,NC
test_6630.wav,C
test_6631.wav,C
test_6632.wav,NC
test_6633.wav,NC
test_6634.wav,C
test_6635.wav,NC
test_6636.wav,C
test_6637.wav,NC
test_6638.wav,NC
test_6639.wav,C
test_6640.wav,C
test_6641.wav,C
test_6642.wav,NC
test_6643.wav,NC
test_6644.wav,C
test_6645.wav,NC
test_6646.wav,C
test_6647.wav,NC
test_6648.wav,NC
test_6649.wav,C
test_6650.wav,NC
test_6651.wav,NC
test_6652.wav,NC
test_6653.wav,C
test_6654.wav,NC
test_6655.wav,C
test_6656.wav,C
test_6657.wav,NC
test_6658.wav,C
test_6659.wav,C
test_6660.wav,NC
test_6661.wav,NC
test_6662.wav,NC
test_6663.wav,NC
test_6664.wav,NC
test_6665.wav,C
test_6666.wav,C
test_6667.wav,C
test_6668.wav,NC
test_6669.wav,NC
test_6670.wav,C
test_6671.wav,NC
test_6672.wav,C
test_6673.wav,C
test_6674.wav,NC
test_6675.wav,C
test_6676.wav,C
test_6677.wav,C
test_6678.wav,NC
test_6679.wav,NC
test_6680.wav,NC
test_6681.wav,C
test_6682.wav,NC
test_6683.wav,C
test_6684.wav,NC
test_6685.wav,C
test_6686.wav,NC
test_6687.wav,NC
test_6688.wav,NC
test_6689.wav,NC
test_6690.wav,C
test_6691.wav,NC
test_6692.wav,NC
test_6693.wav,C
test_6694.wav,C
test_6695.wav,NC
test_6696.wav,NC
test_6697.wav,C
test_6698.wav,NC
test_6699.wav,NC
test_6700.wav,C
test_6701.wav,NC
test_6702.wav,NC
test_6703.wav,C
test_6704.wav,NC
test_6705.wav,NC
test_6706.wav,NC
test_6707.wav,C
test_6708.wav,C
test_6709.wav,NC
test_6710.wav,C
test_6711.wav,NC
test_6712.wav,C
test_6713.wav,NC
test_6714.wav,NC
test_6715.wav,NC
test_6716.wav,NC
test_6717.wav,NC
test_6718.wav,NC
test_6719.wav,NC
test_6720.wav,C
test_6721.wav,C
test_6722.wav,NC
test_6723.wav,NC
test_6724.wav,C
test_6725.wav,NC
test_6726.wav,NC
test_6727.wav,NC
test_6728.wav,C
test_6729.wav,NC
test_6730.wav,C
test_6731.wav,NC
test_6732.wav,NC
test_6733.wav,C
test_6734.wav,NC
test_6735.wav,C
test_6736.wav,C
test_6737.wav,NC
test_6738.wav,C
test_6739.wav,NC
test_6740.wav,C
test_6741.wav,C
test_6742.wav,NC
test_6743.wav,NC
test_6744.wav,NC
test_6745.wav,C
test_6746.wav,NC
test_6747.wav,NC
test_6748.wav,NC
test_6749.wav,NC
test_6750.wav,NC
test_6751.wav,NC
test_6752.wav,NC
test_6753.wav,NC
test_6754.wav,NC
test_6755.wav,C
test_6756.wav,NC
test_6757.wav,NC
test_6758.wav,NC
test_6759.wav,C
test_6760.wav,NC
test_6761.wav,C
test_6762.wav,NC
test_6763.wav,NC
test_6764.wav,NC
test_6765.wav,NC
test_6766.wav,NC
test_6767.wav,C
test_6768.wav,NC
test_6769.wav,C
test_6770.wav,C
test_6771.wav,NC
test_6772.wav,NC
test_6773.wav,C
test_6774.wav,NC
test_6775.wav,NC
test_6776.wav,NC
test_6777.wav,NC
test_6778.wav,C
test_6779.wav,C
test_6780.wav,NC
test_6781.wav,C
test_6782.wav,C
test_6783.wav,NC
test_6784.wav,NC
test_6785.wav,C
test_6786.wav,NC
test_6787.wav,NC
test_6788.wav,C
test_6789.wav,C
test_6790.wav,C
test_6791.wav,C
test_6792.wav,NC
test_6793.wav,NC
test_6794.wav,C
test_6795.wav,NC
test_6796.wav,C
test_6797.wav,NC
test_6798.wav,C
test_6799.wav,C
test_6800.wav,C
test_6801.wav,NC
test_6802.wav,NC
test_6803.wav,NC
test_6804.wav,C
test_6805.wav,NC
test_6806.wav,C
test_6807.wav,NC
test_6808.wav,NC
test_6809.wav,NC
test_6810.wav,NC
test_6811.wav,NC
test_6812.wav,NC
test_6813.wav,NC
test_6814.wav,C
test_6815.wav,NC
test_6816.wav,C
test_6817.wav,NC
test_6818.wav,NC
test_6819.wav,NC
test_6820.wav,C
test_6821.wav,NC
test_6822.wav,C
test_6823.wav,NC
test_6824.wav,NC
test_6825.wav,NC
test_6826.wav,NC
test_6827.wav,C
test_6828.wav,NC
test_6829.wav,NC
test_6830.wav,NC
test_6831.wav,NC
test_6832.wav,C
test_6833.wav,C
test_6834.wav,NC
test_6835.wav,NC
test_6836.wav,NC
test_6837.wav,C
test_6838.wav,C
test_6839.wav,NC
test_6840.wav,NC
test_6841.wav,C
test_6842.wav,NC
test_6843.wav,NC
test_6844.wav,C
test_6845.wav,C
test_6846.wav,C
test_6847.wav,C
test_6848.wav,NC
test_6849.wav,C
test_6850.wav,NC
test_6851.wav,C
test_6852.wav,C
test_6853.wav,C
test_6854.wav,C
test_6855.wav,NC
test_6856.wav,NC
test_6857.wav,NC
test_6858.wav,NC
test_6859.wav,NC
test_6860.wav,NC
test_6861.wav,NC
test_6862.wav,C
test_6863.wav,NC
test_6864.wav,C
test_6865.wav,C
test_6866.wav,NC
test_6867.wav,C
test_6868.wav,NC
test_6869.wav,NC
test_6870.wav,NC
test_6871.wav,C
test_6872.wav,NC
test_6873.wav,C
test_6874.wav,NC
test_6875.wav,NC
test_6876.wav,NC
test_6877.wav,NC
test_6878.wav,NC
test_6879.wav,NC
test_6880.wav,C
test_6881.wav,C
test_6882.wav,C
test_6883.wav,NC
test_6884.wav,NC
test_6885.wav,NC
test_6886.wav,NC
test_6887.wav,C
test_6888.wav,C
test_6889.wav,NC
test_6890.wav,NC
test_6891.wav,NC
test_6892.wav,C
test_6893.wav,NC
test_6894.wav,NC
test_6895.wav,NC
test_6896.wav,NC
test_6897.wav,C
test_6898.wav,NC
test_6899.wav,C
test_6900.wav,C
test_6901.wav,NC
test_6902.wav,NC
test_6903.wav,NC
test_6904.wav,C
test_6905.wav,NC
test_6906.wav,NC
test_6907.wav,NC
test_6908.wav,C
test_6909.wav,NC
test_6910.wav,NC
test_6911.wav,C
test_6912.wav,NC
test_6913.wav,C
test_6914.wav,NC
test_6915.wav,C
test_6916.wav,C
test_6917.wav,C
test_6918.wav,NC
test_6919.wav,C
test_6920.wav,C
test_6921.wav,C
test_6922.wav,NC
test_6923.wav,NC
test_6924.wav,C
test_6925.wav,NC
test_6926.wav,C
test_6927.wav,NC
test_6928.wav,NC
test_6929.wav,C
test_6930.wav,C
test_6931.wav,C
test_6932.wav,NC
test_6933.wav,NC
test_6934.wav,C
test_6935.wav,NC
test_6936.wav,NC
test_6937.wav,NC
test_6938.wav,NC
test_6939.wav,NC
test_6940.wav,NC
test_6941.wav,NC
test_6942.wav,NC
test_6943.wav,NC
test_6944.wav,NC
test_6945.wav,NC
test_6946.wav,NC
test_6947.wav,NC
test_6948.wav,NC
test_6949.wav,NC
test_6950.wav,NC
test_6951.wav,C
test_6952.wav,C
test_6953.wav,C
test_6954.wav,C
test_6955.wav,C
test_6956.wav,NC
test_6957.wav,NC
test_6958.wav,C
test_6959.wav,C
test_6960.wav,NC
test_6961.wav,C
test_6962.wav,NC
test_6963.wav,NC
test_6964.wav,NC
test_6965.wav,C
test_6966.wav,C
test_6967.wav,C
test_6968.wav,NC
test_6969.wav,C
test_6970.wav,C
test_6971.wav,C
test_6972.wav,C
test_6973.wav,C
test_6974.wav,NC
test_6975.wav,C
test_6976.wav,NC
test_6977.wav,NC
test_6978.wav,NC
test_6979.wav,NC
test_6980.wav,NC
test_6981.wav,NC
test_6982.wav,C
test_6983.wav,C
test_6984.wav,NC
test_6985.wav,NC
test_6986.wav,NC
test_6987.wav,NC
test_6988.wav,C
test_6989.wav,C
test_6990.wav,NC
test_6991.wav,C
test_6992.wav,C
test_6993.wav,NC
test_6994.wav,NC
test_6995.wav,C
test_6996.wav,C
test_6997.wav,C
test_6998.wav,C
test_6999.wav,NC
test_7000.wav,NC
test_7001.wav,C
test_7002.wav,NC
test_7003.wav,NC
test_7004.wav,C
test_7005.wav,NC
test_7006.wav,NC
test_7007.wav,NC
test_7008.wav,NC
test_7009.wav,NC
test_7010.wav,C
test_7011.wav,NC
test_7012.wav,NC
test_7013.wav,C
test_7014.wav,C
test_7015.wav,C
test_7016.wav,C
test_7017.wav,NC
test_7018.wav,C
test_7019.wav,NC
test_7020.wav,C
test_7021.wav,C
test_7022.wav,C
test_7023.wav,NC
test_7024.wav,C
test_7025.wav,C
test_7026.wav,C
test_7027.wav,NC
test_7028.wav,NC
test_7029.wav,NC
test_7030.wav,NC
test_7031.wav,C
test_7032.wav,NC
test_7033.wav,NC
test_7034.wav,NC
test_7035.wav,NC
test_7036.wav,C
test_7037.wav,C
test_7038.wav,C
test_7039.wav,C
test_7040.wav,C
test_7041.wav,C
test_7042.wav,C
test_7043.wav,NC
test_7044.wav,NC
test_7045.wav,NC
test_7046.wav,C
test_7047.wav,NC
test_7048.wav,NC
test_7049.wav,NC
test_7050.wav,C
test_7051.wav,NC
test_7052.wav,NC
test_7053.wav,NC
test_7054.wav,NC
test_7055.wav,C
test_7056.wav,C
test_7057.wav,C
test_7058.wav,NC
test_7059.wav,C
test_7060.wav,NC
test_7061.wav,C
test_7062.wav,C
test_7063.wav,C
test_7064.wav,NC
test_7065.wav,NC
test_7066.wav,NC
test_7067.wav,C
test_7068.wav,NC
test_7069.wav,C
test_7070.wav,NC
test_7071.wav,C
test_7072.wav,NC
test_7073.wav,C
test_7074.wav,C
test_7075.wav,NC
test_7076.wav,C
test_7077.wav,NC
test_7078.wav,NC
test_7079.wav,NC
test_7080.wav,C
test_7081.wav,C
test_7082.wav,NC
test_7083.wav,NC
test_7084.wav,C
test_7085.wav,NC
test_7086.wav,NC
test_7087.wav,NC
test_7088.wav,C
test_7089.wav,NC
test_7090.wav,NC
test_7091.wav,C
test_7092.wav,NC
test_7093.wav,C
test_7094.wav,C
test_7095.wav,C
test_7096.wav,NC
test_7097.wav,C
test_7098.wav,NC
test_7099.wav,NC
test_7100.wav,C
test_7101.wav,C
test_7102.wav,C
test_7103.wav,NC
test_7104.wav,C
test_7105.wav,C
test_7106.wav,C
test_7107.wav,C
test_7108.wav,NC
test_7109.wav,NC
test_7110.wav,NC
test_7111.wav,C
test_7112.wav,NC
test_7113.wav,C
test_7114.wav,C
test_7115.wav,C
test_7116.wav,NC
test_7117.wav,NC
test_7118.wav,NC
test_7119.wav,C
test_7120.wav,NC
test_7121.wav,NC
test_7122.wav,C
test_7123.wav,NC
test_7124.wav,NC
test_7125.wav,NC
test_7126.wav,C
test_7127.wav,NC
test_7128.wav,NC
test_7129.wav,C
test_7130.wav,NC
test_7131.wav,NC
test_7132.wav,NC
test_7133.wav,C
test_7134.wav,NC
test_7135.wav,NC
test_7136.wav,NC
test_7137.wav,NC
test_7138.wav,NC
test_7139.wav,C
test_7140.wav,NC
test_7141.wav,C
test_7142.wav,NC
test_7143.wav,C
test_7144.wav,NC
test_7145.wav,NC
test_7146.wav,NC
test_7147.wav,C
test_7148.wav,C
test_7149.wav,NC
test_7150.wav,NC
test_7151.wav,NC
test_7152.wav,C
test_7153.wav,NC
test_7154.wav,C
test_7155.wav,NC
test_7156.wav,C
test_7157.wav,C
test_7158.wav,C
test_7159.wav,NC
test_7160.wav,C
test_7161.wav,C
test_7162.wav,NC
test_7163.wav,NC
test_7164.wav,C
test_7165.wav,C
test_7166.wav,C
test_7167.wav,NC
test_7168.wav,C
test_7169.wav,NC
test_7170.wav,NC
test_7171.wav,NC
test_7172.wav,C
test_7173.wav,NC
test_7174.wav,C
test_7175.wav,NC
test_7176.wav,NC
test_7177.wav,NC
test_7178.wav,NC
test_7179.wav,C
test_7180.wav,C
test_7181.wav,NC
test_7182.wav,NC
test_7183.wav,NC
test_7184.wav,NC
test_7185.wav,C
test_7186.wav,NC
test_7187.wav,C
test_7188.wav,NC
test_7189.wav,C
test_7190.wav,C
test_7191.wav,NC
test_7192.wav,NC
test_7193.wav,NC
test_7194.wav,C
test_7195.wav,C
test_7196.wav,NC
test_7197.wav,NC
test_7198.wav,C
test_7199.wav,NC
test_7200.wav,C
test_7201.wav,NC
test_7202.wav,NC
test_7203.wav,C
test_7204.wav,C
test_7205.wav,NC
test_7206.wav,C
test_7207.wav,NC
test_7208.wav,NC
test_7209.wav,C
test_7210.wav,C
test_7211.wav,NC
test_7212.wav,C
test_7213.wav,NC
test_7214.wav,NC
test_7215.wav,C
test_7216.wav,NC
test_7217.wav,C
test_7218.wav,C
test_7219.wav,C
test_7220.wav,NC
test_7221.wav,C
test_7222.wav,NC
test_7223.wav,NC
test_7224.wav,C
test_7225.wav,C
test_7226.wav,C
test_7227.wav,NC
test_7228.wav,C
test_7229.wav,C
test_7230.wav,C
test_7231.wav,NC
test_7232.wav,C
test_7233.wav,NC
test_7234.wav,C
test_7235.wav,C
test_7236.wav,NC
test_7237.wav,NC
test_7238.wav,C
test_7239.wav,C
test_7240.wav,NC
test_7241.wav,NC
test_7242.wav,C
test_7243.wav,C
test_7244.wav,C
test_7245.wav,C
test_7246.wav,C
test_7247.wav,C
test_7248.wav,NC
test_7249.wav,NC
test_7250.wav,NC
test_7251.wav,NC
test_7252.wav,NC
test_7253.wav,C
test_7254.wav,NC
test_7255.wav,C
test_7256.wav,C
test_7257.wav,NC
test_7258.wav,C
test_7259.wav,NC
test_7260.wav,NC
test_7261.wav,NC
test_7262.wav,NC
test_7263.wav,C
test_7264.wav,C
test_7265.wav,C
test_7266.wav,C
test_7267.wav,NC
test_7268.wav,C
test_7269.wav,NC
test_7270.wav,NC
test_7271.wav,C
test_7272.wav,NC
test_7273.wav,C
test_7274.wav,NC
test_7275.wav,C
test_7276.wav,NC
test_7277.wav,NC
test_7278.wav,C
test_7279.wav,NC
test_7280.wav,NC
test_7281.wav,C
test_7282.wav,NC
test_7283.wav,C
test_7284.wav,NC
test_7285.wav,C
test_7286.wav,NC
test_7287.wav,C
test_7288.wav,NC
test_7289.wav,C
test_7290.wav,NC
test_7291.wav,C
test_7292.wav,C
test_7293.wav,C
test_7294.wav,C
test_7295.wav,NC
test_7296.wav,NC
test_7297.wav,C
test_7298.wav,NC
test_7299.wav,NC
test_7300.wav,NC
test_7301.wav,NC
test_7302.wav,C
test_7303.wav,C
test_7304.wav,NC
test_7305.wav,NC
test_7306.wav,C
test_7307.wav,C
test_7308.wav,NC
test_7309.wav,NC
test_7310.wav,NC
test_7311.wav,NC
test_7312.wav,NC
test_7313.wav,C
test_7314.wav,C
test_7315.wav,C
test_7316.wav,NC
test_7317.wav,C
test_7318.wav,C
test_7319.wav,C
test_7320.wav,C
test_7321.wav,NC
test_7322.wav,NC
test_7323.wav,C
test_7324.wav,NC
test_7325.wav,C
test_7326.wav,NC
test_7327.wav,C
test_7328.wav,C
test_7329.wav,C
test_7330.wav,C
test_7331.wav,NC
test_7332.wav,NC
test_7333.wav,C
test_7334.wav,C
test_7335.wav,NC
test_7336.wav,C
test_7337.wav,NC
test_7338.wav,NC
test_7339.wav,NC
test_7340.wav,NC
test_7341.wav,NC
test_7342.wav,C
test_7343.wav,NC
test_7344.wav,C
test_7345.wav,C
test_7346.wav,NC
test_7347.wav,C
test_7348.wav,NC
test_7349.wav,NC
test_7350.wav,NC
test_7351.wav,NC
test_7352.wav,C
test_7353.wav,NC
test_7354.wav,C
test_7355.wav,NC
test_7356.wav,NC
test_7357.wav,C
test_7358.wav,NC
test_7359.wav,NC
test_7360.wav,C
test_7361.wav,C
test_7362.wav,NC
test_7363.wav,NC
test_7364.wav,NC
test_7365.wav,C
test_7366.wav,C
test_7367.wav,NC
test_7368.wav,NC
test_7369.wav,C
test_7370.wav,NC
test_7371.wav,NC
test_7372.wav,C
test_7373.wav,C
test_7374.wav,C
test_7375.wav,NC
test_7376.wav,NC
test_7377.wav,C
test_7378.wav,C
test_7379.wav,NC
test_7380.wav,NC
test_7381.wav,C
test_7382.wav,NC
test_7383.wav,NC
test_7384.wav,NC
test_7385.wav,C
test_7386.wav,NC
test_7387.wav,NC
test_7388.wav,C
test_7389.wav,NC
test_7390.wav,NC
test_7391.wav,NC
test_7392.wav,C
test_7393.wav,C
test_7394.wav,NC
test_7395.wav,C
test_7396.wav,C
test_7397.wav,NC
test_7398.wav,NC
test_7399.wav,C
test_7400.wav,NC
test_7401.wav,C
test_7402.wav,NC
test_7403.wav,C
test_7404.wav,NC
test_7405.wav,C
test_7406.wav,C
test_7407.wav,NC
test_7408.wav,NC
test_7409.wav,NC
test_7410.wav,NC
test_7411.wav,C
test_7412.wav,NC
test_7413.wav,C
test_7414.wav,NC
test_7415.wav,NC
test_7416.wav,C
test_7417.wav,C
test_7418.wav,C
test_7419.wav,C
test_7420.wav,NC
test_7421.wav,NC
test_7422.wav,NC
test_7423.wav,C
test_7424.wav,NC
test_7425.wav,NC
test_7426.wav,NC
test_7427.wav,C
test_7428.wav,NC
test_7429.wav,NC
test_7430.wav,NC
test_7431.wav,NC
test_7432.wav,NC
test_7433.wav,C
test_7434.wav,C
test_7435.wav,C
test_7436.wav,C
test_7437.wav,NC
test_7438.wav,NC
test_7439.wav,C
test_7440.wav,C
test_7441.wav,C
test_7442.wav,C
test_7443.wav,NC
test_7444.wav,NC
test_7445.wav,NC
test_7446.wav,NC
test_7447.wav,NC
test_7448.wav,NC
test_7449.wav,C
test_7450.wav,C
test_7451.wav,C
test_7452.wav,C
test_7453.wav,C
test_7454.wav,C
test_7455.wav,NC
test_7456.wav,NC
test_7457.wav,NC
test_7458.wav,NC
test_7459.wav,C
test_7460.wav,NC
test_7461.wav,C
test_7462.wav,C
test_7463.wav,NC
test_7464.wav,C
test_7465.wav,C
test_7466.wav,NC
test_7467.wav,NC
test_7468.wav,NC
test_7469.wav,C
test_7470.wav,C
test_7471.wav,NC
test_7472.wav,C
test_7473.wav,NC
test_7474.wav,NC
test_7475.wav,NC
test_7476.wav,C
test_7477.wav,NC
test_7478.wav,C
test_7479.wav,C
test_7480.wav,C
test_7481.wav,C
test_7482.wav,C
test_7483.wav,C
test_7484.wav,NC
test_7485.wav,NC
test_7486.wav,NC
test_7487.wav,C
test_7488.wav,NC
test_7489.wav,NC
test_7490.wav,NC
test_7491.wav,NC
test_7492.wav,NC
test_7493.wav,NC
test_7494.wav,C
test_7495.wav,C
test_7496.wav,NC
test_7497.wav,NC
test_7498.wav,C
test_7499.wav,C
test_7500.wav,C
test_7501.wav,C
test_7502.wav,NC
test_7503.wav,C
test_7504.wav,C
test_7505.wav,C
test_7506.wav,C
test_7507.wav,NC
test_7508.wav,C
test_7509.wav,C
test_7510.wav,NC
test_7511.wav,NC
test_7512.wav,NC
test_7513.wav,NC
test_7514.wav,NC
test_7515.wav,C
test_7516.wav,NC
test_7517.wav,C
test_7518.wav,C
test_7519.wav,NC
test_7520.wav,C
test_7521.wav,NC
test_7522.wav,NC
test_7523.wav,NC
test_7524.wav,NC
test_7525.wav,NC
test_7526.wav,C
test_7527.wav,C
test_7528.wav,C
test_7529.wav,NC
test_7530.wav,C
test_7531.wav,NC
test_7532.wav,NC
test_7533.wav,NC
test_7534.wav,NC
test_7535.wav,NC
test_7536.wav,NC
test_7537.wav,NC
test_7538.wav,NC
test_7539.wav,NC
test_7540.wav,NC
test_7541.wav,NC
test_7542.wav,C
test_7543.wav,NC
test_7544.wav,C
test_7545.wav,NC
test_7546.wav,NC
test_7547.wav,NC
test_7548.wav,NC
test_7549.wav,NC
test_7550.wav,C
test_7551.wav,NC
test_7552.wav,C
test_7553.wav,NC
test_7554.wav,NC
test_7555.wav,C
test_7556.wav,NC
test_7557.wav,NC
test_7558.wav,C
test_7559.wav,NC
test_7560.wav,NC
test_7561.wav,NC
test_7562.wav,NC
test_7563.wav,NC
test_7564.wav,C
test_7565.wav,NC
test_7566.wav,NC
test_7567.wav,C
test_7568.wav,NC
test_7569.wav,NC
test_7570.wav,C
test_7571.wav,C
test_7572.wav,NC
test_7573.wav,NC
test_7574.wav,NC
test_7575.wav,NC
test_7576.wav,C
test_7577.wav,NC
test_7578.wav,C
test_7579.wav,C
test_7580.wav,C
test_7581.wav,NC
test_7582.wav,NC
test_7583.wav,C
test_7584.wav,NC
test_7585.wav,C
test_7586.wav,C
test_7587.wav,NC
test_7588.wav,C
test_7589.wav,C
test_7590.wav,NC
test_7591.wav,C
test_7592.wav,NC
test_7593.wav,C
test_7594.wav,NC
test_7595.wav,NC
test_7596.wav,C
test_7597.wav,NC
test_7598.wav,NC
test_7599.wav,C
test_7600.wav,C
test_7601.wav,C
test_7602.wav,NC
test_7603.wav,C
test_7604.wav,C
test_7605.wav,NC
test_7606.wav,C
test_7607.wav,NC
test_7608.wav,NC
test_7609.wav,C
test_7610.wav,NC
test_7611.wav,NC
test_7612.wav,NC
test_7613.wav,C
test_7614.wav,C
test_7615.wav,NC
test_7616.wav,C
test_7617.wav,NC
test_7618.wav,NC
test_7619.wav,C
test_7620.wav,NC
test_7621.wav,NC
test_7622.wav,C
test_7623.wav,C
test_7624.wav,NC
test_7625.wav,NC
test_7626.wav,C
test_7627.wav,NC
test_7628.wav,C
test_7629.wav,NC
test_7630.wav,C
test_7631.wav,NC
test_7632.wav,NC
test_7633.wav,NC
test_7634.wav,C
test_7635.wav,C
test_7636.wav,C
test_7637.wav,C
test_7638.wav,NC
test_7639.wav,NC
test_7640.wav,C
test_7641.wav,NC
test_7642.wav,C
test_7643.wav,C
test_7644.wav,C
test_7645.wav,C
test_7646.wav,NC
test_7647.wav,C
test_7648.wav,NC
test_7649.wav,NC
test_7650.wav,NC
test_7651.wav,NC
test_7652.wav,C
test_7653.wav,C
test_7654.wav,C
test_7655.wav,NC
test_7656.wav,NC
test_7657.wav,C
test_7658.wav,C
test_7659.wav,NC
test_7660.wav,NC
test_7661.wav,C
test_7662.wav,C
test_7663.wav,C
test_7664.wav,C
test_7665.wav,C
test_7666.wav,NC
test_7667.wav,NC
test_7668.wav,NC
test_7669.wav,NC
test_7670.wav,NC
test_7671.wav,NC
test_7672.wav,C
test_7673.wav,C
test_7674.wav,C
test_7675.wav,NC
test_7676.wav,C
test_7677.wav,C
test_7678.wav,NC
test_7679.wav,C
test_7680.wav,C
test_7681.wav,C
test_7682.wav,NC
test_7683.wav,C
test_7684.wav,C
test_7685.wav,NC
test_7686.wav,C
test_7687.wav,C
test_7688.wav,NC
test_7689.wav,NC
test_7690.wav,NC
test_7691.wav,NC
test_7692.wav,NC
test_7693.wav,C
test_7694.wav,NC
test_7695.wav,C
test_7696.wav,C
test_7697.wav,C
test_7698.wav,C
test_7699.wav,NC
test_7700.wav,NC
test_7701.wav,NC
test_7702.wav,NC
test_7703.wav,C
test_7704.wav,C
test_7705.wav,C
test_7706.wav,NC
test_7707.wav,NC
test_7708.wav,NC
test_7709.wav,NC
test_7710.wav,C
test_7711.wav,C
test_7712.wav,C
test_7713.wav,NC
test_7714.wav,C
test_7715.wav,NC
test_7716.wav,C
test_7717.wav,C
test_7718.wav,C
test_7719.wav,NC
test_7720.wav,NC
test_7721.wav,C
test_7722.wav,NC
test_7723.wav,NC
test_7724.wav,NC
test_7725.wav,C
test_7726.wav,NC
test_7727.wav,C
test_7728.wav,NC
test_7729.wav,NC
test_7730.wav,NC
test_7731.wav,C
test_7732.wav,C
test_7733.wav,NC
test_7734.wav,NC
test_7735.wav,NC
test_7736.wav,C
test_7737.wav,NC
test_7738.wav,C
test_7739.wav,C
test_7740.wav,C
test_7741.wav,C
test_7742.wav,NC
test_7743.wav,NC
test_7744.wav,C
test_7745.wav,NC
test_7746.wav,NC
test_7747.wav,C
test_7748.wav,C
test_7749.wav,NC
test_7750.wav,NC
test_7751.wav,C
test_7752.wav,NC
test_7753.wav,C
test_7754.wav,C
test_7755.wav,NC
test_7756.wav,C
test_7757.wav,NC
test_7758.wav,NC
test_7759.wav,NC
test_7760.wav,C
test_7761.wav,C
test_7762.wav,C
test_7763.wav,C
test_7764.wav,C
test_7765.wav,NC
test_7766.wav,C
test_7767.wav,NC
test_7768.wav,NC
test_7769.wav,NC
test_7770.wav,C
test_7771.wav,C
test_7772.wav,C
test_7773.wav,C
test_7774.wav,NC
test_7775.wav,NC
test_7776.wav,C
test_7777.wav,C
test_7778.wav,NC
test_7779.wav,C
test_7780.wav,NC
test_7781.wav,NC
test_7782.wav,C
test_7783.wav,NC
test_7784.wav,C
test_7785.wav,C
test_7786.wav,C
test_7787.wav,C
test_7788.wav,C
test_7789.wav,NC
test_7790.wav,NC
test_7791.wav,NC
test_7792.wav,C
test_7793.wav,C
test_7794.wav,C
test_7795.wav,NC
test_7796.wav,C
test_7797.wav,NC
test_7798.wav,NC
test_7799.wav,NC
test_7800.wav,C
test_7801.wav,C
test_7802.wav,NC
test_7803.wav,C
test_7804.wav,NC
test_7805.wav,NC
test_7806.wav,C
test_7807.wav,C
test_7808.wav,C
test_7809.wav,NC
test_7810.wav,NC
test_7811.wav,C
test_7812.wav,NC
test_7813.wav,NC
test_7814.wav,C
test_7815.wav,NC
test_7816.wav,NC
test_7817.wav,C
test_7818.wav,NC
test_7819.wav,C
test_7820.wav,NC
test_7821.wav,NC
test_7822.wav,C
test_7823.wav,C
test_7824.wav,C
test_7825.wav,NC
test_7826.wav,NC
test_7827.wav,C
test_7828.wav,NC
test_7829.wav,NC
test_7830.wav,C
test_7831.wav,NC
test_7832.wav,NC
test_7833.wav,C
test_7834.wav,NC
test_7835.wav,NC
test_7836.wav,C
test_7837.wav,C
test_7838.wav,NC
test_7839.wav,C
test_7840.wav,C
test_7841.wav,NC
test_7842.wav,NC
test_7843.wav,C
test_7844.wav,C
test_7845.wav,NC
test_7846.wav,C
test_7847.wav,NC
test_7848.wav,C
test_7849.wav,NC
test_7850.wav,C
test_7851.wav,NC
test_7852.wav,NC
test_7853.wav,NC
test_7854.wav,NC
test_7855.wav,C
test_7856.wav,NC
test_7857.wav,NC
test_7858.wav,NC
test_7859.wav,C
test_7860.wav,C
test_7861.wav,NC
test_7862.wav,NC
test_7863.wav,C
test_7864.wav,NC
test_7865.wav,C
test_7866.wav,C
test_7867.wav,NC
test_7868.wav,C
test_7869.wav,NC
test_7870.wav,NC
test_7871.wav,C
test_7872.wav,NC
test_7873.wav,C
test_7874.wav,NC
test_7875.wav,C
test_7876.wav,C
test_7877.wav,C
test_7878.wav,C
test_7879.wav,C
test_7880.wav,C
test_7881.wav,NC
test_7882.wav,C
test_7883.wav,NC
test_7884.wav,C
test_7885.wav,C
test_7886.wav,C
test_7887.wav,NC
test_7888.wav,C
test_7889.wav,NC
test_7890.wav,NC
test_7891.wav,C
test_7892.wav,C
test_7893.wav,C
test_7894.wav,NC
test_7895.wav,C
test_7896.wav,C
test_7897.wav,NC
test_7898.wav,NC
test_7899.wav,C
test_7900.wav,NC
test_7901.wav,NC
test_7902.wav,NC
test_7903.wav,NC
test_7904.wav,NC
test_7905.wav,C
test_7906.wav,NC
test_7907.wav,C
test_7908.wav,C
test_7909.wav,NC
test_7910.wav,NC
test_7911.wav,NC
test_7912.wav,NC
test_7913.wav,NC
test_7914.wav,NC
test_7915.wav,C
test_7916.wav,C
test_7917.wav,NC
test_7918.wav,C
test_7919.wav,NC
test_7920.wav,NC
test_7921.wav,NC
test_7922.wav,NC
test_7923.wav,NC
test_7924.wav,NC
test_7925.wav,NC
test_7926.wav,NC
test_7927.wav,C
test_7928.wav,NC
test_7929.wav,NC
test_7930.wav,NC
test_7931.wav,C
test_7932.wav,NC
test_7933.wav,C
test_7934.wav,NC
test_7935.wav,C
test_7936.wav,NC
test_7937.wav,C
test_7938.wav,NC
test_7939.wav,NC
test_7940.wav,NC
test_7941.wav,NC
test_7942.wav,NC
test_7943.wav,C
test_7944.wav,NC
test_7945.wav,C
test_7946.wav,C
test_7947.wav,NC
test_7948.wav,C
test_7949.wav,C
test_7950.wav,NC
test_7951.wav,NC
test_7952.wav,NC
test_7953.wav,C
test_7954.wav,NC
test_7955.wav,NC
test_7956.wav,NC
test_7957.wav,C
test_7958.wav,C
test_7959.wav,NC
test_7960.wav,NC
test_7961.wav,NC
test_7962.wav,C
test_7963.wav,C
test_7964.wav,C
test_7965.wav,C
test_7966.wav,NC
test_7967.wav,NC
test_7968.wav,NC
test_7969.wav,C
test_7970.wav,C
test_7971.wav,C
test_7972.wav,C
test_7973.wav,NC
test_7974.wav,C
test_7975.wav,C
test_7976.wav,C
test_7977.wav,C
test_7978.wav,NC
test_7979.wav,NC
test_7980.wav,NC
test_7981.wav,C
test_7982.wav,C
test_7983.wav,C
test_7984.wav,NC
test_7985.wav,NC
test_7986.wav,NC
test_7987.wav,NC
test_7988.wav,C
test_7989.wav,C
test_7990.wav,C
test_7991.wav,C
test_7992.wav,NC
test_7993.wav,NC
test_7994.wav,NC
test_7995.wav,NC
test_7996.wav,C
test_7997.wav,C
test_7998.wav,C
test_7999.wav,C
test_8000.wav,NC
test_8001.wav,NC
test_8002.wav,NC
test_8003.wav,NC
test_8004.wav,NC
test_8005.wav,NC
test_8006.wav,C
test_8007.wav,NC
test_8008.wav,C
test_8009.wav,NC
test_8010.wav,NC
test_8011.wav,C
test_8012.wav,C
test_8013.wav,C
test_8014.wav,C
test_8015.wav,NC
test_8016.wav,C
test_8017.wav,NC
test_8018.wav,NC
test_8019.wav,NC
test_8020.wav,NC
test_8021.wav,C
test_8022.wav,C
test_8023.wav,C
test_8024.wav,C
test_8025.wav,C
test_8026.wav,NC
test_8027.wav,NC
test_8028.wav,NC
test_8029.wav,C
test_8030.wav,NC
test_8031.wav,NC
test_8032.wav,NC
test_8033.wav,C
test_8034.wav,C
test_8035.wav,NC
test_8036.wav,NC
test_8037.wav,NC
test_8038.wav,NC
test_8039.wav,C
test_8040.wav,NC
test_8041.wav,NC
test_8042.wav,NC
test_8043.wav,NC
test_8044.wav,C
test_8045.wav,C
test_8046.wav,NC
test_8047.wav,C
test_8048.wav,NC
test_8049.wav,C
test_8050.wav,NC
test_8051.wav,NC
test_8052.wav,C
test_8053.wav,NC
test_8054.wav,NC
test_8055.wav,C
test_8056.wav,C
test_8057.wav,NC
test_8058.wav,NC
test_8059.wav,NC
test_8060.wav,NC
test_8061.wav,NC
test_8062.wav,C
test_8063.wav,NC
test_8064.wav,C
test_8065.wav,C
test_8066.wav,NC
test_8067.wav,C
test_8068.wav,NC
test_8069.wav,NC
test_8070.wav,NC
test_8071.wav,NC
test_8072.wav,NC
test_8073.wav,C
test_8074.wav,C
test_8075.wav,C
test_8076.wav,C
test_8077.wav,C
test_8078.wav,C
test_8079.wav,NC
test_8080.wav,C
test_8081.wav,C
test_8082.wav,C
test_8083.wav,C
test_8084.wav,NC
test_8085.wav,NC
test_8086.wav,C
test_8087.wav,NC
test_8088.wav,C
test_8089.wav,NC
test_8090.wav,NC
test_8091.wav,NC
test_8092.wav,NC
test_8093.wav,C
test_8094.wav,NC
test_8095.wav,C
test_8096.wav,NC
test_8097.wav,C
test_8098.wav,NC
test_8099.wav,C
test_8100.wav,C
test_8101.wav,NC
test_8102.wav,NC
test_8103.wav,C
test_8104.wav,NC
test_8105.wav,C
test_8106.wav,NC
test_8107.wav,C
test_8108.wav,C
test_8109.wav,NC
test_8110.wav,C
test_8111.wav,NC
test_8112.wav,NC
test_8113.wav,NC
test_8114.wav,C
test_8115.wav,C
test_8116.wav,NC
test_8117.wav,C
test_8118.wav,NC
test_8119.wav,NC
test_8120.wav,NC
test_8121.wav,C
test_8122.wav,C
test_8123.wav,C
test_8124.wav,C
test_8125.wav,NC
test_8126.wav,NC
test_8127.wav,C
test_8128.wav,NC
test_8129.wav,C
test_8130.wav,NC
test_8131.wav,C
test_8132.wav,C
test_8133.wav,NC
test_8134.wav,NC
test_8135.wav,NC
test_8136.wav,NC
test_8137.wav,NC
test_8138.wav,NC
test_8139.wav,C
test_8140.wav,NC
test_8141.wav,NC
test_8142.wav,C
test_8143.wav,NC
test_8144.wav,C
test_8145.wav,NC
test_8146.wav,C
test_8147.wav,NC
test_8148.wav,C
test_8149.wav,NC
test_8150.wav,NC
test_8151.wav,C
test_8152.wav,NC
test_8153.wav,C
test_8154.wav,NC
test_8155.wav,C
test_8156.wav,NC
test_8157.wav,C
test_8158.wav,NC
test_8159.wav,C
test_8160.wav,NC
test_8161.wav,C
test_8162.wav,C
test_8163.wav,C
test_8164.wav,NC
test_8165.wav,NC
test_8166.wav,NC
test_8167.wav,C
test_8168.wav,NC
test_8169.wav,C
test_8170.wav,NC
test_8171.wav,C
test_8172.wav,NC
test_8173.wav,C
test_8174.wav,C
test_8175.wav,C
test_8176.wav,C
test_8177.wav,NC
test_8178.wav,C
test_8179.wav,C
test_8180.wav,C
test_8181.wav,C
test_8182.wav,NC
test_8183.wav,C
test_8184.wav,NC
test_8185.wav,C
test_8186.wav,C
test_8187.wav,C
test_8188.wav,NC
test_8189.wav,C
test_8190.wav,C
test_8191.wav,NC
test_8192.wav,NC
test_8193.wav,NC
test_8194.wav,NC
test_8195.wav,NC
test_8196.wav,C
test_8197.wav,C
test_8198.wav,C
test_8199.wav,NC
test_8200.wav,NC
test_8201.wav,C
test_8202.wav,NC
test_8203.wav,C
test_8204.wav,C
test_8205.wav,NC
test_8206.wav,NC
test_8207.wav,NC
test_8208.wav,NC
test_8209.wav,NC
test_8210.wav,NC
test_8211.wav,C
test_8212.wav,C
test_8213.wav,NC
test_8214.wav,NC
test_8215.wav,NC
test_8216.wav,NC
test_8217.wav,C
test_8218.wav,NC
test_8219.wav,NC
test_8220.wav,NC
test_8221.wav,NC
test_8222.wav,NC
test_8223.wav,C
test_8224.wav,C
test_8225.wav,NC
test_8226.wav,C
test_8227.wav,NC
test_8228.wav,C
test_8229.wav,C
test_8230.wav,C
test_8231.wav,C
test_8232.wav,NC
test_8233.wav,NC
test_8234.wav,C
test_8235.wav,C
test_8236.wav,NC
test_8237.wav,NC
test_8238.wav,NC
test_8239.wav,C
test_8240.wav,NC
test_8241.wav,C
test_8242.wav,NC
test_8243.wav,NC
test_8244.wav,NC
test_8245.wav,NC
test_8246.wav,NC
test_8247.wav,NC
test_8248.wav,C
test_8249.wav,NC
test_8250.wav,NC
test_8251.wav,C
test_8252.wav,C
test_8253.wav,NC
test_8254.wav,NC
test_8255.wav,C
test_8256.wav,C
test_8257.wav,NC
test_8258.wav,NC
test_8259.wav,C
test_8260.wav,NC
test_8261.wav,C
test_8262.wav,NC
test_8263.wav,NC
test_8264.wav,NC
test_8265.wav,C
test_8266.wav,C
test_8267.wav,NC
test_8268.wav,C
test_8269.wav,C
test_8270.wav,C
test_8271.wav,C
test_8272.wav,NC
test_8273.wav,C
test_8274.wav,NC
test_8275.wav,NC
test_8276.wav,NC
test_8277.wav,NC
test_8278.wav,NC
test_8279.wav,NC
test_8280.wav,NC
test_8281.wav,NC
test_8282.wav,C
test_8283.wav,C
test_8284.wav,NC
test_8285.wav,C
test_8286.wav,NC
test_8287.wav,NC
test_8288.wav,C
test_8289.wav,C
test_8290.wav,NC
test_8291.wav,NC
test_8292.wav,NC
test_8293.wav,NC
test_8294.wav,C
test_8295.wav,NC
test_8296.wav,C
test_8297.wav,NC
test_8298.wav,NC
test_8299.wav,C
test_8300.wav,NC
test_8301.wav,C
test_8302.wav,NC
test_8303.wav,C
test_8304.wav,NC
test_8305.wav,NC
test_8306.wav,NC
test_8307.wav,NC
test_8308.wav,NC
test_8309.wav,NC
test_8310.wav,NC
test_8311.wav,C
test_8312.wav,C
test_8313.wav,C
test_8314.wav,C
test_8315.wav,NC
test_8316.wav,C
test_8317.wav,NC
test_8318.wav,NC
test_8319.wav,NC
test_8320.wav,C
test_8321.wav,C
test_8322.wav,C
test_8323.wav,C
test_8324.wav,NC
test_8325.wav,C
test_8326.wav,NC
test_8327.wav,C
test_8328.wav,NC
test_8329.wav,NC
test_8330.wav,NC
test_8331.wav,NC
test_8332.wav,C
test_8333.wav,NC
test_8334.wav,NC
test_8335.wav,NC
test_8336.wav,C
test_8337.wav,C
test_8338.wav,NC
test_8339.wav,NC
test_8340.wav,C
test_8341.wav,C
test_8342.wav,C
test_8343.wav,C
test_8344.wav,NC
test_8345.wav,C
test_8346.wav,C
test_8347.wav,NC
test_8348.wav,NC
test_8349.wav,NC
test_8350.wav,NC
test_8351.wav,C
test_8352.wav,NC
test_8353.wav,NC
test_8354.wav,NC
test_8355.wav,C
test_8356.wav,C
test_8357.wav,NC
test_8358.wav,C
test_8359.wav,C
test_8360.wav,C
test_8361.wav,C
test_8362.wav,NC
test_8363.wav,NC
test_8364.wav,C
test_8365.wav,NC
test_8366.wav,NC
test_8367.wav,NC
test_8368.wav,C
test_8369.wav,C
test_8370.wav,NC
test_8371.wav,C
test_8372.wav,C
test_8373.wav,NC
test_8374.wav,NC
test_8375.wav,NC
test_8376.wav,C
test_8377.wav,C
test_8378.wav,NC
test_8379.wav,C
test_8380.wav,C
test_8381.wav,NC
test_8382.wav,C
test_8383.wav,C
test_8384.wav,NC
test_8385.wav,NC
test_8386.wav,C
test_8387.wav,NC
test_8388.wav,C
test_8389.wav,C
test_8390.wav,NC
test_8391.wav,NC
test_8392.wav,C
test_8393.wav,NC
test_8394.wav,NC
test_8395.wav,NC
test_8396.wav,NC
test_8397.wav,NC
test_8398.wav,NC
test_8399.wav,NC
test_8400.wav,NC
test_8401.wav,C
test_8402.wav,NC
test_8403.wav,NC
test_8404.wav,C
test_8405.wav,C
test_8406.wav,C
test_8407.wav,C
test_8408.wav,C
test_8409.wav,NC
test_8410.wav,C
test_8411.wav,NC
test_8412.wav,C
test_8413.wav,NC
test_8414.wav,C
test_8415.wav,C
test_8416.wav,C
test_8417.wav,NC
test_8418.wav,NC
test_8419.wav,C
test_8420.wav,NC
test_8421.wav,NC
test_8422.wav,NC
test_8423.wav,NC
test_8424.wav,NC
test_8425.wav,C
test_8426.wav,C
test_8427.wav,NC
test_8428.wav,NC
test_8429.wav,NC
test_8430.wav,NC
test_8431.wav,NC
test_8432.wav,NC
test_8433.wav,NC
test_8434.wav,NC
test_8435.wav,NC
test_8436.wav,NC
test_8437.wav,NC
test_8438.wav,NC
test_8439.wav,NC
test_8440.wav,NC
test_8441.wav,C
test_8442.wav,C
test_8443.wav,NC
test_8444.wav,NC
test_8445.wav,NC
test_8446.wav,NC
test_8447.wav,C
test_8448.wav,NC
test_8449.wav,C
test_8450.wav,NC
test_8451.wav,NC
test_8452.wav,C
test_8453.wav,NC
test_8454.wav,NC
test_8455.wav,C
test_8456.wav,NC
test_8457.wav,C
test_8458.wav,NC
test_8459.wav,NC
test_8460.wav,C
test_8461.wav,NC
test_8462.wav,C
test_8463.wav,C
test_8464.wav,NC
test_8465.wav,NC
test_8466.wav,C
test_8467.wav,NC
test_8468.wav,C
test_8469.wav,C
test_8470.wav,NC
test_8471.wav,NC
test_8472.wav,C
test_8473.wav,C
test_8474.wav,C
test_8475.wav,C
test_8476.wav,NC
test_8477.wav,NC
test_8478.wav,NC
test_8479.wav,C
test_8480.wav,NC
test_8481.wav,NC
test_8482.wav,NC
test_8483.wav,C
test_8484.wav,C
test_8485.wav,C
test_8486.wav,C
test_8487.wav,NC
test_8488.wav,NC
test_8489.wav,C
test_8490.wav,NC
test_8491.wav,NC
test_8492.wav,C
test_8493.wav,C
test_8494.wav,NC
test_8495.wav,NC
test_8496.wav,C
test_8497.wav,NC
test_8498.wav,C
test_8499.wav,NC
test_8500.wav,NC
test_8501.wav,NC
test_8502.wav,C
test_8503.wav,C
test_8504.wav,NC
test_8505.wav,NC
test_8506.wav,NC
test_8507.wav,C
test_8508.wav,NC
test_8509.wav,NC
test_8510.wav,NC
test_8511.wav,NC
test_8512.wav,NC
test_8513.wav,C
test_8514.wav,NC
test_8515.wav,NC
test_8516.wav,NC
test_8517.wav,NC
test_8518.wav,NC
test_8519.wav,NC
test_8520.wav,C
test_8521.wav,C
test_8522.wav,C
test_8523.wav,NC
test_8524.wav,NC
test_8525.wav,NC
test_8526.wav,NC
test_8527.wav,NC
test_8528.wav,NC
test_8529.wav,NC
test_8530.wav,NC
test_8531.wav,C
test_8532.wav,C
test_8533.wav,C
test_8534.wav,NC
test_8535.wav,C
test_8536.wav,C
test_8537.wav,C
test_8538.wav,C
test_8539.wav,C
test_8540.wav,C
test_8541.wav,NC
test_8542.wav,C
test_8543.wav,NC
test_8544.wav,NC
test_8545.wav,C
test_8546.wav,NC
test_8547.wav,C
test_8548.wav,NC
test_8549.wav,C
test_8550.wav,NC
test_8551.wav,NC
test_8552.wav,C
test_8553.wav,NC
test_8554.wav,C
test_8555.wav,NC
test_8556.wav,NC
test_8557.wav,NC
test_8558.wav,NC
test_8559.wav,NC
test_8560.wav,NC
test_8561.wav,C
test_8562.wav,NC
test_8563.wav,NC
test_8564.wav,C
test_8565.wav,C
test_8566.wav,NC
test_8567.wav,C
test_8568.wav,NC
test_8569.wav,C
test_8570.wav,NC
test_8571.wav,NC
test_8572.wav,NC
test_8573.wav,NC
test_8574.wav,C
test_8575.wav,C
test_8576.wav,C
test_8577.wav,NC
test_8578.wav,NC
test_8579.wav,NC
test_8580.wav,C
test_8581.wav,C
test_8582.wav,NC
test_8583.wav,C
test_8584.wav,C
test_8585.wav,NC
test_8586.wav,NC
test_8587.wav,NC
test_8588.wav,NC
test_8589.wav,NC
test_8590.wav,C
test_8591.wav,NC
test_8592.wav,NC
test_8593.wav,C
test_8594.wav,C
test_8595.wav,NC
test_8596.wav,NC
test_8597.wav,NC
test_8598.wav,C
test_8599.wav,C
test_8600.wav,NC
test_8601.wav,NC
test_8602.wav,NC
test_8603.wav,C
test_8604.wav,NC
test_8605.wav,C
test_8606.wav,NC
test_8607.wav,NC
test_8608.wav,NC
test_8609.wav,C
test_8610.wav,NC
test_8611.wav,C
test_8612.wav,NC
test_8613.wav,C
test_8614.wav,C
test_8615.wav,NC
test_8616.wav,NC
test_8617.wav,C
test_8618.wav,NC
test_8619.wav,C
test_8620.wav,C
test_8621.wav,C
test_8622.wav,C
test_8623.wav,NC
test_8624.wav,C
test_8625.wav,NC
test_8626.wav,NC
test_8627.wav,C
test_8628.wav,NC
test_8629.wav,NC
test_8630.wav,NC
test_8631.wav,C
test_8632.wav,NC
test_8633.wav,C
test_8634.wav,C
test_8635.wav,C
test_8636.wav,C
test_8637.wav,C
test_8638.wav,C
test_8639.wav,NC
test_8640.wav,NC
test_8641.wav,C
test_8642.wav,NC
test_8643.wav,NC
test_8644.wav,NC
test_8645.wav,NC
test_8646.wav,C
test_8647.wav,NC
test_8648.wav,NC
test_8649.wav,C
test_8650.wav,NC
test_8651.wav,NC
test_8652.wav,C
test_8653.wav,NC
test_8654.wav,C
test_8655.wav,NC
test_8656.wav,NC
test_8657.wav,C
test_8658.wav,C
test_8659.wav,NC
test_8660.wav,NC
test_8661.wav,NC
test_8662.wav,C
test_8663.wav,NC
test_8664.wav,NC
test_8665.wav,NC
test_8666.wav,NC
test_8667.wav,NC
test_8668.wav,NC
test_8669.wav,C
test_8670.wav,NC
test_8671.wav,C
test_8672.wav,C
test_8673.wav,C
test_8674.wav,NC
test_8675.wav,C
test_8676.wav,C
test_8677.wav,NC
test_8678.wav,C
test_8679.wav,NC
test_8680.wav,NC
test_8681.wav,NC
test_8682.wav,C
test_8683.wav,NC
test_8684.wav,C
test_8685.wav,NC
test_8686.wav,C
test_8687.wav,C
test_8688.wav,NC
test_8689.wav,C
test_8690.wav,NC
test_8691.wav,NC
test_8692.wav,C
test_8693.wav,C
test_8694.wav,NC
test_8695.wav,NC
test_8696.wav,NC
test_8697.wav,NC
test_8698.wav,C
test_8699.wav,NC
test_8700.wav,C
test_8701.wav,C
test_8702.wav,C
test_8703.wav,NC
test_8704.wav,C
test_8705.wav,C
test_8706.wav,NC
test_8707.wav,NC
test_8708.wav,C
test_8709.wav,NC
test_8710.wav,C
test_8711.wav,NC
test_8712.wav,C
test_8713.wav,C
test_8714.wav,NC
test_8715.wav,C
test_8716.wav,NC
test_8717.wav,NC
test_8718.wav,NC
test_8719.wav,NC
test_8720.wav,C
test_8721.wav,NC
test_8722.wav,C
test_8723.wav,NC
test_8724.wav,NC
test_8725.wav,C
test_8726.wav,NC
test_8727.wav,NC
test_8728.wav,NC
test_8729.wav,C
test_8730.wav,NC
test_8731.wav,NC
test_8732.wav,C
test_8733.wav,NC
test_8734.wav,C
test_8735.wav,C
test_8736.wav,C
test_8737.wav,C
test_8738.wav,C
test_8739.wav,NC
test_8740.wav,NC
test_8741.wav,NC
test_8742.wav,C
test_8743.wav,NC
test_8744.wav,NC
test_8745.wav,NC
test_8746.wav,NC
test_8747.wav,C
test_8748.wav,C
test_8749.wav,C
test_8750.wav,C
test_8751.wav,NC
test_8752.wav,NC
test_8753.wav,C
test_8754.wav,NC
test_8755.wav,C
test_8756.wav,C
test_8757.wav,NC
test_8758.wav,C
test_8759.wav,NC
test_8760.wav,C
test_8761.wav,NC
test_8762.wav,C
test_8763.wav,NC
test_8764.wav,NC
test_8765.wav,NC
test_8766.wav,NC
test_8767.wav,C
test_8768.wav,NC
test_8769.wav,C
test_8770.wav,NC
test_8771.wav,C
test_8772.wav,NC
test_8773.wav,NC
test_8774.wav,C
test_8775.wav,NC
test_8776.wav,NC
test_8777.wav,NC
test_8778.wav,NC
test_8779.wav,C
test_8780.wav,C
test_8781.wav,NC
test_8782.wav,NC
test_8783.wav,NC
test_8784.wav,NC
test_8785.wav,C
test_8786.wav,NC
test_8787.wav,NC
test_8788.wav,NC
test_8789.wav,C
test_8790.wav,NC
test_8791.wav,C
test_8792.wav,C
test_8793.wav,NC
test_8794.wav,C
test_8795.wav,NC
test_8796.wav,C
test_8797.wav,C
test_8798.wav,NC
test_8799.wav,NC
test_8800.wav,NC
test_8801.wav,C
test_8802.wav,NC
test_8803.wav,NC
test_8804.wav,NC
test_8805.wav,NC
test_8806.wav,NC
test_8807.wav,C
test_8808.wav,NC
test_8809.wav,NC
test_8810.wav,NC
test_8811.wav,C
test_8812.wav,C
test_8813.wav,C
test_8814.wav,C
test_8815.wav,NC
test_8816.wav,NC
test_8817.wav,C
test_8818.wav,NC
test_8819.wav,NC
test_8820.wav,NC
test_8821.wav,C
test_8822.wav,NC
test_8823.wav,C
test_8824.wav,C
test_8825.wav,C
test_8826.wav,C
test_8827.wav,C
test_8828.wav,NC
test_8829.wav,C
test_8830.wav,NC
test_8831.wav,NC
test_8832.wav,C
test_8833.wav,C
test_8834.wav,NC
test_8835.wav,C
test_8836.wav,C
test_8837.wav,NC
test_8838.wav,NC
test_8839.wav,NC
test_8840.wav,NC
test_8841.wav,C
test_8842.wav,NC
test_8843.wav,NC
test_8844.wav,NC
test_8845.wav,NC
test_8846.wav,C
test_8847.wav,NC
test_8848.wav,C
test_8849.wav,NC
test_8850.wav,C
test_8851.wav,NC
test_8852.wav,NC
test_8853.wav,C
test_8854.wav,C
test_8855.wav,NC
test_8856.wav,NC
test_8857.wav,NC
test_8858.wav,C
test_8859.wav,NC
test_8860.wav,C
test_8861.wav,NC
test_8862.wav,NC
test_8863.wav,C
test_8864.wav,NC
test_8865.wav,NC
test_8866.wav,NC
test_8867.wav,NC
test_8868.wav,C
test_8869.wav,NC
test_8870.wav,NC
test_8871.wav,NC
test_8872.wav,C
test_8873.wav,NC
test_8874.wav,NC
test_8875.wav,C
test_8876.wav,C
test_8877.wav,C
test_8878.wav,C
test_8879.wav,NC
test_8880.wav,NC
test_8881.wav,C
test_8882.wav,NC
test_8883.wav,C
test_8884.wav,NC
test_8885.wav,NC
test_8886.wav,C
test_8887.wav,C
test_8888.wav,NC
test_8889.wav,C
test_8890.wav,NC
test_8891.wav,NC
test_8892.wav,NC
test_8893.wav,C
test_8894.wav,C
test_8895.wav,NC
test_8896.wav,NC
test_8897.wav,NC
test_8898.wav,NC
test_8899.wav,NC
test_8900.wav,NC
test_8901.wav,C
test_8902.wav,NC
test_8903.wav,NC
test_8904.wav,NC
test_8905.wav,NC
test_8906.wav,NC
test_8907.wav,C
test_8908.wav,NC
test_8909.wav,NC
test_8910.wav,NC
test_8911.wav,NC
test_8912.wav,NC
test_8913.wav,NC
test_8914.wav,NC
test_8915.wav,NC
test_8916.wav,NC
test_8917.wav,NC
test_8918.wav,NC
test_8919.wav,C
test_8920.wav,C
test_8921.wav,NC
test_8922.wav,NC
test_8923.wav,C
test_8924.wav,C
test_8925.wav,NC
test_8926.wav,C
test_8927.wav,NC
test_8928.wav,NC
test_8929.wav,C
test_8930.wav,C
test_8931.wav,NC
test_8932.wav,NC
test_8933.wav,NC
test_8934.wav,C
test_8935.wav,C
test_8936.wav,NC
test_8937.wav,C
test_8938.wav,NC
test_8939.wav,C
test_8940.wav,C
test_8941.wav,C
test_8942.wav,NC
test_8943.wav,NC
test_8944.wav,NC
test_8945.wav,NC
test_8946.wav,C
test_8947.wav,NC
test_8948.wav,NC
test_8949.wav,NC
test_8950.wav,NC
test_8951.wav,NC
test_8952.wav,NC
test_8953.wav,C
test_8954.wav,NC
test_8955.wav,C
test_8956.wav,NC
test_8957.wav,C
test_8958.wav,C
test_8959.wav,NC
test_8960.wav,C
test_8961.wav,C
test_8962.wav,C
test_8963.wav,C
test_8964.wav,C
test_8965.wav,C
test_8966.wav,C
test_8967.wav,C
test_8968.wav,C
test_8969.wav,C
test_8970.wav,NC
test_8971.wav,NC
test_8972.wav,NC
test_8973.wav,C
test_8974.wav,NC
test_8975.wav,NC
test_8976.wav,NC
test_8977.wav,NC
test_8978.wav,C
test_8979.wav,NC
test_8980.wav,NC
test_8981.wav,NC
test_8982.wav,NC
test_8983.wav,C
test_8984.wav,NC
test_8985.wav,NC
test_8986.wav,C
test_8987.wav,C
test_8988.wav,C
test_8989.wav,NC
test_8990.wav,NC
test_8991.wav,C
test_8992.wav,NC
test_8993.wav,NC
test_8994.wav,C
test_8995.wav,C
test_8996.wav,NC
test_8997.wav,C
test_8998.wav,C
test_8999.wav,C
test_9000.wav,C
test_9001.wav,NC
test_9002.wav,NC
test_9003.wav,NC
test_9004.wav,NC
test_9005.wav,C
test_9006.wav,C
test_9007.wav,NC
test_9008.wav,C
test_9009.wav,NC
test_9010.wav,NC
test_9011.wav,C
test_9012.wav,C
test_9013.wav,NC
test_9014.wav,C
test_9015.wav,C
test_9016.wav,C
test_9017.wav,NC
test_9018.wav,C
test_9019.wav,C
test_9020.wav,NC
test_9021.wav,C
test_9022.wav,C
test_9023.wav,NC
test_9024.wav,C
test_9025.wav,C
test_9026.wav,NC
test_9027.wav,NC
test_9028.wav,NC
test_9029.wav,C
test_9030.wav,NC
test_9031.wav,NC
test_9032.wav,C
test_9033.wav,NC
test_9034.wav,NC
test_9035.wav,C
test_9036.wav,NC
test_9037.wav,NC
test_9038.wav,NC
test_9039.wav,C
test_9040.wav,NC
test_9041.wav,NC
test_9042.wav,C
test_9043.wav,C
test_9044.wav,NC
test_9045.wav,NC
test_9046.wav,NC
test_9047.wav,NC
test_9048.wav,NC
test_9049.wav,C
test_9050.wav,C
test_9051.wav,C
test_9052.wav,NC
test_9053.wav,NC
test_9054.wav,NC
test_9055.wav,NC
test_9056.wav,C
test_9057.wav,C
test_9058.wav,C
test_9059.wav,C
test_9060.wav,C
test_9061.wav,C
test_9062.wav,NC
test_9063.wav,NC
test_9064.wav,C
test_9065.wav,C
test_9066.wav,C
test_9067.wav,C
test_9068.wav,C
test_9069.wav,NC
test_9070.wav,C
test_9071.wav,C
test_9072.wav,NC
test_9073.wav,C
test_9074.wav,C
test_9075.wav,C
test_9076.wav,C
test_9077.wav,NC
test_9078.wav,NC
test_9079.wav,NC
test_9080.wav,NC
test_9081.wav,NC
test_9082.wav,C
test_9083.wav,C
test_9084.wav,C
test_9085.wav,NC
test_9086.wav,NC
test_9087.wav,NC
test_9088.wav,NC
test_9089.wav,C
test_9090.wav,NC
test_9091.wav,NC
test_9092.wav,NC
test_9093.wav,C
test_9094.wav,NC
test_9095.wav,NC
test_9096.wav,C
test_9097.wav,C
test_9098.wav,C
test_9099.wav,C
test_9100.wav,C
test_9101.wav,NC
test_9102.wav,C
test_9103.wav,NC
test_9104.wav,NC
test_9105.wav,NC
test_9106.wav,C
test_9107.wav,NC
test_9108.wav,C
test_9109.wav,NC
test_9110.wav,NC
test_9111.wav,C
test_9112.wav,C
test_9113.wav,NC
test_9114.wav,NC
test_9115.wav,C
test_9116.wav,NC
test_9117.wav,NC
test_9118.wav,NC
test_9119.wav,NC
test_9120.wav,C
test_9121.wav,C
test_9122.wav,C
test_9123.wav,C
test_9124.wav,C
test_9125.wav,C
test_9126.wav,C
test_9127.wav,NC
test_9128.wav,C
test_9129.wav,NC
test_9130.wav,C
test_9131.wav,C
test_9132.wav,NC
test_9133.wav,NC
test_9134.wav,C
test_9135.wav,NC
test_9136.wav,NC
test_9137.wav,NC
test_9138.wav,NC
test_9139.wav,C
test_9140.wav,NC
test_9141.wav,C
test_9142.wav,NC
test_9143.wav,C
test_9144.wav,NC
test_9145.wav,NC
test_9146.wav,NC
test_9147.wav,C
test_9148.wav,C
test_9149.wav,NC
test_9150.wav,NC
test_9151.wav,C
test_9152.wav,C
test_9153.wav,NC
test_9154.wav,NC
test_9155.wav,C
test_9156.wav,C
test_9157.wav,NC
test_9158.wav,NC
test_9159.wav,NC
test_9160.wav,NC
test_9161.wav,NC
test_9162.wav,NC
test_9163.wav,NC
test_9164.wav,C
test_9165.wav,C
test_9166.wav,NC
test_9167.wav,NC
test_9168.wav,NC
test_9169.wav,NC
test_9170.wav,C
test_9171.wav,C
test_9172.wav,NC
test_9173.wav,NC
test_9174.wav,NC
test_9175.wav,NC
test_9176.wav,NC
test_9177.wav,NC
test_9178.wav,C
test_9179.wav,NC
test_9180.wav,NC
test_9181.wav,NC
test_9182.wav,C
test_9183.wav,C
test_9184.wav,NC
test_9185.wav,NC
test_9186.wav,NC
test_9187.wav,NC
test_9188.wav,C
test_9189.wav,NC
test_9190.wav,NC
test_9191.wav,NC
test_9192.wav,NC
test_9193.wav,C
test_9194.wav,NC
test_9195.wav,NC
test_9196.wav,NC
test_9197.wav,C
test_9198.wav,NC
test_9199.wav,C
test_9200.wav,NC
test_9201.wav,NC
test_9202.wav,NC
test_9203.wav,NC
test_9204.wav,NC
test_9205.wav,C
test_9206.wav,C
test_9207.wav,NC
test_9208.wav,C
test_9209.wav,NC
test_9210.wav,C
test_9211.wav,C
test_9212.wav,C
test_9213.wav,NC
test_9214.wav,C
test_9215.wav,NC
test_9216.wav,NC
test_9217.wav,NC
test_9218.wav,C
test_9219.wav,NC
test_9220.wav,NC
test_9221.wav,NC
test_9222.wav,NC
test_9223.wav,C
test_9224.wav,C
test_9225.wav,C
test_9226.wav,C
test_9227.wav,NC
test_9228.wav,C
test_9229.wav,NC
test_9230.wav,C
test_9231.wav,NC
test_9232.wav,C
test_9233.wav,C
test_9234.wav,C
test_9235.wav,NC
test_9236.wav,C
test_9237.wav,NC
test_9238.wav,NC
test_9239.wav,NC
test_9240.wav,NC
test_9241.wav,NC
test_9242.wav,NC
test_9243.wav,C
test_9244.wav,C
test_9245.wav,NC
test_9246.wav,C
test_9247.wav,NC
test_9248.wav,NC
test_9249.wav,NC
test_9250.wav,NC
test_9251.wav,NC
test_9252.wav,C
test_9253.wav,C
test_9254.wav,NC
test_9255.wav,C
test_9256.wav,NC
test_9257.wav,NC
test_9258.wav,NC
test_9259.wav,NC
test_9260.wav,C
test_9261.wav,C
test_9262.wav,NC
test_9263.wav,C
test_9264.wav,C
test_9265.wav,C
test_9266.wav,C
test_9267.wav,C
test_9268.wav,C
test_9269.wav,C
test_9270.wav,C
test_9271.wav,NC
test_9272.wav,C
test_9273.wav,NC
test_9274.wav,C
test_9275.wav,C
test_9276.wav,NC
test_9277.wav,C
test_9278.wav,NC
test_9279.wav,C
test_9280.wav,NC
test_9281.wav,NC
test_9282.wav,NC
test_9283.wav,NC
test_9284.wav,C
test_9285.wav,NC
test_9286.wav,NC
test_9287.wav,C
test_9288.wav,C
test_9289.wav,C
test_9290.wav,C
test_9291.wav,NC
test_9292.wav,NC
test_9293.wav,NC
test_9294.wav,C
test_9295.wav,C
test_9296.wav,C
test_9297.wav,NC
test_9298.wav,NC
test_9299.wav,C
test_9300.wav,NC
test_9301.wav,NC
test_9302.wav,C
test_9303.wav,C
test_9304.wav,NC
test_9305.wav,NC
test_9306.wav,C
test_9307.wav,NC
test_9308.wav,C
test_9309.wav,NC
test_9310.wav,NC
test_9311.wav,NC
test_9312.wav,C
test_9313.wav,NC
test_9314.wav,NC
test_9315.wav,C
test_9316.wav,C
test_9317.wav,C
test_9318.wav,NC
test_9319.wav,NC
test_9320.wav,C
test_9321.wav,NC
test_9322.wav,C
test_9323.wav,C
test_9324.wav,NC
test_9325.wav,C
test_9326.wav,NC
test_9327.wav,C
test_9328.wav,NC
test_9329.wav,C
test_9330.wav,NC
test_9331.wav,C
test_9332.wav,C
test_9333.wav,NC
test_9334.wav,NC
test_9335.wav,NC
test_9336.wav,C
test_9337.wav,C
test_9338.wav,C
test_9339.wav,C
test_9340.wav,C
test_9341.wav,NC
test_9342.wav,NC
test_9343.wav,C
test_9344.wav,NC
test_9345.wav,C
test_9346.wav,NC
test_9347.wav,C
test_9348.wav,C
test_9349.wav,C
test_9350.wav,C
test_9351.wav,NC
test_9352.wav,NC
test_9353.wav,C
test_9354.wav,C
test_9355.wav,NC
test_9356.wav,C
test_9357.wav,C
test_9358.wav,C
test_9359.wav,NC
test_9360.wav,C
test_9361.wav,NC
test_9362.wav,NC
test_9363.wav,C
test_9364.wav,NC
test_9365.wav,C
test_9366.wav,NC
test_9367.wav,NC
test_9368.wav,NC
test_9369.wav,NC
test_9370.wav,NC
test_9371.wav,NC
test_9372.wav,NC
test_9373.wav,C
test_9374.wav,C
test_9375.wav,NC
test_9376.wav,NC
test_9377.wav,NC
test_9378.wav,C
test_9379.wav,C
test_9380.wav,NC
test_9381.wav,NC
test_9382.wav,NC
test_9383.wav,C
test_9384.wav,NC
test_9385.wav,NC
test_9386.wav,NC
test_9387.wav,C
test_9388.wav,NC
test_9389.wav,NC
test_9390.wav,NC
test_9391.wav,NC
test_9392.wav,NC
test_9393.wav,C
test_9394.wav,NC
test_9395.wav,C
test_9396.wav,C
test_9397.wav,C
test_9398.wav,NC
test_9399.wav,C
test_9400.wav,NC
test_9401.wav,C
test_9402.wav,NC
test_9403.wav,NC
test_9404.wav,C
test_9405.wav,C
test_9406.wav,C
test_9407.wav,NC
test_9408.wav,C
test_9409.wav,C
test_9410.wav,NC
test_9411.wav,C
test_9412.wav,C
test_9413.wav,NC
test_9414.wav,C
test_9415.wav,NC
test_9416.wav,C
test_9417.wav,NC
test_9418.wav,NC
test_9419.wav,C
test_9420.wav,NC
test_9421.wav,C
test_9422.wav,NC
test_9423.wav,NC
test_9424.wav,NC
test_9425.wav,C
test_9426.wav,NC
test_9427.wav,C
test_9428.wav,NC
test_9429.wav,NC
test_9430.wav,NC
test_9431.wav,NC
test_9432.wav,C
test_9433.wav,NC
test_9434.wav,NC
test_9435.wav,C
test_9436.wav,NC
test_9437.wav,C
test_9438.wav,NC
test_9439.wav,NC
test_9440.wav,C
test_9441.wav,C
test_9442.wav,NC
test_9443.wav,C
test_9444.wav,NC
test_9445.wav,NC
test_9446.wav,NC
test_9447.wav,NC
test_9448.wav,C
test_9449.wav,C
test_9450.wav,C
test_9451.wav,C
test_9452.wav,NC
test_9453.wav,NC
test_9454.wav,C
test_9455.wav,C
test_9456.wav,NC
test_9457.wav,NC
test_9458.wav,NC
test_9459.wav,NC
test_9460.wav,C
test_9461.wav,NC
test_9462.wav,NC
test_9463.wav,C
test_9464.wav,C
test_9465.wav,NC
test_9466.wav,NC
test_9467.wav,NC
test_9468.wav,NC
test_9469.wav,C
test_9470.wav,C
test_9471.wav,NC
test_9472.wav,NC
test_9473.wav,C
test_9474.wav,NC
test_9475.wav,NC
test_9476.wav,C
test_9477.wav,C
test_9478.wav,NC
test_9479.wav,C
test_9480.wav,NC
test_9481.wav,NC
test_9482.wav,C
test_9483.wav,NC
test_9484.wav,C
test_9485.wav,C
test_9486.wav,NC
test_9487.wav,NC
test_9488.wav,NC
test_9489.wav,NC
test_9490.wav,C
test_9491.wav,C
test_9492.wav,NC
test_9493.wav,NC
test_9494.wav,C
test_9495.wav,C
test_9496.wav,NC
test_9497.wav,C
test_9498.wav,NC
test_9499.wav,C
test_9500.wav,NC
test_9501.wav,C
test_9502.wav,NC
test_9503.wav,NC
test_9504.wav,NC
test_9505.wav,C
test_9506.wav,NC
test_9507.wav,NC
test_9508.wav,NC
test_9509.wav,NC
test_9510.wav,NC
test_9511.wav,C
test_9512.wav,C
test_9513.wav,NC
test_9514.wav,C
test_9515.wav,C
test_9516.wav,NC
test_9517.wav,C
test_9518.wav,NC
test_9519.wav,C
test_9520.wav,C
test_9521.wav,C
test_9522.wav,NC
test_9523.wav,NC
test_9524.wav,NC
test_9525.wav,C
test_9526.wav,NC
test_9527.wav,C
test_9528.wav,NC
test_9529.wav,NC
test_9530.wav,C
test_9531.wav,NC
test_9532.wav,NC
test_9533.wav,NC
test_9534.wav,NC
test_9535.wav,NC
test_9536.wav,C
test_9537.wav,NC
test_9538.wav,NC
test_9539.wav,C
test_9540.wav,C
test_9541.wav,NC
test_9542.wav,NC
test_9543.wav,NC
test_9544.wav,C
test_9545.wav,C
test_9546.wav,NC
test_9547.wav,C
test_9548.wav,C
test_9549.wav,NC
test_9550.wav,C
test_9551.wav,NC
