{
  "rung_id": "A2",
  "description": "Frozen WavLM-Large, 25 hidden states, pooled mean+std+skew+kurt, FeatureStandardiser, softmax layer weights (lr x0.1), 2-layer MLP + BatchNorm, balanced sampler, no class weights.",
  "backbone": "microsoft/wavlm-large",
  "split_seed": 42,
  "training_seeds": [
    42,
    123,
    7
  ],
  "split_sizes": {
    "train_fit": 8554,
    "train_threshold": 951,
    "devel_val": 4798,
    "devel_test": 4798
  },
  "distribution": {
    "uar_argmax": {
      "mean": 0.6428186398201391,
      "std": 0.0034490974930043612,
      "n": 3
    },
    "uar_calibrated": {
      "mean": 0.646448121148271,
      "std": 0.008249282853117898,
      "n": 3
    },
    "recall_C": {
      "mean": 0.4321475625823452,
      "std": 0.028387959718597144,
      "n": 3
    },
    "recall_NC": {
      "mean": 0.860748679714197,
      "std": 0.019224749603116723,
      "n": 3
    },
    "val_test_gap": {
      "mean": -0.0008583990720950249,
      "std": 0.00467388022059377,
      "n": 3
    }
  },
  "runs": [
    {
      "seed": 42,
      "best_epoch": 2,
      "best_val_uar": 0.6458457585800509,
      "tau": 0.5499999999999999,
      "uar_train_threshold_at_tau": 0.904427919553828,
      "devel_test_argmax": {
        "uar": 0.6460106863030401,
        "acc": 0.7924135056273447,
        "recall_C": 0.46047430830039526,
        "recall_NC": 0.831547064305685
      },
      "devel_test_calibrated": {
        "uar": 0.6381304126806375,
        "acc": 0.8095039599833264,
        "recall_C": 0.4209486166007905,
        "recall_NC": 0.8553122087604846
      },
      "val_test_gap": -0.00016492772298926095,
      "layer_weights": [
        0.040639858692884445,
        0.04102110490202904,
        0.04100250452756882,
        0.04098464548587799,
        0.04104773700237274,
        0.04096866399049759,
        0.040921639651060104,
        0.04084053263068199,
        0.04065368324518204,
        0.040822241455316544,
        0.04058083891868591,
        0.040410954505205154,
        0.040041111409664154,
        0.039562709629535675,
        0.03926154226064682,
        0.03916992247104645,
        0.03909115865826607,
        0.039122991263866425,
        0.03903331607580185,
        0.03908892348408699,
        0.03911799192428589,
        0.03910523280501366,
        0.03917674720287323,
        0.03918445482850075,
        0.03914954885840416
      ]
    },
    {
      "seed": 123,
      "best_epoch": 3,
      "best_val_uar": 0.6333197261025894,
      "tau": 0.3499999999999999,
      "uar_train_threshold_at_tau": 0.9352410729375407,
      "devel_test_argmax": {
        "uar": 0.6391599961689917,
        "acc": 0.8409754064193414,
        "recall_C": 0.383399209486166,
        "recall_NC": 0.8949207828518173
      },
      "devel_test_calibrated": {
        "uar": 0.6546272318386261,
        "acc": 0.8047102959566486,
        "recall_C": 0.4644268774703557,
        "recall_NC": 0.8448275862068966
      },
      "val_test_gap": -0.005840270066402309,
      "layer_weights": [
        0.04081752523779869,
        0.04141484946012497,
        0.04148705303668976,
        0.04134119674563408,
        0.04145077243447304,
        0.04123098403215408,
        0.04127904400229454,
        0.04114643856883049,
        0.04087994620203972,
        0.041135553270578384,
        0.04060313105583191,
        0.04050217568874359,
        0.04002922773361206,
        0.039457619190216064,
        0.03901442885398865,
        0.03896177560091019,
        0.03870263323187828,
        0.038843534886837006,
        0.03880833461880684,
        0.03875294327735901,
        0.03871120512485504,
        0.03872252255678177,
        0.03877473622560501,
        0.038967642933130264,
        0.038964755833148956
      ]
    },
    {
      "seed": 7,
      "best_epoch": 2,
      "best_val_uar": 0.646715237561492,
      "tau": 0.4699999999999999,
      "uar_train_threshold_at_tau": 0.9252758395905261,
      "devel_test_argmax": {
        "uar": 0.6432852369883855,
        "acc": 0.8405585660691955,
        "recall_C": 0.3932806324110672,
        "recall_NC": 0.8932898415657037
      },
      "devel_test_calibrated": {
        "uar": 0.6465867189255495,
        "acc": 0.8324301792413505,
        "recall_C": 0.41106719367588934,
        "recall_NC": 0.8821062441752097
      },
      "val_test_gap": 0.0034300005731064953,
      "layer_weights": [
        0.04054528847336769,
        0.040937479585409164,
        0.040890954434871674,
        0.040854472666978836,
        0.040877990424633026,
        0.040815096348524094,
        0.04093001037836075,
        0.04072070121765137,
        0.04060632735490799,
        0.040792129933834076,
        0.04061443731188774,
        0.04043799266219139,
        0.04004876688122749,
        0.039566829800605774,
        0.03930758684873581,
        0.039247654378414154,
        0.03914647176861763,
        0.039185989648103714,
        0.039180055260658264,
        0.03919710963964462,
        0.03919636458158493,
        0.039238397032022476,
        0.039252959191799164,
        0.03918071091175079,
        0.039228200912475586
      ]
    }
  ],
  "speaker_probe_top1": {
    "mean": 0.05012505128979683,
    "std": 0.0009378902614116669,
    "n": 3
  },
  "speaker_probe_nmi": {
    "mean": 0.37720806708469845,
    "std": 0.002958107523393254,
    "n": 3
  },
  "speaker_probe": {
    "k": 210,
    "pseudo_speaker_tsv": "k210_seed42.tsv",
    "chance_top1": 0.004761904761904762,
    "top1": {
      "mean": 0.05012505128979683,
      "std": 0.0009378902614116669,
      "n": 3
    },
    "nmi": {
      "mean": 0.37720806708469845,
      "std": 0.002958107523393254,
      "n": 3
    },
    "runs": [
      {
        "seed": 42,
        "top1": 0.04918716102838516,
        "nmi": 0.3737972677871573,
        "train_top1": 0.9257657236380641,
        "best_epoch": 32
      },
      {
        "seed": 123,
        "top1": 0.051062941551208496,
        "nmi": 0.3790723258971179,
        "train_top1": 0.9261164367547347,
        "best_epoch": 36
      },
      {
        "seed": 7,
        "top1": 0.05012505128979683,
        "nmi": 0.37875460756982016,
        "train_top1": 0.9191021744213234,
        "best_epoch": 25
      }
    ]
  }
}