{
  "rung_id": "A3",
  "description": "Two-stream MannerAwareHead: A2 pooled-stats [25,4096] + A3 manner-pooled [7,3,2048] (mean+std per layer per cat) + indicator [3]; per-stream FeatureStandardiser; softmax layer weights per stream (lr x0.1); concat -> MLP 128 + BN + GELU + dropout 0.6 + 2-class; AdamW wd=3e-3.",
  "backbone": "microsoft/wavlm-large",
  "manner_labeller": "pYIN voicing + RMS silence-gate, 3 cats (silence/voiced/unvoiced)",
  "split_seed": 42,
  "training_seeds": [
    42,
    123,
    7
  ],
  "split_sizes": {
    "train_fit": 8554,
    "train_threshold": 951,
    "devel_val": 4798,
    "devel_test": 4798
  },
  "distribution": {
    "uar_argmax": {
      "mean": 0.6344396904741733,
      "std": 0.00692132427924552,
      "n": 3
    },
    "uar_calibrated": {
      "mean": 0.6474764767493403,
      "std": 0.005850129532692882,
      "n": 3
    },
    "recall_C": {
      "mean": 0.4328063241106719,
      "std": 0.027667984189723327,
      "n": 3
    },
    "recall_NC": {
      "mean": 0.8621466293880088,
      "std": 0.03920933413825439,
      "n": 3
    },
    "val_test_gap": {
      "mean": -0.002674110002778803,
      "std": 0.007235731131830501,
      "n": 3
    },
    "speaker_probe_top1": {
      "mean": 0.05550923819343249,
      "std": 0.0029774426909550474,
      "n": 3
    },
    "speaker_probe_nmi": {
      "mean": 0.3906534662707337,
      "std": 0.0022640136518238337,
      "n": 3
    }
  },
  "acceptance": {
    "uar_gain_over_A2": -0.008360309525826781,
    "uar_gain_threshold": 0.015422675484944047,
    "uar_pass": false,
    "probe_inflation": 0.005409238193432489,
    "probe_inflation_threshold": 0.0031104927226922804,
    "probe_pass": false
  },
  "runs": [
    {
      "seed": 42,
      "best_epoch": 2,
      "best_val_uar": 0.6363490646758596,
      "tau": 0.3449999999999999,
      "uar_train_threshold_at_tau": 0.9272737149617325,
      "devel_test_argmax": {
        "uar": 0.6367739042026899,
        "acc": 0.8382659441433931,
        "recall_C": 0.3814229249011858,
        "recall_NC": 0.8921248835041938
      },
      "devel_test_calibrated": {
        "uar": 0.6423993163123598,
        "acc": 0.7859524802000833,
        "recall_C": 0.46047430830039526,
        "recall_NC": 0.8243243243243243
      },
      "val_test_gap": -0.0004248395268302563,
      "layer_weights_a2": [
        0.040526241064071655,
        0.040888186544179916,
        0.040849823504686356,
        0.04085087403655052,
        0.040854595601558685,
        0.040760528296232224,
        0.040892042219638824,
        0.04074009135365486,
        0.04074457660317421,
        0.04084467887878418,
        0.04061993956565857,
        0.04048648476600647,
        0.04016904905438423,
        0.0397266261279583,
        0.0394078865647316,
        0.039278075098991394,
        0.039203792810440063,
        0.039182621985673904,
        0.039120472967624664,
        0.03917586803436279,
        0.039028141647577286,
        0.039001163095235825,
        0.039119839668273926,
        0.039231061935424805,
        0.03929732367396355
      ],
      "layer_weights_manner": [
        0.14846113324165344,
        0.15365855395793915,
        0.15129663050174713,
        0.1414167284965515,
        0.13574357330799103,
        0.13447128236293793,
        0.1349520981311798
      ],
      "speaker_probe_top1": 0.05210504308342934,
      "speaker_probe_nmi": 0.3882516298036385,
      "speaker_probe_train_top1": 0.9964928688332944
    },
    {
      "seed": 123,
      "best_epoch": 3,
      "best_val_uar": 0.6291247783059228,
      "tau": 0.25499999999999995,
      "uar_train_threshold_at_tau": 0.9503488737053043,
      "devel_test_argmax": {
        "uar": 0.6398921239625888,
        "acc": 0.8672363484785327,
        "recall_C": 0.35177865612648224,
        "recall_NC": 0.9280055917986952
      },
      "devel_test_calibrated": {
        "uar": 0.6461561909462958,
        "acc": 0.8145060441850771,
        "recall_C": 0.43280632411067194,
        "recall_NC": 0.8595060577819198
      },
      "val_test_gap": -0.010767345656665928,
      "layer_weights_a2": [
        0.04079550877213478,
        0.04117906838655472,
        0.04125872626900673,
        0.04117278754711151,
        0.04117089509963989,
        0.04112756624817848,
        0.04120134189724922,
        0.04100164398550987,
        0.040874727070331573,
        0.041160207241773605,
        0.0408330038189888,
        0.04077558591961861,
        0.04022020474076271,
        0.03952399641275406,
        0.03908732160925865,
        0.0389653816819191,
        0.038877934217453,
        0.03893008083105087,
        0.03886064141988754,
        0.03892532363533974,
        0.03876500204205513,
        0.03863292559981346,
        0.038843486458063126,
        0.038908254355192184,
        0.03890842944383621
      ],
      "layer_weights_manner": [
        0.14905570447444916,
        0.15436385571956635,
        0.15082642436027527,
        0.14141227304935455,
        0.13540470600128174,
        0.1341639757156372,
        0.13477304577827454
      ],
      "speaker_probe_top1": 0.05679449439048767,
      "speaker_probe_nmi": 0.3909604359573038,
      "speaker_probe_train_top1": 0.9974281038110825
    },
    {
      "seed": 7,
      "best_epoch": 6,
      "best_val_uar": 0.6298228984324009,
      "tau": 0.235,
      "uar_train_threshold_at_tau": 0.9462384412950577,
      "devel_test_argmax": {
        "uar": 0.6266530432572411,
        "acc": 0.8747394747811588,
        "recall_C": 0.31225296442687744,
        "recall_NC": 0.9410531220876048
      },
      "devel_test_calibrated": {
        "uar": 0.6538739229893653,
        "acc": 0.850145894122551,
        "recall_C": 0.4051383399209486,
        "recall_NC": 0.9026095060577819
      },
      "val_test_gap": 0.0031698551751597748,
      "layer_weights_a2": [
        0.040947526693344116,
        0.04164910688996315,
        0.0415986105799675,
        0.04178459942340851,
        0.04189717769622803,
        0.041872017085552216,
        0.04177973046898842,
        0.04150986671447754,
        0.041455917060375214,
        0.04186141863465309,
        0.04137878119945526,
        0.04122002050280571,
        0.04024260491132736,
        0.03922222554683685,
        0.03849465027451515,
        0.03848670423030853,
        0.038353677839040756,
        0.03836438059806824,
        0.03820528835058212,
        0.038281746208667755,
        0.03801614046096802,
        0.03804779797792435,
        0.03842756152153015,
        0.03844970464706421,
        0.03845273703336716
      ],
      "layer_weights_manner": [
        0.14898616075515747,
        0.155412957072258,
        0.15212447941303253,
        0.14163751900196075,
        0.13454534113407135,
        0.1335514634847641,
        0.13374210894107819
      ],
      "speaker_probe_top1": 0.05762817710638046,
      "speaker_probe_nmi": 0.3927483330512589,
      "speaker_probe_train_top1": 0.9934533551554828
    }
  ]
}