{
  "rung_id": "A3",
  "description": "Two-stream MannerAwareHead: A2 pooled-stats [25,4096] + A3 manner-pooled [7,3,2048] (mean+std per layer per cat) + indicator [3]; per-stream FeatureStandardiser; softmax layer weights per stream (lr x0.1); concat -> MLP 128 + BN + GELU + dropout 0.6 + 2-class; AdamW wd=3e-3.",
  "backbone": "microsoft/wavlm-large",
  "manner_labeller": "pYIN voicing + RMS silence-gate, 3 cats (silence/voiced/unvoiced)",
  "split_seed": 42,
  "training_seeds": [
    42,
    123,
    7
  ],
  "split_sizes": {
    "train_fit": 8554,
    "train_threshold": 951,
    "devel_val": 4798,
    "devel_test": 4798
  },
  "distribution": {
    "uar_argmax": {
      "mean": 0.6353890008312796,
      "std": 0.007566768137411421,
      "n": 3
    },
    "uar_calibrated": {
      "mean": 0.6488078135379485,
      "std": 0.004388981324764984,
      "n": 3
    },
    "recall_C": {
      "mean": 0.42226613965744403,
      "std": 0.014964185364427608,
      "n": 3
    },
    "recall_NC": {
      "mean": 0.875349487418453,
      "std": 0.023711404253260703,
      "n": 3
    },
    "val_test_gap": {
      "mean": -0.0034680519229716524,
      "std": 0.006992100254425463,
      "n": 3
    },
    "speaker_probe_top1": {
      "mean": 0.05849659318725268,
      "std": 0.002264821575711946,
      "n": 3
    },
    "speaker_probe_nmi": {
      "mean": 0.39355878618656076,
      "std": 0.003084493360069696,
      "n": 3
    }
  },
  "acceptance": {
    "uar_gain_over_A2": -0.007410999168720456,
    "uar_gain_threshold": 0.016591079536346597,
    "uar_pass": false,
    "probe_inflation": 0.00839659318725268,
    "probe_inflation_threshold": 0.0024370918673308857,
    "probe_pass": false
  },
  "runs": [
    {
      "seed": 42,
      "best_epoch": 3,
      "best_val_uar": 0.6368151699866004,
      "tau": 0.4049999999999999,
      "uar_train_threshold_at_tau": 0.9338286776600111,
      "devel_test_argmax": {
        "uar": 0.6396218352740092,
        "acc": 0.838682784493539,
        "recall_C": 0.38735177865612647,
        "recall_NC": 0.8918918918918919
      },
      "devel_test_calibrated": {
        "uar": 0.6463933266781843,
        "acc": 0.8180491871613172,
        "recall_C": 0.4288537549407115,
        "recall_NC": 0.863932898415657
      },
      "val_test_gap": -0.002806665287408805,
      "layer_weights_a2": [
        0.04064636304974556,
        0.041073910892009735,
        0.041110631078481674,
        0.04110456258058548,
        0.041214000433683395,
        0.04108882322907448,
        0.041167497634887695,
        0.04097532853484154,
        0.0410144217312336,
        0.04119613394141197,
        0.04085277393460274,
        0.04074808955192566,
        0.0402238592505455,
        0.03951920196413994,
        0.03912462666630745,
        0.03898058459162712,
        0.03891953453421593,
        0.03896615654230118,
        0.03888094425201416,
        0.0389423593878746,
        0.03874722495675087,
        0.038626573979854584,
        0.03891252726316452,
        0.03896911442279816,
        0.038994766771793365
      ],
      "layer_weights_manner": [
        0.14841794967651367,
        0.15392610430717468,
        0.1513751894235611,
        0.14198161661624908,
        0.13546550273895264,
        0.1343836486339569,
        0.13444997370243073
      ],
      "speaker_probe_top1": 0.06106710806488991,
      "speaker_probe_nmi": 0.3969675895511196,
      "speaker_probe_train_top1": 0.9974281038110825
    },
    {
      "seed": 123,
      "best_epoch": 3,
      "best_val_uar": 0.6291247783059228,
      "tau": 0.25499999999999995,
      "uar_train_threshold_at_tau": 0.9503488737053043,
      "devel_test_argmax": {
        "uar": 0.6398921239625888,
        "acc": 0.8672363484785327,
        "recall_C": 0.35177865612648224,
        "recall_NC": 0.9280055917986952
      },
      "devel_test_calibrated": {
        "uar": 0.6461561909462958,
        "acc": 0.8145060441850771,
        "recall_C": 0.43280632411067194,
        "recall_NC": 0.8595060577819198
      },
      "val_test_gap": -0.010767345656665928,
      "layer_weights_a2": [
        0.04079550877213478,
        0.04117906838655472,
        0.04125872626900673,
        0.04117278754711151,
        0.04117089509963989,
        0.04112756624817848,
        0.04120134189724922,
        0.04100164398550987,
        0.040874727070331573,
        0.041160207241773605,
        0.0408330038189888,
        0.04077558591961861,
        0.04022020474076271,
        0.03952399641275406,
        0.03908732160925865,
        0.0389653816819191,
        0.038877934217453,
        0.03893008083105087,
        0.03886064141988754,
        0.03892532363533974,
        0.03876500204205513,
        0.03863292559981346,
        0.038843486458063126,
        0.038908254355192184,
        0.03890842944383621
      ],
      "layer_weights_manner": [
        0.14905570447444916,
        0.15436385571956635,
        0.15082642436027527,
        0.14141227304935455,
        0.13540470600128174,
        0.1341639757156372,
        0.13477304577827454
      ],
      "speaker_probe_top1": 0.05679449439048767,
      "speaker_probe_nmi": 0.3909604359573038,
      "speaker_probe_train_top1": 0.9974281038110825
    },
    {
      "seed": 7,
      "best_epoch": 6,
      "best_val_uar": 0.6298228984324009,
      "tau": 0.235,
      "uar_train_threshold_at_tau": 0.9462384412950577,
      "devel_test_argmax": {
        "uar": 0.6266530432572411,
        "acc": 0.8747394747811588,
        "recall_C": 0.31225296442687744,
        "recall_NC": 0.9410531220876048
      },
      "devel_test_calibrated": {
        "uar": 0.6538739229893653,
        "acc": 0.850145894122551,
        "recall_C": 0.4051383399209486,
        "recall_NC": 0.9026095060577819
      },
      "val_test_gap": 0.0031698551751597748,
      "layer_weights_a2": [
        0.040947526693344116,
        0.04164910688996315,
        0.0415986105799675,
        0.04178459942340851,
        0.04189717769622803,
        0.041872017085552216,
        0.04177973046898842,
        0.04150986671447754,
        0.041455917060375214,
        0.04186141863465309,
        0.04137878119945526,
        0.04122002050280571,
        0.04024260491132736,
        0.03922222554683685,
        0.03849465027451515,
        0.03848670423030853,
        0.038353677839040756,
        0.03836438059806824,
        0.03820528835058212,
        0.038281746208667755,
        0.03801614046096802,
        0.03804779797792435,
        0.03842756152153015,
        0.03844970464706421,
        0.03845273703336716
      ],
      "layer_weights_manner": [
        0.14898616075515747,
        0.155412957072258,
        0.15212447941303253,
        0.14163751900196075,
        0.13454534113407135,
        0.1335514634847641,
        0.13374210894107819
      ],
      "speaker_probe_top1": 0.05762817710638046,
      "speaker_probe_nmi": 0.3927483330512589,
      "speaker_probe_train_top1": 0.9934533551554828
    }
  ]
}