{
  "seed": 42,
  "split_sizes": {
    "train_fit": 8554,
    "devel_val": 4798
  },
  "admission_pool": [
    "G4_gain_invariant",
    "G1_voicing",
    "G6_spectral_shape",
    "G5_modulation",
    "G2_prosody",
    "G3_voice_quality"
  ],
  "locked_admitted": [
    "G4_gain_invariant",
    "G1_voicing",
    "G6_spectral_shape",
    "G5_modulation",
    "G2_prosody",
    "G3_voice_quality"
  ],
  "pearson_devel_val": {
    "names": [
      "A2",
      "G4_gain_invariant",
      "G1_voicing",
      "G6_spectral_shape",
      "G5_modulation",
      "G2_prosody",
      "G3_voice_quality"
    ],
    "matrix": [
      [
        1.0,
        0.4036874543876552,
        0.2583119449784947,
        0.453110708702996,
        0.30337599101113094,
        0.19027690359024724,
        0.1571846921578706
      ],
      [
        0.4036874543876552,
        1.0,
        0.6279529081045104,
        0.42592920125181616,
        0.37391765784538655,
        0.16370947991771692,
        0.18286389725792532
      ],
      [
        0.2583119449784947,
        0.6279529081045104,
        1.0,
        0.24694560550655956,
        0.29231441781813067,
        0.05373305342691305,
        0.1318680984715956
      ],
      [
        0.453110708702996,
        0.4259292012518162,
        0.24694560550655953,
        1.0,
        0.24234497014419817,
        0.11865836191470627,
        0.2305089486106291
      ],
      [
        0.3033759910111309,
        0.37391765784538655,
        0.29231441781813067,
        0.2423449701441982,
        0.9999999999999999,
        0.08178920075876067,
        0.06899057885264522
      ],
      [
        0.19027690359024724,
        0.16370947991771692,
        0.05373305342691305,
        0.11865836191470627,
        0.08178920075876069,
        1.0,
        0.09691974661204814
      ],
      [
        0.1571846921578706,
        0.18286389725792532,
        0.1318680984715956,
        0.23050894861062912,
        0.06899057885264522,
        0.09691974661204815,
        1.0
      ]
    ]
  },
  "argmax_disagreement_vs_A2": {
    "G4_gain_invariant": 0.3866194247603168,
    "G1_voicing": 0.35869112130054187,
    "G6_spectral_shape": 0.39995831596498543,
    "G5_modulation": 0.4185077115464777,
    "G2_prosody": 0.48561900791996665,
    "G3_voice_quality": 0.40370987911629846
  },
  "fused_vector_speaker_probe_devel_val": {
    "pool": {
      "top1": 0.019383076281784078,
      "nmi": 0.3535245630975271,
      "dim": 7
    },
    "locked": {
      "top1": 0.019383076281784078,
      "nmi": 0.3535245630975271,
      "dim": 7
    },
    "reference_max_per_group_top1_in_pool": 0.03397248853689037,
    "reference_A2_speaker_probe_top1": 0.0501,
    "reference_chance_top1": 0.004761904761904762
  },
  "redundancy_adjusted_ranking": [
    {
      "group": "G4_gain_invariant",
      "corr_A2": 0.4036874543876552,
      "label_gain": 0.13182270008971542,
      "speaker_gain": 0.007951725917545008,
      "sub_at_1": 0.12387097417217041,
      "unique_gain": 0.11034040348487219,
      "safe_unique_gain": 0.10238867756732718
    },
    {
      "group": "G1_voicing",
      "corr_A2": 0.2583119449784947,
      "label_gain": 0.08312565009121453,
      "speaker_gain": 0.006284364516961433,
      "sub_at_1": 0.0768412855742531,
      "unique_gain": 0.07757908602498227,
      "safe_unique_gain": 0.07129472150802084
    },
    {
      "group": "G5_modulation",
      "corr_A2": 0.30337599101113094,
      "label_gain": 0.08016111883725063,
      "speaker_gain": 0.009827507493201533,
      "sub_at_1": 0.0703336113440491,
      "unique_gain": 0.07278333059036926,
      "safe_unique_gain": 0.06295582309716773
    },
    {
      "group": "G6_spectral_shape",
      "corr_A2": 0.453110708702996,
      "label_gain": 0.10502914023058496,
      "speaker_gain": 0.029210583774985605,
      "sub_at_1": 0.07581855645559936,
      "unique_gain": 0.08346567946398402,
      "safe_unique_gain": 0.05425509568899842
    },
    {
      "group": "G2_prosody",
      "corr_A2": 0.19027690359024724,
      "label_gain": 0.06799694644516863,
      "speaker_gain": 0.014621171519879315,
      "sub_at_1": 0.05337577492528931,
      "unique_gain": 0.06553509659732482,
      "safe_unique_gain": 0.0509139250774455
    },
    {
      "group": "G3_voice_quality",
      "corr_A2": 0.1571846921578706,
      "label_gain": 0.05907913642517293,
      "speaker_gain": 0.018581154846265307,
      "sub_at_1": 0.04049798157890762,
      "unique_gain": 0.05761946657986688,
      "safe_unique_gain": 0.039038311733601574
    }
  ],
  "notes": "Single-seed (42) structural diagnostic. Not a UAR claim. Does NOT change locked (beta*, K*, tau*) \u2014 read alongside A5b.json."
}