file_stem	split	cluster
train_0001	train	111
train_0002	train	186
train_0003	train	108
train_0004	train	142
train_0005	train	62
train_0006	train	172
train_0007	train	76
train_0008	train	79
train_0009	train	197
train_0010	train	164
train_0011	train	110
train_0012	train	7
train_0013	train	22
train_0014	train	124
train_0015	train	51
train_0016	train	101
train_0017	train	22
train_0018	train	66
train_0019	train	25
train_0020	train	170
train_0021	train	1
train_0022	train	90
train_0023	train	180
train_0024	train	47
train_0025	train	209
train_0026	train	146
train_0027	train	78
train_0028	train	136
train_0029	train	26
train_0030	train	87
train_0031	train	87
train_0032	train	124
train_0033	train	135
train_0034	train	165
train_0035	train	111
train_0036	train	204
train_0037	train	69
train_0038	train	152
train_0039	train	142
train_0040	train	146
train_0041	train	70
train_0042	train	175
train_0043	train	171
train_0044	train	185
train_0045	train	82
train_0046	train	159
train_0047	train	49
train_0048	train	84
train_0049	train	84
train_0050	train	185
train_0051	train	90
train_0052	train	18
train_0053	train	6
train_0054	train	27
train_0055	train	5
train_0056	train	203
train_0057	train	115
train_0058	train	94
train_0059	train	130
train_0060	train	167
train_0061	train	104
train_0062	train	20
train_0063	train	157
train_0064	train	193
train_0065	train	158
train_0066	train	197
train_0067	train	189
train_0068	train	82
train_0069	train	13
train_0070	train	3
train_0071	train	115
train_0072	train	69
train_0073	train	136
train_0074	train	196
train_0075	train	66
train_0076	train	78
train_0077	train	66
train_0078	train	188
train_0079	train	26
train_0080	train	70
train_0081	train	51
train_0082	train	84
train_0083	train	106
train_0084	train	100
train_0085	train	155
train_0086	train	159
train_0087	train	87
train_0088	train	22
train_0089	train	78
train_0090	train	47
train_0091	train	138
train_0092	train	130
train_0093	train	12
train_0094	train	62
train_0095	train	27
train_0096	train	178
train_0097	train	10
train_0098	train	159
train_0099	train	1
train_0100	train	175
train_0101	train	34
train_0102	train	33
train_0103	train	180
train_0104	train	147
train_0105	train	65
train_0106	train	84
train_0107	train	171
train_0108	train	175
train_0109	train	6
train_0110	train	192
train_0111	train	26
train_0112	train	98
train_0113	train	103
train_0114	train	12
train_0115	train	167
train_0116	train	81
train_0117	train	139
train_0118	train	5
train_0119	train	87
train_0120	train	115
train_0121	train	10
train_0122	train	138
train_0123	train	193
train_0124	train	7
train_0125	train	84
train_0126	train	52
train_0127	train	196
train_0128	train	62
train_0129	train	13
train_0130	train	102
train_0131	train	100
train_0132	train	138
train_0133	train	42
train_0134	train	164
train_0135	train	57
train_0136	train	197
train_0137	train	92
train_0138	train	147
train_0139	train	46
train_0140	train	42
train_0141	train	7
train_0142	train	5
train_0143	train	160
train_0144	train	132
train_0145	train	94
train_0146	train	37
train_0147	train	204
train_0148	train	24
train_0149	train	200
train_0150	train	115
train_0151	train	194
train_0152	train	59
train_0153	train	84
train_0154	train	20
train_0155	train	115
train_0156	train	8
train_0157	train	8
train_0158	train	79
train_0159	train	121
train_0160	train	171
train_0161	train	3
train_0162	train	200
train_0163	train	87
train_0164	train	152
train_0165	train	94
train_0166	train	57
train_0167	train	194
train_0168	train	25
train_0169	train	165
train_0170	train	2
train_0171	train	195
train_0172	train	76
train_0173	train	76
train_0174	train	8
train_0175	train	52
train_0176	train	150
train_0177	train	136
train_0178	train	26
train_0179	train	193
train_0180	train	106
train_0181	train	28
train_0182	train	155
train_0183	train	47
train_0184	train	150
train_0185	train	6
train_0186	train	28
train_0187	train	26
train_0188	train	186
train_0189	train	59
train_0190	train	96
train_0191	train	92
train_0192	train	167
train_0193	train	7
train_0194	train	133
train_0195	train	14
train_0196	train	150
train_0197	train	100
train_0198	train	74
train_0199	train	195
train_0200	train	125
train_0201	train	73
train_0202	train	201
train_0203	train	87
train_0204	train	169
train_0205	train	135
train_0206	train	62
train_0207	train	7
train_0208	train	150
train_0209	train	87
train_0210	train	150
train_0211	train	130
train_0212	train	115
train_0213	train	61
train_0214	train	40
train_0215	train	165
train_0216	train	96
train_0217	train	78
train_0218	train	159
train_0219	train	47
train_0220	train	195
train_0221	train	22
train_0222	train	20
train_0223	train	106
train_0224	train	160
train_0225	train	11
train_0226	train	158
train_0227	train	135
train_0228	train	209
train_0229	train	160
train_0230	train	26
train_0231	train	185
train_0232	train	90
train_0233	train	112
train_0234	train	195
train_0235	train	82
train_0236	train	66
train_0237	train	61
train_0238	train	162
train_0239	train	108
train_0240	train	42
train_0241	train	46
train_0242	train	118
train_0243	train	159
train_0244	train	186
train_0245	train	186
train_0246	train	96
train_0247	train	104
train_0248	train	82
train_0249	train	123
train_0250	train	2
train_0251	train	6
train_0252	train	12
train_0253	train	13
train_0254	train	167
train_0255	train	150
train_0256	train	152
train_0257	train	189
train_0258	train	180
train_0259	train	204
train_0260	train	76
train_0261	train	12
train_0262	train	51
train_0263	train	61
train_0264	train	193
train_0265	train	142
train_0266	train	90
train_0267	train	158
train_0268	train	103
train_0269	train	20
train_0270	train	159
train_0271	train	111
train_0272	train	24
train_0273	train	37
train_0274	train	143
train_0275	train	6
train_0276	train	18
train_0277	train	135
train_0278	train	106
train_0279	train	115
train_0280	train	193
train_0281	train	167
train_0282	train	7
train_0283	train	180
train_0284	train	118
train_0285	train	96
train_0286	train	73
train_0287	train	185
train_0288	train	188
train_0289	train	7
train_0290	train	193
train_0291	train	98
train_0292	train	73
train_0293	train	12
train_0294	train	42
train_0295	train	79
train_0296	train	146
train_0297	train	112
train_0298	train	49
train_0299	train	124
train_0300	train	35
train_0301	train	170
train_0302	train	82
train_0303	train	180
train_0304	train	33
train_0305	train	7
train_0306	train	96
train_0307	train	186
train_0308	train	6
train_0309	train	26
train_0310	train	70
train_0311	train	126
train_0312	train	121
train_0313	train	101
train_0314	train	61
train_0315	train	169
train_0316	train	142
train_0317	train	160
train_0318	train	13
train_0319	train	111
train_0320	train	162
train_0321	train	6
train_0322	train	115
train_0323	train	112
train_0324	train	2
train_0325	train	59
train_0326	train	20
train_0327	train	12
train_0328	train	87
train_0329	train	92
train_0330	train	157
train_0331	train	193
train_0332	train	46
train_0333	train	125
train_0334	train	162
train_0335	train	2
train_0336	train	66
train_0337	train	33
train_0338	train	196
train_0339	train	186
train_0340	train	50
train_0341	train	101
train_0342	train	6
train_0343	train	179
train_0344	train	130
train_0345	train	170
train_0346	train	28
train_0347	train	180
train_0348	train	123
train_0349	train	152
train_0350	train	180
train_0351	train	152
train_0352	train	169
train_0353	train	13
train_0354	train	135
train_0355	train	72
train_0356	train	82
train_0357	train	119
train_0358	train	103
train_0359	train	82
train_0360	train	7
train_0361	train	76
train_0362	train	135
train_0363	train	46
train_0364	train	70
train_0365	train	112
train_0366	train	180
train_0367	train	96
train_0368	train	81
train_0369	train	147
train_0370	train	45
train_0371	train	195
train_0372	train	73
train_0373	train	128
train_0374	train	2
train_0375	train	49
train_0376	train	188
train_0377	train	119
train_0378	train	13
train_0379	train	152
train_0380	train	103
train_0381	train	111
train_0382	train	111
train_0383	train	13
train_0384	train	152
train_0385	train	13
train_0386	train	49
train_0387	train	172
train_0388	train	170
train_0389	train	65
train_0390	train	175
train_0391	train	170
train_0392	train	81
train_0393	train	61
train_0394	train	59
train_0395	train	59
train_0396	train	13
train_0397	train	5
train_0398	train	130
train_0399	train	104
train_0400	train	169
train_0401	train	185
train_0402	train	80
train_0403	train	74
train_0404	train	177
train_0405	train	74
train_0406	train	87
train_0407	train	35
train_0408	train	69
train_0409	train	195
train_0410	train	1
train_0411	train	7
train_0412	train	159
train_0413	train	42
train_0414	train	136
train_0415	train	69
train_0416	train	42
train_0417	train	193
train_0418	train	28
train_0419	train	128
train_0420	train	18
train_0421	train	90
train_0422	train	170
train_0423	train	158
train_0424	train	7
train_0425	train	124
train_0426	train	103
train_0427	train	62
train_0428	train	10
train_0429	train	24
train_0430	train	35
train_0431	train	73
train_0432	train	13
train_0433	train	196
train_0434	train	102
train_0435	train	7
train_0436	train	155
train_0437	train	28
train_0438	train	195
train_0439	train	150
train_0440	train	70
train_0441	train	47
train_0442	train	47
train_0443	train	155
train_0444	train	151
train_0445	train	104
train_0446	train	139
train_0447	train	115
train_0448	train	20
train_0449	train	186
train_0450	train	90
train_0451	train	70
train_0452	train	102
train_0453	train	160
train_0454	train	3
train_0455	train	22
train_0456	train	126
train_0457	train	55
train_0458	train	95
train_0459	train	12
train_0460	train	66
train_0461	train	142
train_0462	train	192
train_0463	train	74
train_0464	train	62
train_0465	train	124
train_0466	train	106
train_0467	train	42
train_0468	train	98
train_0469	train	161
train_0470	train	98
train_0471	train	13
train_0472	train	138
train_0473	train	144
train_0474	train	104
train_0475	train	33
train_0476	train	42
train_0477	train	96
train_0478	train	192
train_0479	train	72
train_0480	train	178
train_0481	train	49
train_0482	train	69
train_0483	train	204
train_0484	train	26
train_0485	train	37
train_0486	train	90
train_0487	train	139
train_0488	train	13
train_0489	train	76
train_0490	train	87
train_0491	train	151
train_0492	train	26
train_0493	train	179
train_0494	train	59
train_0495	train	151
train_0496	train	90
train_0497	train	52
train_0498	train	200
train_0499	train	197
train_0500	train	144
train_0501	train	180
train_0502	train	8
train_0503	train	142
train_0504	train	159
train_0505	train	151
train_0506	train	42
train_0507	train	126
train_0508	train	69
train_0509	train	158
train_0510	train	26
train_0511	train	47
train_0512	train	37
train_0513	train	40
train_0514	train	74
train_0515	train	55
train_0516	train	87
train_0517	train	130
train_0518	train	90
train_0519	train	119
train_0520	train	81
train_0521	train	25
train_0522	train	33
train_0523	train	87
train_0524	train	177
train_0525	train	169
train_0526	train	92
train_0527	train	139
train_0528	train	157
train_0529	train	192
train_0530	train	192
train_0531	train	3
train_0532	train	47
train_0533	train	155
train_0534	train	70
train_0535	train	66
train_0536	train	59
train_0537	train	51
train_0538	train	164
train_0539	train	101
train_0540	train	66
train_0541	train	202
train_0542	train	118
train_0543	train	155
train_0544	train	87
train_0545	train	196
train_0546	train	206
train_0547	train	3
train_0548	train	135
train_0549	train	121
train_0550	train	197
train_0551	train	28
train_0552	train	119
train_0553	train	106
train_0554	train	121
train_0555	train	2
train_0556	train	74
train_0557	train	114
train_0558	train	87
train_0559	train	76
train_0560	train	87
train_0561	train	151
train_0562	train	189
train_0563	train	164
train_0564	train	52
train_0565	train	152
train_0566	train	152
train_0567	train	160
train_0568	train	42
train_0569	train	87
train_0570	train	103
train_0571	train	102
train_0572	train	142
train_0573	train	180
train_0574	train	164
train_0575	train	102
train_0576	train	123
train_0577	train	6
train_0578	train	159
train_0579	train	197
train_0580	train	193
train_0581	train	59
train_0582	train	133
train_0583	train	119
train_0584	train	62
train_0585	train	135
train_0586	train	206
train_0587	train	96
train_0588	train	12
train_0589	train	102
train_0590	train	42
train_0591	train	2
train_0592	train	92
train_0593	train	26
train_0594	train	193
train_0595	train	118
train_0596	train	204
train_0597	train	138
train_0598	train	130
train_0599	train	78
train_0600	train	62
train_0601	train	186
train_0602	train	80
train_0603	train	172
train_0604	train	185
train_0605	train	51
train_0606	train	47
train_0607	train	169
train_0608	train	59
train_0609	train	14
train_0610	train	82
train_0611	train	78
train_0612	train	110
train_0613	train	161
train_0614	train	35
train_0615	train	72
train_0616	train	76
train_0617	train	2
train_0618	train	167
train_0619	train	72
train_0620	train	209
train_0621	train	112
train_0622	train	12
train_0623	train	119
train_0624	train	92
train_0625	train	8
train_0626	train	138
train_0627	train	5
train_0628	train	152
train_0629	train	184
train_0630	train	81
train_0631	train	193
train_0632	train	25
train_0633	train	15
train_0634	train	130
train_0635	train	49
train_0636	train	159
train_0637	train	162
train_0638	train	151
train_0639	train	25
train_0640	train	178
train_0641	train	26
train_0642	train	197
train_0643	train	45
train_0644	train	11
train_0645	train	101
train_0646	train	200
train_0647	train	22
train_0648	train	197
train_0649	train	142
train_0650	train	20
train_0651	train	96
train_0652	train	59
train_0653	train	1
train_0654	train	27
train_0655	train	74
train_0656	train	167
train_0657	train	27
train_0658	train	123
train_0659	train	196
train_0660	train	6
train_0661	train	33
train_0662	train	197
train_0663	train	162
train_0664	train	169
train_0665	train	114
train_0666	train	136
train_0667	train	100
train_0668	train	90
train_0669	train	126
train_0670	train	106
train_0671	train	119
train_0672	train	102
train_0673	train	6
train_0674	train	128
train_0675	train	102
train_0676	train	150
train_0677	train	155
train_0678	train	196
train_0679	train	90
train_0680	train	169
train_0681	train	159
train_0682	train	178
train_0683	train	165
train_0684	train	82
train_0685	train	165
train_0686	train	98
train_0687	train	138
train_0688	train	8
train_0689	train	40
train_0690	train	118
train_0691	train	28
train_0692	train	185
train_0693	train	26
train_0694	train	13
train_0695	train	12
train_0696	train	196
train_0697	train	65
train_0698	train	52
train_0699	train	49
train_0700	train	18
train_0701	train	197
train_0702	train	46
train_0703	train	165
train_0704	train	101
train_0705	train	108
train_0706	train	123
train_0707	train	171
train_0708	train	3
train_0709	train	42
train_0710	train	159
train_0711	train	150
train_0712	train	193
train_0713	train	151
train_0714	train	7
train_0715	train	57
train_0716	train	119
train_0717	train	193
train_0718	train	179
train_0719	train	80
train_0720	train	185
train_0721	train	130
train_0722	train	87
train_0723	train	123
train_0724	train	8
train_0725	train	13
train_0726	train	81
train_0727	train	133
train_0728	train	70
train_0729	train	200
train_0730	train	10
train_0731	train	84
train_0732	train	2
train_0733	train	52
train_0734	train	164
train_0735	train	124
train_0736	train	87
train_0737	train	12
train_0738	train	10
train_0739	train	90
train_0740	train	6
train_0741	train	123
train_0742	train	7
train_0743	train	2
train_0744	train	42
train_0745	train	72
train_0746	train	98
train_0747	train	171
train_0748	train	98
train_0749	train	8
train_0750	train	106
train_0751	train	49
train_0752	train	47
train_0753	train	188
train_0754	train	74
train_0755	train	193
train_0756	train	66
train_0757	train	122
train_0758	train	84
train_0759	train	114
train_0760	train	196
train_0761	train	5
train_0762	train	192
train_0763	train	8
train_0764	train	155
train_0765	train	79
train_0766	train	3
train_0767	train	125
train_0768	train	59
train_0769	train	13
train_0770	train	1
train_0771	train	142
train_0772	train	204
train_0773	train	188
train_0774	train	178
train_0775	train	84
train_0776	train	170
train_0777	train	106
train_0778	train	119
train_0779	train	87
train_0780	train	204
train_0781	train	204
train_0782	train	76
train_0783	train	115
train_0784	train	40
train_0785	train	175
train_0786	train	204
train_0787	train	136
train_0788	train	152
train_0789	train	124
train_0790	train	206
train_0791	train	200
train_0792	train	28
train_0793	train	158
train_0794	train	185
train_0795	train	135
train_0796	train	82
train_0797	train	111
train_0798	train	62
train_0799	train	164
train_0800	train	47
train_0801	train	160
train_0802	train	66
train_0803	train	180
train_0804	train	178
train_0805	train	57
train_0806	train	72
train_0807	train	121
train_0808	train	42
train_0809	train	167
train_0810	train	204
train_0811	train	185
train_0812	train	121
train_0813	train	101
train_0814	train	12
train_0815	train	167
train_0816	train	13
train_0817	train	45
train_0818	train	55
train_0819	train	52
train_0820	train	55
train_0821	train	150
train_0822	train	143
train_0823	train	177
train_0824	train	170
train_0825	train	159
train_0826	train	103
train_0827	train	142
train_0828	train	73
train_0829	train	106
train_0830	train	159
train_0831	train	162
train_0832	train	47
train_0833	train	8
train_0834	train	12
train_0835	train	14
train_0836	train	158
train_0837	train	118
train_0838	train	180
train_0839	train	42
train_0840	train	159
train_0841	train	12
train_0842	train	171
train_0843	train	160
train_0844	train	98
train_0845	train	37
train_0846	train	162
train_0847	train	72
train_0848	train	139
train_0849	train	152
train_0850	train	135
train_0851	train	100
train_0852	train	47
train_0853	train	193
train_0854	train	121
train_0855	train	162
train_0856	train	42
train_0857	train	110
train_0858	train	27
train_0859	train	78
train_0860	train	12
train_0861	train	146
train_0862	train	202
train_0863	train	33
train_0864	train	165
train_0865	train	103
train_0866	train	110
train_0867	train	110
train_0868	train	172
train_0869	train	1
train_0870	train	81
train_0871	train	7
train_0872	train	111
train_0873	train	167
train_0874	train	26
train_0875	train	151
train_0876	train	82
train_0877	train	128
train_0878	train	92
train_0879	train	115
train_0880	train	5
train_0881	train	12
train_0882	train	55
train_0883	train	209
train_0884	train	18
train_0885	train	49
train_0886	train	206
train_0887	train	196
train_0888	train	78
train_0889	train	122
train_0890	train	78
train_0891	train	123
train_0892	train	165
train_0893	train	154
train_0894	train	152
train_0895	train	196
train_0896	train	165
train_0897	train	98
train_0898	train	115
train_0899	train	133
train_0900	train	49
train_0901	train	126
train_0902	train	74
train_0903	train	123
train_0904	train	15
train_0905	train	14
train_0906	train	87
train_0907	train	178
train_0908	train	111
train_0909	train	33
train_0910	train	104
train_0911	train	87
train_0912	train	76
train_0913	train	11
train_0914	train	81
train_0915	train	108
train_0916	train	26
train_0917	train	6
train_0918	train	49
train_0919	train	112
train_0920	train	170
train_0921	train	74
train_0922	train	69
train_0923	train	169
train_0924	train	18
train_0925	train	25
train_0926	train	180
train_0927	train	170
train_0928	train	165
train_0929	train	79
train_0930	train	70
train_0931	train	82
train_0932	train	69
train_0933	train	6
train_0934	train	150
train_0935	train	22
train_0936	train	159
train_0937	train	102
train_0938	train	193
train_0939	train	169
train_0940	train	135
train_0941	train	55
train_0942	train	66
train_0943	train	165
train_0944	train	40
train_0945	train	42
train_0946	train	150
train_0947	train	136
train_0948	train	33
train_0949	train	130
train_0950	train	82
train_0951	train	62
train_0952	train	152
train_0953	train	74
train_0954	train	87
train_0955	train	179
train_0956	train	130
train_0957	train	159
train_0958	train	7
train_0959	train	46
train_0960	train	147
train_0961	train	18
train_0962	train	126
train_0963	train	49
train_0964	train	204
train_0965	train	98
train_0966	train	92
train_0967	train	165
train_0968	train	74
train_0969	train	159
train_0970	train	178
train_0971	train	47
train_0972	train	138
train_0973	train	197
train_0974	train	124
train_0975	train	103
train_0976	train	106
train_0977	train	46
train_0978	train	74
train_0979	train	147
train_0980	train	81
train_0981	train	42
train_0982	train	114
train_0983	train	195
train_0984	train	186
train_0985	train	49
train_0986	train	138
train_0987	train	108
train_0988	train	162
train_0989	train	76
train_0990	train	65
train_0991	train	206
train_0992	train	102
train_0993	train	74
train_0994	train	92
train_0995	train	142
train_0996	train	143
train_0997	train	90
train_0998	train	119
train_0999	train	57
train_1000	train	175
train_1001	train	33
train_1002	train	28
train_1003	train	123
train_1004	train	80
train_1005	train	121
train_1006	train	55
train_1007	train	69
train_1008	train	82
train_1009	train	185
train_1010	train	175
train_1011	train	2
train_1012	train	133
train_1013	train	7
train_1014	train	2
train_1015	train	96
train_1016	train	171
train_1017	train	66
train_1018	train	111
train_1019	train	188
train_1020	train	11
train_1021	train	28
train_1022	train	81
train_1023	train	45
train_1024	train	108
train_1025	train	96
train_1026	train	170
train_1027	train	125
train_1028	train	34
train_1029	train	108
train_1030	train	194
train_1031	train	57
train_1032	train	144
train_1033	train	73
train_1034	train	12
train_1035	train	147
train_1036	train	160
train_1037	train	186
train_1038	train	20
train_1039	train	136
train_1040	train	125
train_1041	train	82
train_1042	train	175
train_1043	train	196
train_1044	train	169
train_1045	train	101
train_1046	train	92
train_1047	train	133
train_1048	train	96
train_1049	train	162
train_1050	train	111
train_1051	train	2
train_1052	train	11
train_1053	train	180
train_1054	train	79
train_1055	train	115
train_1056	train	10
train_1057	train	74
train_1058	train	111
train_1059	train	74
train_1060	train	171
train_1061	train	118
train_1062	train	114
train_1063	train	171
train_1064	train	13
train_1065	train	115
train_1066	train	130
train_1067	train	146
train_1068	train	118
train_1069	train	34
train_1070	train	106
train_1071	train	104
train_1072	train	136
train_1073	train	62
train_1074	train	87
train_1075	train	103
train_1076	train	155
train_1077	train	42
train_1078	train	65
train_1079	train	186
train_1080	train	169
train_1081	train	14
train_1082	train	104
train_1083	train	45
train_1084	train	104
train_1085	train	35
train_1086	train	136
train_1087	train	96
train_1088	train	62
train_1089	train	26
train_1090	train	172
train_1091	train	179
train_1092	train	200
train_1093	train	100
train_1094	train	72
train_1095	train	165
train_1096	train	7
train_1097	train	6
train_1098	train	103
train_1099	train	126
train_1100	train	196
train_1101	train	74
train_1102	train	124
train_1103	train	160
train_1104	train	162
train_1105	train	11
train_1106	train	159
train_1107	train	179
train_1108	train	147
train_1109	train	92
train_1110	train	175
train_1111	train	87
train_1112	train	189
train_1113	train	73
train_1114	train	195
train_1115	train	143
train_1116	train	118
train_1117	train	70
train_1118	train	206
train_1119	train	52
train_1120	train	106
train_1121	train	119
train_1122	train	112
train_1123	train	165
train_1124	train	143
train_1125	train	132
train_1126	train	42
train_1127	train	59
train_1128	train	146
train_1129	train	202
train_1130	train	12
train_1131	train	81
train_1132	train	122
train_1133	train	124
train_1134	train	126
train_1135	train	189
train_1136	train	195
train_1137	train	33
train_1138	train	115
train_1139	train	94
train_1140	train	136
train_1141	train	162
train_1142	train	194
train_1143	train	28
train_1144	train	100
train_1145	train	146
train_1146	train	18
train_1147	train	206
train_1148	train	66
train_1149	train	136
train_1150	train	165
train_1151	train	7
train_1152	train	202
train_1153	train	193
train_1154	train	8
train_1155	train	186
train_1156	train	66
train_1157	train	72
train_1158	train	209
train_1159	train	189
train_1160	train	92
train_1161	train	92
train_1162	train	118
train_1163	train	143
train_1164	train	121
train_1165	train	115
train_1166	train	57
train_1167	train	175
train_1168	train	160
train_1169	train	202
train_1170	train	102
train_1171	train	100
train_1172	train	42
train_1173	train	119
train_1174	train	126
train_1175	train	61
train_1176	train	57
train_1177	train	192
train_1178	train	65
train_1179	train	34
train_1180	train	104
train_1181	train	92
train_1182	train	82
train_1183	train	200
train_1184	train	22
train_1185	train	103
train_1186	train	74
train_1187	train	155
train_1188	train	197
train_1189	train	132
train_1190	train	8
train_1191	train	165
train_1192	train	87
train_1193	train	22
train_1194	train	106
train_1195	train	170
train_1196	train	135
train_1197	train	189
train_1198	train	90
train_1199	train	186
train_1200	train	172
train_1201	train	169
train_1202	train	40
train_1203	train	136
train_1204	train	175
train_1205	train	27
train_1206	train	45
train_1207	train	195
train_1208	train	96
train_1209	train	102
train_1210	train	179
train_1211	train	73
train_1212	train	2
train_1213	train	155
train_1214	train	185
train_1215	train	72
train_1216	train	104
train_1217	train	24
train_1218	train	94
train_1219	train	128
train_1220	train	2
train_1221	train	46
train_1222	train	180
train_1223	train	74
train_1224	train	45
train_1225	train	209
train_1226	train	170
train_1227	train	78
train_1228	train	159
train_1229	train	151
train_1230	train	167
train_1231	train	5
train_1232	train	192
train_1233	train	204
train_1234	train	82
train_1235	train	87
train_1236	train	126
train_1237	train	46
train_1238	train	193
train_1239	train	128
train_1240	train	45
train_1241	train	72
train_1242	train	57
train_1243	train	192
train_1244	train	119
train_1245	train	132
train_1246	train	159
train_1247	train	118
train_1248	train	49
train_1249	train	62
train_1250	train	70
train_1251	train	133
train_1252	train	101
train_1253	train	79
train_1254	train	87
train_1255	train	10
train_1256	train	12
train_1257	train	34
train_1258	train	6
train_1259	train	106
train_1260	train	12
train_1261	train	152
train_1262	train	96
train_1263	train	104
train_1264	train	33
train_1265	train	152
train_1266	train	126
train_1267	train	192
train_1268	train	139
train_1269	train	73
train_1270	train	193
train_1271	train	159
train_1272	train	185
train_1273	train	98
train_1274	train	6
train_1275	train	20
train_1276	train	73
train_1277	train	143
train_1278	train	92
train_1279	train	81
train_1280	train	74
train_1281	train	3
train_1282	train	81
train_1283	train	118
train_1284	train	179
train_1285	train	80
train_1286	train	185
train_1287	train	49
train_1288	train	189
train_1289	train	42
train_1290	train	115
train_1291	train	157
train_1292	train	82
train_1293	train	72
train_1294	train	102
train_1295	train	27
train_1296	train	144
train_1297	train	42
train_1298	train	118
train_1299	train	55
train_1300	train	102
train_1301	train	193
train_1302	train	147
train_1303	train	155
train_1304	train	24
train_1305	train	76
train_1306	train	152
train_1307	train	35
train_1308	train	160
train_1309	train	136
train_1310	train	178
train_1311	train	147
train_1312	train	159
train_1313	train	184
train_1314	train	100
train_1315	train	185
train_1316	train	98
train_1317	train	119
train_1318	train	11
train_1319	train	46
train_1320	train	144
train_1321	train	115
train_1322	train	152
train_1323	train	20
train_1324	train	159
train_1325	train	28
train_1326	train	185
train_1327	train	37
train_1328	train	112
train_1329	train	61
train_1330	train	135
train_1331	train	144
train_1332	train	177
train_1333	train	70
train_1334	train	123
train_1335	train	22
train_1336	train	144
train_1337	train	139
train_1338	train	147
train_1339	train	59
train_1340	train	115
train_1341	train	164
train_1342	train	82
train_1343	train	104
train_1344	train	196
train_1345	train	209
train_1346	train	102
train_1347	train	25
train_1348	train	11
train_1349	train	40
train_1350	train	108
train_1351	train	33
train_1352	train	185
train_1353	train	6
train_1354	train	114
train_1355	train	180
train_1356	train	121
train_1357	train	7
train_1358	train	171
train_1359	train	2
train_1360	train	49
train_1361	train	189
train_1362	train	118
train_1363	train	121
train_1364	train	81
train_1365	train	165
train_1366	train	47
train_1367	train	206
train_1368	train	81
train_1369	train	72
train_1370	train	51
train_1371	train	186
train_1372	train	200
train_1373	train	52
train_1374	train	74
train_1375	train	147
train_1376	train	82
train_1377	train	152
train_1378	train	87
train_1379	train	195
train_1380	train	108
train_1381	train	62
train_1382	train	62
train_1383	train	115
train_1384	train	95
train_1385	train	57
train_1386	train	87
train_1387	train	49
train_1388	train	66
train_1389	train	195
train_1390	train	22
train_1391	train	66
train_1392	train	28
train_1393	train	189
train_1394	train	152
train_1395	train	42
train_1396	train	180
train_1397	train	138
train_1398	train	160
train_1399	train	96
train_1400	train	188
train_1401	train	118
train_1402	train	74
train_1403	train	62
train_1404	train	84
train_1405	train	103
train_1406	train	111
train_1407	train	197
train_1408	train	82
train_1409	train	82
train_1410	train	96
train_1411	train	52
train_1412	train	76
train_1413	train	185
train_1414	train	157
train_1415	train	82
train_1416	train	151
train_1417	train	118
train_1418	train	172
train_1419	train	14
train_1420	train	147
train_1421	train	78
train_1422	train	57
train_1423	train	78
train_1424	train	79
train_1425	train	47
train_1426	train	13
train_1427	train	192
train_1428	train	2
train_1429	train	125
train_1430	train	13
train_1431	train	115
train_1432	train	82
train_1433	train	100
train_1434	train	96
train_1435	train	94
train_1436	train	136
train_1437	train	178
train_1438	train	94
train_1439	train	6
train_1440	train	159
train_1441	train	49
train_1442	train	197
train_1443	train	90
train_1444	train	142
train_1445	train	195
train_1446	train	130
train_1447	train	70
train_1448	train	13
train_1449	train	42
train_1450	train	204
train_1451	train	79
train_1452	train	159
train_1453	train	150
train_1454	train	5
train_1455	train	185
train_1456	train	115
train_1457	train	130
train_1458	train	177
train_1459	train	193
train_1460	train	28
train_1461	train	6
train_1462	train	78
train_1463	train	22
train_1464	train	76
train_1465	train	196
train_1466	train	162
train_1467	train	25
train_1468	train	2
train_1469	train	40
train_1470	train	165
train_1471	train	104
train_1472	train	98
train_1473	train	74
train_1474	train	87
train_1475	train	26
train_1476	train	135
train_1477	train	13
train_1478	train	178
train_1479	train	110
train_1480	train	142
train_1481	train	130
train_1482	train	74
train_1483	train	206
train_1484	train	111
train_1485	train	47
train_1486	train	165
train_1487	train	171
train_1488	train	35
train_1489	train	115
train_1490	train	81
train_1491	train	152
train_1492	train	133
train_1493	train	123
train_1494	train	42
train_1495	train	62
train_1496	train	72
train_1497	train	76
train_1498	train	82
train_1499	train	138
train_1500	train	49
train_1501	train	37
train_1502	train	179
train_1503	train	7
train_1504	train	123
train_1505	train	160
train_1506	train	3
train_1507	train	47
train_1508	train	13
train_1509	train	92
train_1510	train	197
train_1511	train	96
train_1512	train	160
train_1513	train	143
train_1514	train	82
train_1515	train	72
train_1516	train	197
train_1517	train	26
train_1518	train	170
train_1519	train	123
train_1520	train	92
train_1521	train	185
train_1522	train	98
train_1523	train	165
train_1524	train	25
train_1525	train	195
train_1526	train	42
train_1527	train	157
train_1528	train	11
train_1529	train	65
train_1530	train	72
train_1531	train	25
train_1532	train	72
train_1533	train	84
train_1534	train	103
train_1535	train	84
train_1536	train	133
train_1537	train	152
train_1538	train	50
train_1539	train	87
train_1540	train	189
train_1541	train	177
train_1542	train	115
train_1543	train	169
train_1544	train	160
train_1545	train	92
train_1546	train	22
train_1547	train	73
train_1548	train	94
train_1549	train	10
train_1550	train	81
train_1551	train	81
train_1552	train	25
train_1553	train	34
train_1554	train	37
train_1555	train	66
train_1556	train	82
train_1557	train	157
train_1558	train	13
train_1559	train	25
train_1560	train	178
train_1561	train	146
train_1562	train	74
train_1563	train	175
train_1564	train	45
train_1565	train	69
train_1566	train	50
train_1567	train	152
train_1568	train	128
train_1569	train	28
train_1570	train	146
train_1571	train	159
train_1572	train	28
train_1573	train	40
train_1574	train	25
train_1575	train	123
train_1576	train	110
train_1577	train	73
train_1578	train	40
train_1579	train	47
train_1580	train	121
train_1581	train	82
train_1582	train	128
train_1583	train	20
train_1584	train	110
train_1585	train	115
train_1586	train	111
train_1587	train	62
train_1588	train	82
train_1589	train	8
train_1590	train	104
train_1591	train	22
train_1592	train	33
train_1593	train	115
train_1594	train	79
train_1595	train	159
train_1596	train	146
train_1597	train	80
train_1598	train	8
train_1599	train	2
train_1600	train	111
train_1601	train	152
train_1602	train	59
train_1603	train	8
train_1604	train	27
train_1605	train	136
train_1606	train	73
train_1607	train	144
train_1608	train	55
train_1609	train	178
train_1610	train	126
train_1611	train	46
train_1612	train	202
train_1613	train	47
train_1614	train	102
train_1615	train	74
train_1616	train	73
train_1617	train	192
train_1618	train	197
train_1619	train	79
train_1620	train	132
train_1621	train	22
train_1622	train	165
train_1623	train	90
train_1624	train	10
train_1625	train	185
train_1626	train	37
train_1627	train	92
train_1628	train	139
train_1629	train	6
train_1630	train	42
train_1631	train	169
train_1632	train	138
train_1633	train	49
train_1634	train	114
train_1635	train	118
train_1636	train	90
train_1637	train	133
train_1638	train	111
train_1639	train	106
train_1640	train	185
train_1641	train	70
train_1642	train	115
train_1643	train	82
train_1644	train	159
train_1645	train	201
train_1646	train	37
train_1647	train	114
train_1648	train	28
train_1649	train	206
train_1650	train	155
train_1651	train	62
train_1652	train	26
train_1653	train	193
train_1654	train	42
train_1655	train	133
train_1656	train	1
train_1657	train	155
train_1658	train	18
train_1659	train	72
train_1660	train	72
train_1661	train	195
train_1662	train	7
train_1663	train	186
train_1664	train	35
train_1665	train	81
train_1666	train	132
train_1667	train	195
train_1668	train	130
train_1669	train	73
train_1670	train	73
train_1671	train	87
train_1672	train	2
train_1673	train	152
train_1674	train	118
train_1675	train	46
train_1676	train	72
train_1677	train	180
train_1678	train	177
train_1679	train	47
train_1680	train	62
train_1681	train	20
train_1682	train	172
train_1683	train	45
train_1684	train	185
train_1685	train	139
train_1686	train	6
train_1687	train	115
train_1688	train	136
train_1689	train	139
train_1690	train	33
train_1691	train	13
train_1692	train	123
train_1693	train	180
train_1694	train	87
train_1695	train	8
train_1696	train	159
train_1697	train	82
train_1698	train	46
train_1699	train	100
train_1700	train	98
train_1701	train	103
train_1702	train	162
train_1703	train	135
train_1704	train	12
train_1705	train	11
train_1706	train	158
train_1707	train	13
train_1708	train	119
train_1709	train	70
train_1710	train	102
train_1711	train	118
train_1712	train	115
train_1713	train	165
train_1714	train	2
train_1715	train	135
train_1716	train	14
train_1717	train	87
train_1718	train	52
train_1719	train	102
train_1720	train	160
train_1721	train	42
train_1722	train	119
train_1723	train	209
train_1724	train	40
train_1725	train	62
train_1726	train	28
train_1727	train	178
train_1728	train	70
train_1729	train	49
train_1730	train	47
train_1731	train	152
train_1732	train	7
train_1733	train	45
train_1734	train	170
train_1735	train	81
train_1736	train	139
train_1737	train	126
train_1738	train	142
train_1739	train	193
train_1740	train	164
train_1741	train	119
train_1742	train	144
train_1743	train	57
train_1744	train	159
train_1745	train	121
train_1746	train	87
train_1747	train	28
train_1748	train	72
train_1749	train	143
train_1750	train	34
train_1751	train	27
train_1752	train	139
train_1753	train	152
train_1754	train	178
train_1755	train	194
train_1756	train	106
train_1757	train	114
train_1758	train	103
train_1759	train	82
train_1760	train	135
train_1761	train	108
train_1762	train	2
train_1763	train	142
train_1764	train	34
train_1765	train	6
train_1766	train	158
train_1767	train	197
train_1768	train	18
train_1769	train	195
train_1770	train	128
train_1771	train	40
train_1772	train	171
train_1773	train	139
train_1774	train	161
train_1775	train	57
train_1776	train	73
train_1777	train	82
train_1778	train	126
train_1779	train	98
train_1780	train	108
train_1781	train	20
train_1782	train	177
train_1783	train	118
train_1784	train	70
train_1785	train	197
train_1786	train	135
train_1787	train	52
train_1788	train	2
train_1789	train	61
train_1790	train	10
train_1791	train	70
train_1792	train	177
train_1793	train	106
train_1794	train	72
train_1795	train	106
train_1796	train	160
train_1797	train	143
train_1798	train	185
train_1799	train	40
train_1800	train	160
train_1801	train	102
train_1802	train	87
train_1803	train	159
train_1804	train	106
train_1805	train	162
train_1806	train	8
train_1807	train	193
train_1808	train	87
train_1809	train	7
train_1810	train	159
train_1811	train	186
train_1812	train	13
train_1813	train	195
train_1814	train	110
train_1815	train	102
train_1816	train	81
train_1817	train	80
train_1818	train	180
train_1819	train	76
train_1820	train	82
train_1821	train	185
train_1822	train	70
train_1823	train	46
train_1824	train	118
train_1825	train	52
train_1826	train	162
train_1827	train	66
train_1828	train	46
train_1829	train	12
train_1830	train	192
train_1831	train	35
train_1832	train	35
train_1833	train	7
train_1834	train	160
train_1835	train	100
train_1836	train	180
train_1837	train	164
train_1838	train	115
train_1839	train	45
train_1840	train	51
train_1841	train	33
train_1842	train	130
train_1843	train	124
train_1844	train	35
train_1845	train	70
train_1846	train	136
train_1847	train	193
train_1848	train	11
train_1849	train	35
train_1850	train	74
train_1851	train	121
train_1852	train	40
train_1853	train	189
train_1854	train	124
train_1855	train	100
train_1856	train	130
train_1857	train	66
train_1858	train	159
train_1859	train	40
train_1860	train	76
train_1861	train	143
train_1862	train	74
train_1863	train	33
train_1864	train	130
train_1865	train	197
train_1866	train	135
train_1867	train	196
train_1868	train	108
train_1869	train	34
train_1870	train	87
train_1871	train	193
train_1872	train	82
train_1873	train	45
train_1874	train	47
train_1875	train	143
train_1876	train	6
train_1877	train	82
train_1878	train	7
train_1879	train	126
train_1880	train	81
train_1881	train	42
train_1882	train	13
train_1883	train	12
train_1884	train	146
train_1885	train	72
train_1886	train	186
train_1887	train	8
train_1888	train	62
train_1889	train	40
train_1890	train	165
train_1891	train	126
train_1892	train	209
train_1893	train	6
train_1894	train	136
train_1895	train	61
train_1896	train	11
train_1897	train	47
train_1898	train	24
train_1899	train	193
train_1900	train	110
train_1901	train	73
train_1902	train	189
train_1903	train	50
train_1904	train	87
train_1905	train	128
train_1906	train	27
train_1907	train	186
train_1908	train	49
train_1909	train	196
train_1910	train	50
train_1911	train	136
train_1912	train	73
train_1913	train	177
train_1914	train	133
train_1915	train	72
train_1916	train	50
train_1917	train	150
train_1918	train	155
train_1919	train	61
train_1920	train	167
train_1921	train	138
train_1922	train	185
train_1923	train	162
train_1924	train	70
train_1925	train	118
train_1926	train	104
train_1927	train	133
train_1928	train	25
train_1929	train	82
train_1930	train	165
train_1931	train	3
train_1932	train	192
train_1933	train	125
train_1934	train	74
train_1935	train	128
train_1936	train	185
train_1937	train	45
train_1938	train	179
train_1939	train	135
train_1940	train	200
train_1941	train	13
train_1942	train	45
train_1943	train	70
train_1944	train	18
train_1945	train	165
train_1946	train	125
train_1947	train	11
train_1948	train	115
train_1949	train	124
train_1950	train	66
train_1951	train	143
train_1952	train	196
train_1953	train	70
train_1954	train	13
train_1955	train	40
train_1956	train	5
train_1957	train	197
train_1958	train	147
train_1959	train	177
train_1960	train	74
train_1961	train	33
train_1962	train	24
train_1963	train	165
train_1964	train	5
train_1965	train	13
train_1966	train	46
train_1967	train	125
train_1968	train	74
train_1969	train	27
train_1970	train	6
train_1971	train	124
train_1972	train	47
train_1973	train	79
train_1974	train	104
train_1975	train	42
train_1976	train	73
train_1977	train	193
train_1978	train	5
train_1979	train	100
train_1980	train	171
train_1981	train	128
train_1982	train	180
train_1983	train	82
train_1984	train	90
train_1985	train	27
train_1986	train	206
train_1987	train	26
train_1988	train	136
train_1989	train	164
train_1990	train	78
train_1991	train	20
train_1992	train	130
train_1993	train	81
train_1994	train	62
train_1995	train	55
train_1996	train	160
train_1997	train	76
train_1998	train	65
train_1999	train	197
train_2000	train	57
train_2001	train	27
train_2002	train	169
train_2003	train	49
train_2004	train	96
train_2005	train	69
train_2006	train	5
train_2007	train	81
train_2008	train	111
train_2009	train	92
train_2010	train	155
train_2011	train	76
train_2012	train	96
train_2013	train	112
train_2014	train	102
train_2015	train	87
train_2016	train	10
train_2017	train	164
train_2018	train	186
train_2019	train	78
train_2020	train	62
train_2021	train	42
train_2022	train	114
train_2023	train	114
train_2024	train	195
train_2025	train	70
train_2026	train	101
train_2027	train	115
train_2028	train	123
train_2029	train	104
train_2030	train	5
train_2031	train	165
train_2032	train	139
train_2033	train	3
train_2034	train	170
train_2035	train	66
train_2036	train	133
train_2037	train	49
train_2038	train	130
train_2039	train	49
train_2040	train	87
train_2041	train	151
train_2042	train	42
train_2043	train	18
train_2044	train	28
train_2045	train	132
train_2046	train	49
train_2047	train	81
train_2048	train	87
train_2049	train	121
train_2050	train	193
train_2051	train	126
train_2052	train	133
train_2053	train	12
train_2054	train	175
train_2055	train	150
train_2056	train	70
train_2057	train	57
train_2058	train	143
train_2059	train	73
train_2060	train	196
train_2061	train	42
train_2062	train	27
train_2063	train	128
train_2064	train	108
train_2065	train	152
train_2066	train	96
train_2067	train	81
train_2068	train	175
train_2069	train	81
train_2070	train	197
train_2071	train	28
train_2072	train	82
train_2073	train	196
train_2074	train	87
train_2075	train	49
train_2076	train	74
train_2077	train	112
train_2078	train	209
train_2079	train	142
train_2080	train	108
train_2081	train	79
train_2082	train	167
train_2083	train	3
train_2084	train	33
train_2085	train	186
train_2086	train	165
train_2087	train	180
train_2088	train	98
train_2089	train	52
train_2090	train	73
train_2091	train	152
train_2092	train	172
train_2093	train	57
train_2094	train	186
train_2095	train	98
train_2096	train	158
train_2097	train	106
train_2098	train	70
train_2099	train	46
train_2100	train	118
train_2101	train	136
train_2102	train	12
train_2103	train	159
train_2104	train	111
train_2105	train	14
train_2106	train	7
train_2107	train	103
train_2108	train	61
train_2109	train	146
train_2110	train	42
train_2111	train	164
train_2112	train	204
train_2113	train	12
train_2114	train	12
train_2115	train	74
train_2116	train	100
train_2117	train	108
train_2118	train	128
train_2119	train	26
train_2120	train	87
train_2121	train	194
train_2122	train	169
train_2123	train	152
train_2124	train	22
train_2125	train	35
train_2126	train	46
train_2127	train	126
train_2128	train	2
train_2129	train	193
train_2130	train	158
train_2131	train	22
train_2132	train	90
train_2133	train	121
train_2134	train	28
train_2135	train	185
train_2136	train	171
train_2137	train	79
train_2138	train	45
train_2139	train	6
train_2140	train	125
train_2141	train	159
train_2142	train	96
train_2143	train	185
train_2144	train	106
train_2145	train	133
train_2146	train	62
train_2147	train	87
train_2148	train	138
train_2149	train	12
train_2150	train	200
train_2151	train	157
train_2152	train	139
train_2153	train	195
train_2154	train	73
train_2155	train	155
train_2156	train	10
train_2157	train	81
train_2158	train	126
train_2159	train	28
train_2160	train	193
train_2161	train	78
train_2162	train	146
train_2163	train	84
train_2164	train	98
train_2165	train	10
train_2166	train	90
train_2167	train	69
train_2168	train	189
train_2169	train	13
train_2170	train	84
train_2171	train	152
train_2172	train	118
train_2173	train	42
train_2174	train	159
train_2175	train	177
train_2176	train	42
train_2177	train	11
train_2178	train	159
train_2179	train	172
train_2180	train	66
train_2181	train	45
train_2182	train	108
train_2183	train	84
train_2184	train	81
train_2185	train	125
train_2186	train	136
train_2187	train	20
train_2188	train	13
train_2189	train	5
train_2190	train	13
train_2191	train	65
train_2192	train	28
train_2193	train	70
train_2194	train	73
train_2195	train	2
train_2196	train	49
train_2197	train	203
train_2198	train	103
train_2199	train	87
train_2200	train	196
train_2201	train	34
train_2202	train	74
train_2203	train	147
train_2204	train	158
train_2205	train	178
train_2206	train	196
train_2207	train	28
train_2208	train	123
train_2209	train	128
train_2210	train	27
train_2211	train	106
train_2212	train	152
train_2213	train	114
train_2214	train	178
train_2215	train	12
train_2216	train	82
train_2217	train	142
train_2218	train	68
train_2219	train	37
train_2220	train	152
train_2221	train	20
train_2222	train	1
train_2223	train	98
train_2224	train	152
train_2225	train	169
train_2226	train	104
train_2227	train	126
train_2228	train	62
train_2229	train	192
train_2230	train	143
train_2231	train	52
train_2232	train	118
train_2233	train	11
train_2234	train	170
train_2235	train	82
train_2236	train	45
train_2237	train	142
train_2238	train	33
train_2239	train	142
train_2240	train	73
train_2241	train	123
train_2242	train	80
train_2243	train	170
train_2244	train	177
train_2245	train	143
train_2246	train	15
train_2247	train	1
train_2248	train	159
train_2249	train	111
train_2250	train	108
train_2251	train	104
train_2252	train	40
train_2253	train	197
train_2254	train	92
train_2255	train	79
train_2256	train	70
train_2257	train	195
train_2258	train	42
train_2259	train	79
train_2260	train	70
train_2261	train	125
train_2262	train	159
train_2263	train	128
train_2264	train	66
train_2265	train	178
train_2266	train	158
train_2267	train	6
train_2268	train	124
train_2269	train	192
train_2270	train	159
train_2271	train	69
train_2272	train	55
train_2273	train	114
train_2274	train	7
train_2275	train	135
train_2276	train	49
train_2277	train	135
train_2278	train	151
train_2279	train	142
train_2280	train	209
train_2281	train	197
train_2282	train	26
train_2283	train	69
train_2284	train	70
train_2285	train	206
train_2286	train	35
train_2287	train	61
train_2288	train	123
train_2289	train	202
train_2290	train	6
train_2291	train	42
train_2292	train	185
train_2293	train	197
train_2294	train	162
train_2295	train	108
train_2296	train	103
train_2297	train	157
train_2298	train	103
train_2299	train	98
train_2300	train	72
train_2301	train	80
train_2302	train	1
train_2303	train	197
train_2304	train	87
train_2305	train	177
train_2306	train	118
train_2307	train	65
train_2308	train	172
train_2309	train	57
train_2310	train	82
train_2311	train	187
train_2312	train	45
train_2313	train	47
train_2314	train	189
train_2315	train	170
train_2316	train	128
train_2317	train	42
train_2318	train	193
train_2319	train	73
train_2320	train	57
train_2321	train	159
train_2322	train	35
train_2323	train	143
train_2324	train	171
train_2325	train	24
train_2326	train	138
train_2327	train	186
train_2328	train	81
train_2329	train	192
train_2330	train	114
train_2331	train	112
train_2332	train	11
train_2333	train	12
train_2334	train	33
train_2335	train	45
train_2336	train	13
train_2337	train	42
train_2338	train	35
train_2339	train	100
train_2340	train	87
train_2341	train	162
train_2342	train	59
train_2343	train	206
train_2344	train	165
train_2345	train	28
train_2346	train	37
train_2347	train	72
train_2348	train	27
train_2349	train	106
train_2350	train	33
train_2351	train	74
train_2352	train	79
train_2353	train	27
train_2354	train	195
train_2355	train	62
train_2356	train	87
train_2357	train	171
train_2358	train	206
train_2359	train	197
train_2360	train	26
train_2361	train	197
train_2362	train	62
train_2363	train	195
train_2364	train	98
train_2365	train	80
train_2366	train	171
train_2367	train	112
train_2368	train	96
train_2369	train	59
train_2370	train	119
train_2371	train	37
train_2372	train	158
train_2373	train	152
train_2374	train	159
train_2375	train	82
train_2376	train	123
train_2377	train	124
train_2378	train	69
train_2379	train	159
train_2380	train	94
train_2381	train	70
train_2382	train	28
train_2383	train	79
train_2384	train	76
train_2385	train	204
train_2386	train	8
train_2387	train	46
train_2388	train	10
train_2389	train	74
train_2390	train	111
train_2391	train	11
train_2392	train	72
train_2393	train	35
train_2394	train	87
train_2395	train	186
train_2396	train	103
train_2397	train	188
train_2398	train	142
train_2399	train	125
train_2400	train	157
train_2401	train	80
train_2402	train	3
train_2403	train	52
train_2404	train	59
train_2405	train	142
train_2406	train	52
train_2407	train	162
train_2408	train	180
train_2409	train	155
train_2410	train	5
train_2411	train	133
train_2412	train	34
train_2413	train	125
train_2414	train	119
train_2415	train	103
train_2416	train	82
train_2417	train	138
train_2418	train	126
train_2419	train	52
train_2420	train	22
train_2421	train	114
train_2422	train	189
train_2423	train	200
train_2424	train	189
train_2425	train	128
train_2426	train	128
train_2427	train	106
train_2428	train	184
train_2429	train	87
train_2430	train	125
train_2431	train	7
train_2432	train	82
train_2433	train	34
train_2434	train	144
train_2435	train	73
train_2436	train	45
train_2437	train	20
train_2438	train	55
train_2439	train	65
train_2440	train	195
train_2441	train	82
train_2442	train	82
train_2443	train	65
train_2444	train	130
train_2445	train	72
train_2446	train	103
train_2447	train	104
train_2448	train	8
train_2449	train	170
train_2450	train	175
train_2451	train	66
train_2452	train	204
train_2453	train	72
train_2454	train	62
train_2455	train	45
train_2456	train	159
train_2457	train	160
train_2458	train	45
train_2459	train	175
train_2460	train	103
train_2461	train	34
train_2462	train	78
train_2463	train	61
train_2464	train	115
train_2465	train	189
train_2466	train	42
train_2467	train	73
train_2468	train	7
train_2469	train	62
train_2470	train	110
train_2471	train	128
train_2472	train	194
train_2473	train	46
train_2474	train	49
train_2475	train	98
train_2476	train	82
train_2477	train	78
train_2478	train	27
train_2479	train	79
train_2480	train	200
train_2481	train	2
train_2482	train	188
train_2483	train	121
train_2484	train	74
train_2485	train	193
train_2486	train	106
train_2487	train	28
train_2488	train	42
train_2489	train	209
train_2490	train	150
train_2491	train	206
train_2492	train	70
train_2493	train	18
train_2494	train	101
train_2495	train	90
train_2496	train	82
train_2497	train	175
train_2498	train	81
train_2499	train	130
train_2500	train	136
train_2501	train	10
train_2502	train	7
train_2503	train	170
train_2504	train	178
train_2505	train	79
train_2506	train	204
train_2507	train	193
train_2508	train	142
train_2509	train	195
train_2510	train	119
train_2511	train	126
train_2512	train	76
train_2513	train	108
train_2514	train	13
train_2515	train	49
train_2516	train	155
train_2517	train	66
train_2518	train	49
train_2519	train	121
train_2520	train	90
train_2521	train	115
train_2522	train	96
train_2523	train	118
train_2524	train	87
train_2525	train	73
train_2526	train	159
train_2527	train	171
train_2528	train	167
train_2529	train	125
train_2530	train	197
train_2531	train	96
train_2532	train	115
train_2533	train	28
train_2534	train	100
train_2535	train	128
train_2536	train	186
train_2537	train	51
train_2538	train	69
train_2539	train	158
train_2540	train	49
train_2541	train	70
train_2542	train	177
train_2543	train	76
train_2544	train	159
train_2545	train	80
train_2546	train	159
train_2547	train	143
train_2548	train	70
train_2549	train	6
train_2550	train	143
train_2551	train	195
train_2552	train	157
train_2553	train	103
train_2554	train	96
train_2555	train	50
train_2556	train	13
train_2557	train	111
train_2558	train	154
train_2559	train	104
train_2560	train	119
train_2561	train	13
train_2562	train	170
train_2563	train	165
train_2564	train	119
train_2565	train	162
train_2566	train	80
train_2567	train	144
train_2568	train	123
train_2569	train	98
train_2570	train	8
train_2571	train	130
train_2572	train	206
train_2573	train	98
train_2574	train	70
train_2575	train	74
train_2576	train	171
train_2577	train	201
train_2578	train	186
train_2579	train	142
train_2580	train	192
train_2581	train	7
train_2582	train	146
train_2583	train	82
train_2584	train	81
train_2585	train	194
train_2586	train	169
train_2587	train	45
train_2588	train	80
train_2589	train	69
train_2590	train	62
train_2591	train	193
train_2592	train	20
train_2593	train	27
train_2594	train	70
train_2595	train	69
train_2596	train	33
train_2597	train	45
train_2598	train	115
train_2599	train	80
train_2600	train	160
train_2601	train	76
train_2602	train	25
train_2603	train	74
train_2604	train	47
train_2605	train	161
train_2606	train	169
train_2607	train	162
train_2608	train	74
train_2609	train	61
train_2610	train	186
train_2611	train	115
train_2612	train	46
train_2613	train	65
train_2614	train	94
train_2615	train	162
train_2616	train	92
train_2617	train	40
train_2618	train	162
train_2619	train	180
train_2620	train	146
train_2621	train	87
train_2622	train	143
train_2623	train	135
train_2624	train	142
train_2625	train	169
train_2626	train	125
train_2627	train	119
train_2628	train	118
train_2629	train	69
train_2630	train	126
train_2631	train	8
train_2632	train	123
train_2633	train	119
train_2634	train	82
train_2635	train	12
train_2636	train	209
train_2637	train	136
train_2638	train	82
train_2639	train	72
train_2640	train	130
train_2641	train	100
train_2642	train	42
train_2643	train	35
train_2644	train	95
train_2645	train	90
train_2646	train	101
train_2647	train	5
train_2648	train	130
train_2649	train	76
train_2650	train	155
train_2651	train	13
train_2652	train	90
train_2653	train	135
train_2654	train	90
train_2655	train	179
train_2656	train	82
train_2657	train	128
train_2658	train	27
train_2659	train	82
train_2660	train	12
train_2661	train	47
train_2662	train	103
train_2663	train	101
train_2664	train	5
train_2665	train	76
train_2666	train	2
train_2667	train	5
train_2668	train	40
train_2669	train	193
train_2670	train	108
train_2671	train	204
train_2672	train	74
train_2673	train	165
train_2674	train	82
train_2675	train	147
train_2676	train	81
train_2677	train	152
train_2678	train	66
train_2679	train	65
train_2680	train	142
train_2681	train	104
train_2682	train	87
train_2683	train	78
train_2684	train	2
train_2685	train	169
train_2686	train	126
train_2687	train	180
train_2688	train	28
train_2689	train	100
train_2690	train	108
train_2691	train	68
train_2692	train	132
train_2693	train	87
train_2694	train	123
train_2695	train	70
train_2696	train	25
train_2697	train	157
train_2698	train	69
train_2699	train	81
train_2700	train	13
train_2701	train	65
train_2702	train	206
train_2703	train	209
train_2704	train	157
train_2705	train	11
train_2706	train	114
train_2707	train	104
train_2708	train	80
train_2709	train	72
train_2710	train	13
train_2711	train	13
train_2712	train	195
train_2713	train	57
train_2714	train	159
train_2715	train	206
train_2716	train	175
train_2717	train	42
train_2718	train	74
train_2719	train	159
train_2720	train	205
train_2721	train	20
train_2722	train	147
train_2723	train	35
train_2724	train	7
train_2725	train	7
train_2726	train	33
train_2727	train	159
train_2728	train	195
train_2729	train	57
train_2730	train	115
train_2731	train	157
train_2732	train	79
train_2733	train	10
train_2734	train	33
train_2735	train	104
train_2736	train	12
train_2737	train	154
train_2738	train	10
train_2739	train	70
train_2740	train	74
train_2741	train	6
train_2742	train	164
train_2743	train	66
train_2744	train	177
train_2745	train	65
train_2746	train	197
train_2747	train	119
train_2748	train	189
train_2749	train	165
train_2750	train	164
train_2751	train	95
train_2752	train	98
train_2753	train	164
train_2754	train	33
train_2755	train	209
train_2756	train	178
train_2757	train	136
train_2758	train	82
train_2759	train	159
train_2760	train	160
train_2761	train	62
train_2762	train	128
train_2763	train	152
train_2764	train	139
train_2765	train	146
train_2766	train	195
train_2767	train	33
train_2768	train	47
train_2769	train	143
train_2770	train	6
train_2771	train	165
train_2772	train	59
train_2773	train	100
train_2774	train	100
train_2775	train	179
train_2776	train	125
train_2777	train	35
train_2778	train	114
train_2779	train	159
train_2780	train	146
train_2781	train	2
train_2782	train	151
train_2783	train	13
train_2784	train	80
train_2785	train	33
train_2786	train	87
train_2787	train	175
train_2788	train	94
train_2789	train	165
train_2790	train	185
train_2791	train	119
train_2792	train	40
train_2793	train	14
train_2794	train	124
train_2795	train	66
train_2796	train	28
train_2797	train	185
train_2798	train	65
train_2799	train	34
train_2800	train	146
train_2801	train	70
train_2802	train	104
train_2803	train	12
train_2804	train	74
train_2805	train	165
train_2806	train	100
train_2807	train	7
train_2808	train	150
train_2809	train	49
train_2810	train	200
train_2811	train	11
train_2812	train	66
train_2813	train	74
train_2814	train	175
train_2815	train	102
train_2816	train	178
train_2817	train	42
train_2818	train	195
train_2819	train	133
train_2820	train	178
train_2821	train	25
train_2822	train	90
train_2823	train	204
train_2824	train	111
train_2825	train	119
train_2826	train	160
train_2827	train	195
train_2828	train	118
train_2829	train	195
train_2830	train	13
train_2831	train	152
train_2832	train	133
train_2833	train	172
train_2834	train	74
train_2835	train	100
train_2836	train	104
train_2837	train	100
train_2838	train	87
train_2839	train	74
train_2840	train	7
train_2841	train	100
train_2842	train	114
train_2843	train	164
train_2844	train	101
train_2845	train	101
train_2846	train	5
train_2847	train	72
train_2848	train	24
train_2849	train	114
train_2850	train	185
train_2851	train	69
train_2852	train	151
train_2853	train	103
train_2854	train	14
train_2855	train	87
train_2856	train	61
train_2857	train	6
train_2858	train	12
train_2859	train	76
train_2860	train	72
train_2861	train	138
train_2862	train	42
train_2863	train	69
train_2864	train	98
train_2865	train	197
train_2866	train	175
train_2867	train	138
train_2868	train	96
train_2869	train	121
train_2870	train	7
train_2871	train	115
train_2872	train	196
train_2873	train	84
train_2874	train	59
train_2875	train	206
train_2876	train	171
train_2877	train	11
train_2878	train	33
train_2879	train	152
train_2880	train	151
train_2881	train	81
train_2882	train	167
train_2883	train	37
train_2884	train	2
train_2885	train	5
train_2886	train	11
train_2887	train	152
train_2888	train	200
train_2889	train	139
train_2890	train	32
train_2891	train	33
train_2892	train	24
train_2893	train	155
train_2894	train	159
train_2895	train	25
train_2896	train	160
train_2897	train	69
train_2898	train	124
train_2899	train	35
train_2900	train	69
train_2901	train	22
train_2902	train	14
train_2903	train	52
train_2904	train	180
train_2905	train	13
train_2906	train	73
train_2907	train	73
train_2908	train	37
train_2909	train	84
train_2910	train	28
train_2911	train	7
train_2912	train	101
train_2913	train	195
train_2914	train	170
train_2915	train	33
train_2916	train	110
train_2917	train	61
train_2918	train	169
train_2919	train	165
train_2920	train	171
train_2921	train	87
train_2922	train	200
train_2923	train	69
train_2924	train	79
train_2925	train	128
train_2926	train	2
train_2927	train	209
train_2928	train	146
train_2929	train	78
train_2930	train	209
train_2931	train	98
train_2932	train	87
train_2933	train	10
train_2934	train	132
train_2935	train	104
train_2936	train	164
train_2937	train	57
train_2938	train	84
train_2939	train	184
train_2940	train	65
train_2941	train	5
train_2942	train	206
train_2943	train	135
train_2944	train	178
train_2945	train	121
train_2946	train	25
train_2947	train	66
train_2948	train	115
train_2949	train	82
train_2950	train	81
train_2951	train	73
train_2952	train	150
train_2953	train	150
train_2954	train	74
train_2955	train	154
train_2956	train	62
train_2957	train	124
train_2958	train	159
train_2959	train	125
train_2960	train	72
train_2961	train	204
train_2962	train	102
train_2963	train	80
train_2964	train	49
train_2965	train	158
train_2966	train	170
train_2967	train	133
train_2968	train	87
train_2969	train	96
train_2970	train	55
train_2971	train	167
train_2972	train	186
train_2973	train	135
train_2974	train	37
train_2975	train	28
train_2976	train	10
train_2977	train	12
train_2978	train	81
train_2979	train	175
train_2980	train	142
train_2981	train	20
train_2982	train	169
train_2983	train	14
train_2984	train	185
train_2985	train	197
train_2986	train	160
train_2987	train	81
train_2988	train	209
train_2989	train	79
train_2990	train	33
train_2991	train	186
train_2992	train	66
train_2993	train	180
train_2994	train	123
train_2995	train	96
train_2996	train	192
train_2997	train	102
train_2998	train	209
train_2999	train	1
train_3000	train	165
train_3001	train	46
train_3002	train	35
train_3003	train	51
train_3004	train	92
train_3005	train	28
train_3006	train	73
train_3007	train	185
train_3008	train	169
train_3009	train	2
train_3010	train	40
train_3011	train	96
train_3012	train	62
train_3013	train	112
train_3014	train	152
train_3015	train	119
train_3016	train	193
train_3017	train	73
train_3018	train	142
train_3019	train	136
train_3020	train	209
train_3021	train	204
train_3022	train	152
train_3023	train	169
train_3024	train	204
train_3025	train	49
train_3026	train	78
train_3027	train	136
train_3028	train	170
train_3029	train	112
train_3030	train	159
train_3031	train	123
train_3032	train	195
train_3033	train	84
train_3034	train	125
train_3035	train	22
train_3036	train	152
train_3037	train	112
train_3038	train	160
train_3039	train	55
train_3040	train	138
train_3041	train	150
train_3042	train	98
train_3043	train	6
train_3044	train	209
train_3045	train	130
train_3046	train	72
train_3047	train	28
train_3048	train	114
train_3049	train	102
train_3050	train	96
train_3051	train	100
train_3052	train	206
train_3053	train	98
train_3054	train	5
train_3055	train	165
train_3056	train	158
train_3057	train	18
train_3058	train	1
train_3059	train	96
train_3060	train	178
train_3061	train	101
train_3062	train	189
train_3063	train	57
train_3064	train	155
train_3065	train	87
train_3066	train	138
train_3067	train	87
train_3068	train	37
train_3069	train	162
train_3070	train	27
train_3071	train	15
train_3072	train	121
train_3073	train	202
train_3074	train	186
train_3075	train	82
train_3076	train	62
train_3077	train	65
train_3078	train	28
train_3079	train	139
train_3080	train	100
train_3081	train	87
train_3082	train	79
train_3083	train	52
train_3084	train	124
train_3085	train	106
train_3086	train	59
train_3087	train	74
train_3088	train	186
train_3089	train	73
train_3090	train	146
train_3091	train	170
train_3092	train	185
train_3093	train	14
train_3094	train	76
train_3095	train	3
train_3096	train	2
train_3097	train	142
train_3098	train	74
train_3099	train	103
train_3100	train	186
train_3101	train	179
train_3102	train	12
train_3103	train	200
train_3104	train	178
train_3105	train	108
train_3106	train	69
train_3107	train	1
train_3108	train	22
train_3109	train	164
train_3110	train	167
train_3111	train	61
train_3112	train	57
train_3113	train	143
train_3114	train	170
train_3115	train	152
train_3116	train	26
train_3117	train	81
train_3118	train	103
train_3119	train	6
train_3120	train	90
train_3121	train	121
train_3122	train	112
train_3123	train	24
train_3124	train	112
train_3125	train	136
train_3126	train	136
train_3127	train	165
train_3128	train	193
train_3129	train	49
train_3130	train	193
train_3131	train	49
train_3132	train	87
train_3133	train	133
train_3134	train	72
train_3135	train	5
train_3136	train	164
train_3137	train	76
train_3138	train	62
train_3139	train	112
train_3140	train	171
train_3141	train	147
train_3142	train	81
train_3143	train	7
train_3144	train	49
train_3145	train	52
train_3146	train	5
train_3147	train	136
train_3148	train	45
train_3149	train	35
train_3150	train	193
train_3151	train	179
train_3152	train	155
train_3153	train	177
train_3154	train	72
train_3155	train	142
train_3156	train	123
train_3157	train	57
train_3158	train	136
train_3159	train	96
train_3160	train	195
train_3161	train	119
train_3162	train	104
train_3163	train	90
train_3164	train	196
train_3165	train	102
train_3166	train	65
train_3167	train	159
train_3168	train	186
train_3169	train	128
train_3170	train	155
train_3171	train	72
train_3172	train	80
train_3173	train	178
train_3174	train	13
train_3175	train	148
train_3176	train	92
train_3177	train	172
train_3178	train	8
train_3179	train	108
train_3180	train	206
train_3181	train	209
train_3182	train	201
train_3183	train	13
train_3184	train	195
train_3185	train	3
train_3186	train	82
train_3187	train	115
train_3188	train	132
train_3189	train	159
train_3190	train	11
train_3191	train	144
train_3192	train	193
train_3193	train	115
train_3194	train	50
train_3195	train	169
train_3196	train	125
train_3197	train	157
train_3198	train	42
train_3199	train	15
train_3200	train	200
train_3201	train	33
train_3202	train	55
train_3203	train	112
train_3204	train	90
train_3205	train	52
train_3206	train	159
train_3207	train	170
train_3208	train	96
train_3209	train	115
train_3210	train	96
train_3211	train	37
train_3212	train	13
train_3213	train	193
train_3214	train	27
train_3215	train	51
train_3216	train	59
train_3217	train	200
train_3218	train	82
train_3219	train	152
train_3220	train	95
train_3221	train	3
train_3222	train	82
train_3223	train	11
train_3224	train	81
train_3225	train	12
train_3226	train	96
train_3227	train	7
train_3228	train	84
train_3229	train	100
train_3230	train	70
train_3231	train	65
train_3232	train	154
train_3233	train	119
train_3234	train	81
train_3235	train	209
train_3236	train	79
train_3237	train	57
train_3238	train	73
train_3239	train	79
train_3240	train	52
train_3241	train	25
train_3242	train	62
train_3243	train	143
train_3244	train	49
train_3245	train	159
train_3246	train	123
train_3247	train	34
train_3248	train	186
train_3249	train	126
train_3250	train	37
train_3251	train	2
train_3252	train	101
train_3253	train	185
train_3254	train	98
train_3255	train	46
train_3256	train	196
train_3257	train	111
train_3258	train	175
train_3259	train	103
train_3260	train	157
train_3261	train	102
train_3262	train	165
train_3263	train	115
train_3264	train	152
train_3265	train	6
train_3266	train	193
train_3267	train	94
train_3268	train	65
train_3269	train	61
train_3270	train	206
train_3271	train	8
train_3272	train	80
train_3273	train	104
train_3274	train	180
train_3275	train	20
train_3276	train	59
train_3277	train	28
train_3278	train	73
train_3279	train	144
train_3280	train	4
train_3281	train	28
train_3282	train	45
train_3283	train	103
train_3284	train	27
train_3285	train	193
train_3286	train	136
train_3287	train	150
train_3288	train	103
train_3289	train	49
train_3290	train	126
train_3291	train	103
train_3292	train	108
train_3293	train	142
train_3294	train	2
train_3295	train	100
train_3296	train	35
train_3297	train	159
train_3298	train	180
train_3299	train	103
train_3300	train	195
train_3301	train	49
train_3302	train	169
train_3303	train	6
train_3304	train	10
train_3305	train	152
train_3306	train	159
train_3307	train	106
train_3308	train	121
train_3309	train	192
train_3310	train	204
train_3311	train	66
train_3312	train	152
train_3313	train	13
train_3314	train	10
train_3315	train	1
train_3316	train	78
train_3317	train	185
train_3318	train	50
train_3319	train	70
train_3320	train	155
train_3321	train	40
train_3322	train	171
train_3323	train	73
train_3324	train	146
train_3325	train	135
train_3326	train	46
train_3327	train	37
train_3328	train	189
train_3329	train	165
train_3330	train	146
train_3331	train	70
train_3332	train	84
train_3333	train	103
train_3334	train	206
train_3335	train	76
train_3336	train	87
train_3337	train	172
train_3338	train	165
train_3339	train	170
train_3340	train	73
train_3341	train	72
train_3342	train	18
train_3343	train	118
train_3344	train	74
train_3345	train	69
train_3346	train	185
train_3347	train	13
train_3348	train	47
train_3349	train	126
train_3350	train	115
train_3351	train	92
train_3352	train	195
train_3353	train	133
train_3354	train	73
train_3355	train	121
train_3356	train	192
train_3357	train	165
train_3358	train	24
train_3359	train	6
train_3360	train	79
train_3361	train	175
train_3362	train	164
train_3363	train	204
train_3364	train	73
train_3365	train	160
train_3366	train	104
train_3367	train	133
train_3368	train	40
train_3369	train	90
train_3370	train	11
train_3371	train	5
train_3372	train	170
train_3373	train	3
train_3374	train	102
train_3375	train	66
train_3376	train	5
train_3377	train	193
train_3378	train	2
train_3379	train	114
train_3380	train	159
train_3381	train	189
train_3382	train	192
train_3383	train	110
train_3384	train	136
train_3385	train	188
train_3386	train	101
train_3387	train	92
train_3388	train	73
train_3389	train	87
train_3390	train	33
train_3391	train	62
train_3392	train	62
train_3393	train	34
train_3394	train	202
train_3395	train	45
train_3396	train	94
train_3397	train	200
train_3398	train	159
train_3399	train	52
train_3400	train	65
train_3401	train	81
train_3402	train	140
train_3403	train	119
train_3404	train	177
train_3405	train	175
train_3406	train	66
train_3407	train	147
train_3408	train	61
train_3409	train	180
train_3410	train	159
train_3411	train	14
train_3412	train	61
train_3413	train	82
train_3414	train	76
train_3415	train	119
train_3416	train	108
train_3417	train	201
train_3418	train	179
train_3419	train	159
train_3420	train	95
train_3421	train	100
train_3422	train	26
train_3423	train	115
train_3424	train	96
train_3425	train	87
train_3426	train	27
train_3427	train	112
train_3428	train	82
train_3429	train	125
train_3430	train	193
train_3431	train	185
train_3432	train	126
train_3433	train	171
train_3434	train	101
train_3435	train	189
train_3436	train	167
train_3437	train	75
train_3438	train	33
train_3439	train	124
train_3440	train	200
train_3441	train	159
train_3442	train	61
train_3443	train	5
train_3444	train	115
train_3445	train	34
train_3446	train	103
train_3447	train	92
train_3448	train	82
train_3449	train	115
train_3450	train	206
train_3451	train	28
train_3452	train	146
train_3453	train	133
train_3454	train	195
train_3455	train	194
train_3456	train	33
train_3457	train	14
train_3458	train	18
train_3459	train	160
train_3460	train	28
train_3461	train	6
train_3462	train	201
train_3463	train	7
train_3464	train	162
train_3465	train	153
train_3466	train	130
train_3467	train	201
train_3468	train	167
train_3469	train	76
train_3470	train	12
train_3471	train	159
train_3472	train	87
train_3473	train	59
train_3474	train	161
train_3475	train	103
train_3476	train	40
train_3477	train	188
train_3478	train	119
train_3479	train	74
train_3480	train	87
train_3481	train	69
train_3482	train	159
train_3483	train	189
train_3484	train	204
train_3485	train	159
train_3486	train	47
train_3487	train	10
train_3488	train	204
train_3489	train	46
train_3490	train	146
train_3491	train	47
train_3492	train	55
train_3493	train	74
train_3494	train	147
train_3495	train	87
train_3496	train	152
train_3497	train	177
train_3498	train	49
train_3499	train	13
train_3500	train	26
train_3501	train	157
train_3502	train	193
train_3503	train	84
train_3504	train	195
train_3505	train	18
train_3506	train	162
train_3507	train	162
train_3508	train	171
train_3509	train	175
train_3510	train	76
train_3511	train	125
train_3512	train	73
train_3513	train	111
train_3514	train	8
train_3515	train	98
train_3516	train	125
train_3517	train	87
train_3518	train	28
train_3519	train	8
train_3520	train	74
train_3521	train	42
train_3522	train	51
train_3523	train	26
train_3524	train	82
train_3525	train	28
train_3526	train	80
train_3527	train	65
train_3528	train	197
train_3529	train	155
train_3530	train	57
train_3531	train	13
train_3532	train	72
train_3533	train	151
train_3534	train	125
train_3535	train	72
train_3536	train	175
train_3537	train	186
train_3538	train	20
train_3539	train	172
train_3540	train	26
train_3541	train	135
train_3542	train	170
train_3543	train	193
train_3544	train	18
train_3545	train	193
train_3546	train	200
train_3547	train	139
train_3548	train	119
train_3549	train	136
train_3550	train	135
train_3551	train	169
train_3552	train	69
train_3553	train	108
train_3554	train	115
train_3555	train	185
train_3556	train	195
train_3557	train	33
train_3558	train	65
train_3559	train	197
train_3560	train	118
train_3561	train	139
train_3562	train	206
train_3563	train	72
train_3564	train	206
train_3565	train	57
train_3566	train	115
train_3567	train	159
train_3568	train	189
train_3569	train	2
train_3570	train	35
train_3571	train	61
train_3572	train	196
train_3573	train	34
train_3574	train	155
train_3575	train	92
train_3576	train	42
train_3577	train	197
train_3578	train	119
train_3579	train	67
train_3580	train	126
train_3581	train	206
train_3582	train	5
train_3583	train	6
train_3584	train	157
train_3585	train	26
train_3586	train	106
train_3587	train	138
train_3588	train	197
train_3589	train	82
train_3590	train	139
train_3591	train	147
train_3592	train	82
train_3593	train	62
train_3594	train	175
train_3595	train	104
train_3596	train	81
train_3597	train	123
train_3598	train	37
train_3599	train	114
train_3600	train	146
train_3601	train	34
train_3602	train	6
train_3603	train	69
train_3604	train	167
train_3605	train	122
train_3606	train	150
train_3607	train	206
train_3608	train	193
train_3609	train	27
train_3610	train	178
train_3611	train	49
train_3612	train	128
train_3613	train	136
train_3614	train	143
train_3615	train	1
train_3616	train	73
train_3617	train	130
train_3618	train	66
train_3619	train	24
train_3620	train	102
train_3621	train	143
train_3622	train	57
train_3623	train	106
train_3624	train	35
train_3625	train	2
train_3626	train	195
train_3627	train	169
train_3628	train	66
train_3629	train	22
train_3630	train	193
train_3631	train	177
train_3632	train	128
train_3633	train	80
train_3634	train	159
train_3635	train	160
train_3636	train	159
train_3637	train	130
train_3638	train	185
train_3639	train	62
train_3640	train	49
train_3641	train	185
train_3642	train	22
train_3643	train	82
train_3644	train	40
train_3645	train	104
train_3646	train	179
train_3647	train	62
train_3648	train	26
train_3649	train	162
train_3650	train	123
train_3651	train	158
train_3652	train	96
train_3653	train	165
train_3654	train	73
train_3655	train	142
train_3656	train	104
train_3657	train	204
train_3658	train	171
train_3659	train	125
train_3660	train	79
train_3661	train	70
train_3662	train	70
train_3663	train	6
train_3664	train	100
train_3665	train	112
train_3666	train	108
train_3667	train	101
train_3668	train	136
train_3669	train	92
train_3670	train	209
train_3671	train	6
train_3672	train	57
train_3673	train	13
train_3674	train	55
train_3675	train	206
train_3676	train	128
train_3677	train	165
train_3678	train	189
train_3679	train	3
train_3680	train	206
train_3681	train	204
train_3682	train	66
train_3683	train	37
train_3684	train	14
train_3685	train	59
train_3686	train	73
train_3687	train	52
train_3688	train	87
train_3689	train	111
train_3690	train	80
train_3691	train	175
train_3692	train	200
train_3693	train	74
train_3694	train	49
train_3695	train	81
train_3696	train	27
train_3697	train	186
train_3698	train	72
train_3699	train	11
train_3700	train	178
train_3701	train	151
train_3702	train	74
train_3703	train	103
train_3704	train	118
train_3705	train	25
train_3706	train	114
train_3707	train	114
train_3708	train	165
train_3709	train	47
train_3710	train	40
train_3711	train	159
train_3712	train	192
train_3713	train	11
train_3714	train	7
train_3715	train	118
train_3716	train	55
train_3717	train	25
train_3718	train	51
train_3719	train	172
train_3720	train	102
train_3721	train	150
train_3722	train	96
train_3723	train	115
train_3724	train	139
train_3725	train	14
train_3726	train	79
train_3727	train	146
train_3728	train	159
train_3729	train	115
train_3730	train	10
train_3731	train	94
train_3732	train	74
train_3733	train	73
train_3734	train	206
train_3735	train	209
train_3736	train	102
train_3737	train	74
train_3738	train	167
train_3739	train	135
train_3740	train	119
train_3741	train	51
train_3742	train	98
train_3743	train	130
train_3744	train	165
train_3745	train	11
train_3746	train	11
train_3747	train	165
train_3748	train	121
train_3749	train	136
train_3750	train	170
train_3751	train	87
train_3752	train	133
train_3753	train	111
train_3754	train	10
train_3755	train	25
train_3756	train	106
train_3757	train	144
train_3758	train	124
train_3759	train	8
train_3760	train	136
train_3761	train	180
train_3762	train	28
train_3763	train	49
train_3764	train	201
train_3765	train	33
train_3766	train	142
train_3767	train	33
train_3768	train	152
train_3769	train	115
train_3770	train	10
train_3771	train	158
train_3772	train	96
train_3773	train	5
train_3774	train	14
train_3775	train	33
train_3776	train	33
train_3777	train	10
train_3778	train	189
train_3779	train	157
train_3780	train	152
train_3781	train	6
train_3782	train	165
train_3783	train	146
train_3784	train	7
train_3785	train	96
train_3786	train	49
train_3787	train	78
train_3788	train	118
train_3789	train	100
train_3790	train	167
train_3791	train	98
train_3792	train	169
train_3793	train	143
train_3794	train	185
train_3795	train	133
train_3796	train	172
train_3797	train	108
train_3798	train	204
train_3799	train	72
train_3800	train	90
train_3801	train	165
train_3802	train	142
train_3803	train	61
train_3804	train	33
train_3805	train	123
train_3806	train	74
train_3807	train	74
train_3808	train	165
train_3809	train	195
train_3810	train	118
train_3811	train	5
train_3812	train	62
train_3813	train	13
train_3814	train	164
train_3815	train	37
train_3816	train	170
train_3817	train	101
train_3818	train	123
train_3819	train	76
train_3820	train	26
train_3821	train	42
train_3822	train	2
train_3823	train	177
train_3824	train	139
train_3825	train	70
train_3826	train	94
train_3827	train	18
train_3828	train	35
train_3829	train	175
train_3830	train	18
train_3831	train	49
train_3832	train	143
train_3833	train	70
train_3834	train	82
train_3835	train	74
train_3836	train	40
train_3837	train	14
train_3838	train	162
train_3839	train	35
train_3840	train	26
train_3841	train	158
train_3842	train	138
train_3843	train	50
train_3844	train	101
train_3845	train	82
train_3846	train	50
train_3847	train	61
train_3848	train	123
train_3849	train	40
train_3850	train	142
train_3851	train	1
train_3852	train	42
train_3853	train	22
train_3854	train	100
train_3855	train	25
train_3856	train	22
train_3857	train	47
train_3858	train	177
train_3859	train	118
train_3860	train	112
train_3861	train	125
train_3862	train	18
train_3863	train	192
train_3864	train	96
train_3865	train	171
train_3866	train	98
train_3867	train	35
train_3868	train	157
train_3869	train	11
train_3870	train	143
train_3871	train	70
train_3872	train	193
train_3873	train	52
train_3874	train	196
train_3875	train	40
train_3876	train	46
train_3877	train	193
train_3878	train	35
train_3879	train	81
train_3880	train	165
train_3881	train	7
train_3882	train	171
train_3883	train	8
train_3884	train	123
train_3885	train	87
train_3886	train	74
train_3887	train	186
train_3888	train	133
train_3889	train	72
train_3890	train	49
train_3891	train	5
train_3892	train	100
train_3893	train	98
train_3894	train	82
train_3895	train	114
train_3896	train	78
train_3897	train	189
train_3898	train	160
train_3899	train	37
train_3900	train	20
train_3901	train	14
train_3902	train	96
train_3903	train	70
train_3904	train	119
train_3905	train	95
train_3906	train	50
train_3907	train	82
train_3908	train	151
train_3909	train	111
train_3910	train	95
train_3911	train	35
train_3912	train	81
train_3913	train	81
train_3914	train	185
train_3915	train	151
train_3916	train	118
train_3917	train	159
train_3918	train	33
train_3919	train	10
train_3920	train	192
train_3921	train	62
train_3922	train	123
train_3923	train	74
train_3924	train	180
train_3925	train	70
train_3926	train	108
train_3927	train	14
train_3928	train	155
train_3929	train	108
train_3930	train	123
train_3931	train	118
train_3932	train	47
train_3933	train	162
train_3934	train	61
train_3935	train	7
train_3936	train	209
train_3937	train	164
train_3938	train	119
train_3939	train	125
train_3940	train	165
train_3941	train	59
train_3942	train	157
train_3943	train	18
train_3944	train	180
train_3945	train	189
train_3946	train	159
train_3947	train	106
train_3948	train	98
train_3949	train	66
train_3950	train	135
train_3951	train	103
train_3952	train	169
train_3953	train	125
train_3954	train	73
train_3955	train	157
train_3956	train	42
train_3957	train	98
train_3958	train	102
train_3959	train	90
train_3960	train	90
train_3961	train	6
train_3962	train	152
train_3963	train	169
train_3964	train	28
train_3965	train	11
train_3966	train	196
train_3967	train	118
train_3968	train	125
train_3969	train	185
train_3970	train	45
train_3971	train	81
train_3972	train	50
train_3973	train	192
train_3974	train	118
train_3975	train	13
train_3976	train	159
train_3977	train	159
train_3978	train	106
train_3979	train	159
train_3980	train	160
train_3981	train	100
train_3982	train	25
train_3983	train	65
train_3984	train	138
train_3985	train	194
train_3986	train	40
train_3987	train	42
train_3988	train	189
train_3989	train	81
train_3990	train	159
train_3991	train	147
train_3992	train	164
train_3993	train	98
train_3994	train	121
train_3995	train	139
train_3996	train	111
train_3997	train	165
train_3998	train	73
train_3999	train	68
train_4000	train	33
train_4001	train	106
train_4002	train	167
train_4003	train	115
train_4004	train	96
train_4005	train	171
train_4006	train	155
train_4007	train	80
train_4008	train	100
train_4009	train	62
train_4010	train	125
train_4011	train	209
train_4012	train	196
train_4013	train	151
train_4014	train	114
train_4015	train	8
train_4016	train	7
train_4017	train	74
train_4018	train	78
train_4019	train	73
train_4020	train	124
train_4021	train	209
train_4022	train	130
train_4023	train	51
train_4024	train	33
train_4025	train	69
train_4026	train	2
train_4027	train	114
train_4028	train	7
train_4029	train	157
train_4030	train	80
train_4031	train	121
train_4032	train	87
train_4033	train	170
train_4034	train	167
train_4035	train	202
train_4036	train	82
train_4037	train	82
train_4038	train	74
train_4039	train	76
train_4040	train	154
train_4041	train	142
train_4042	train	96
train_4043	train	82
train_4044	train	74
train_4045	train	169
train_4046	train	62
train_4047	train	33
train_4048	train	118
train_4049	train	52
train_4050	train	152
train_4051	train	84
train_4052	train	197
train_4053	train	37
train_4054	train	194
train_4055	train	106
train_4056	train	80
train_4057	train	143
train_4058	train	57
train_4059	train	18
train_4060	train	74
train_4061	train	26
train_4062	train	66
train_4063	train	76
train_4064	train	204
train_4065	train	25
train_4066	train	73
train_4067	train	148
train_4068	train	66
train_4069	train	160
train_4070	train	94
train_4071	train	13
train_4072	train	171
train_4073	train	124
train_4074	train	193
train_4075	train	177
train_4076	train	126
train_4077	train	169
train_4078	train	13
train_4079	train	171
train_4080	train	57
train_4081	train	124
train_4082	train	159
train_4083	train	42
train_4084	train	159
train_4085	train	185
train_4086	train	159
train_4087	train	92
train_4088	train	193
train_4089	train	165
train_4090	train	74
train_4091	train	73
train_4092	train	40
train_4093	train	144
train_4094	train	196
train_4095	train	70
train_4096	train	82
train_4097	train	188
train_4098	train	177
train_4099	train	114
train_4100	train	61
train_4101	train	34
train_4102	train	98
train_4103	train	154
train_4104	train	159
train_4105	train	3
train_4106	train	76
train_4107	train	37
train_4108	train	161
train_4109	train	206
train_4110	train	90
train_4111	train	197
train_4112	train	164
train_4113	train	125
train_4114	train	170
train_4115	train	165
train_4116	train	160
train_4117	train	57
train_4118	train	201
train_4119	train	73
train_4120	train	78
train_4121	train	114
train_4122	train	200
train_4123	train	98
train_4124	train	25
train_4125	train	81
train_4126	train	7
train_4127	train	172
train_4128	train	8
train_4129	train	136
train_4130	train	66
train_4131	train	125
train_4132	train	81
train_4133	train	103
train_4134	train	94
train_4135	train	61
train_4136	train	55
train_4137	train	186
train_4138	train	169
train_4139	train	47
train_4140	train	102
train_4141	train	18
train_4142	train	106
train_4143	train	26
train_4144	train	111
train_4145	train	139
train_4146	train	128
train_4147	train	146
train_4148	train	7
train_4149	train	170
train_4150	train	90
train_4151	train	74
train_4152	train	87
train_4153	train	72
train_4154	train	128
train_4155	train	18
train_4156	train	126
train_4157	train	47
train_4158	train	192
train_4159	train	62
train_4160	train	87
train_4161	train	103
train_4162	train	47
train_4163	train	138
train_4164	train	11
train_4165	train	33
train_4166	train	122
train_4167	train	195
train_4168	train	94
train_4169	train	87
train_4170	train	164
train_4171	train	42
train_4172	train	206
train_4173	train	42
train_4174	train	22
train_4175	train	50
train_4176	train	33
train_4177	train	34
train_4178	train	72
train_4179	train	177
train_4180	train	193
train_4181	train	25
train_4182	train	157
train_4183	train	74
train_4184	train	45
train_4185	train	192
train_4186	train	180
train_4187	train	74
train_4188	train	76
train_4189	train	68
train_4190	train	106
train_4191	train	92
train_4192	train	20
train_4193	train	193
train_4194	train	96
train_4195	train	172
train_4196	train	13
train_4197	train	33
train_4198	train	144
train_4199	train	62
train_4200	train	49
train_4201	train	2
train_4202	train	49
train_4203	train	164
train_4204	train	80
train_4205	train	152
train_4206	train	175
train_4207	train	193
train_4208	train	13
train_4209	train	37
train_4210	train	193
train_4211	train	57
train_4212	train	98
train_4213	train	100
train_4214	train	22
train_4215	train	150
train_4216	train	125
train_4217	train	82
train_4218	train	51
train_4219	train	72
train_4220	train	37
train_4221	train	169
train_4222	train	8
train_4223	train	180
train_4224	train	42
train_4225	train	162
train_4226	train	55
train_4227	train	150
train_4228	train	59
train_4229	train	146
train_4230	train	47
train_4231	train	114
train_4232	train	125
train_4233	train	10
train_4234	train	34
train_4235	train	172
train_4236	train	12
train_4237	train	81
train_4238	train	6
train_4239	train	82
train_4240	train	151
train_4241	train	158
train_4242	train	49
train_4243	train	81
train_4244	train	40
train_4245	train	14
train_4246	train	185
train_4247	train	159
train_4248	train	90
train_4249	train	49
train_4250	train	3
train_4251	train	13
train_4252	train	3
train_4253	train	162
train_4254	train	98
train_4255	train	49
train_4256	train	34
train_4257	train	67
train_4258	train	28
train_4259	train	13
train_4260	train	148
train_4261	train	33
train_4262	train	197
train_4263	train	73
train_4264	train	3
train_4265	train	136
train_4266	train	6
train_4267	train	121
train_4268	train	22
train_4269	train	144
train_4270	train	10
train_4271	train	79
train_4272	train	10
train_4273	train	76
train_4274	train	69
train_4275	train	130
train_4276	train	79
train_4277	train	185
train_4278	train	158
train_4279	train	6
train_4280	train	157
train_4281	train	87
train_4282	train	6
train_4283	train	68
train_4284	train	146
train_4285	train	74
train_4286	train	169
train_4287	train	59
train_4288	train	33
train_4289	train	179
train_4290	train	72
train_4291	train	170
train_4292	train	40
train_4293	train	13
train_4294	train	177
train_4295	train	133
train_4296	train	59
train_4297	train	101
train_4298	train	177
train_4299	train	73
train_4300	train	76
train_4301	train	50
train_4302	train	130
train_4303	train	25
train_4304	train	66
train_4305	train	11
train_4306	train	143
train_4307	train	152
train_4308	train	94
train_4309	train	178
train_4310	train	115
train_4311	train	119
train_4312	train	100
train_4313	train	159
train_4314	train	115
train_4315	train	177
train_4316	train	178
train_4317	train	104
train_4318	train	87
train_4319	train	133
train_4320	train	59
train_4321	train	118
train_4322	train	37
train_4323	train	157
train_4324	train	135
train_4325	train	162
train_4326	train	72
train_4327	train	195
train_4328	train	3
train_4329	train	106
train_4330	train	143
train_4331	train	111
train_4332	train	143
train_4333	train	126
train_4334	train	37
train_4335	train	33
train_4336	train	108
train_4337	train	112
train_4338	train	82
train_4339	train	96
train_4340	train	123
train_4341	train	152
train_4342	train	33
train_4343	train	178
train_4344	train	202
train_4345	train	94
train_4346	train	37
train_4347	train	27
train_4348	train	103
train_4349	train	175
train_4350	train	130
train_4351	train	28
train_4352	train	59
train_4353	train	13
train_4354	train	128
train_4355	train	159
train_4356	train	73
train_4357	train	52
train_4358	train	195
train_4359	train	59
train_4360	train	90
train_4361	train	152
train_4362	train	192
train_4363	train	50
train_4364	train	152
train_4365	train	25
train_4366	train	74
train_4367	train	171
train_4368	train	98
train_4369	train	69
train_4370	train	170
train_4371	train	80
train_4372	train	136
train_4373	train	162
train_4374	train	2
train_4375	train	114
train_4376	train	170
train_4377	train	52
train_4378	train	133
train_4379	train	138
train_4380	train	114
train_4381	train	103
train_4382	train	118
train_4383	train	180
train_4384	train	142
train_4385	train	192
train_4386	train	45
train_4387	train	171
train_4388	train	193
train_4389	train	142
train_4390	train	5
train_4391	train	33
train_4392	train	18
train_4393	train	121
train_4394	train	172
train_4395	train	175
train_4396	train	123
train_4397	train	175
train_4398	train	8
train_4399	train	106
train_4400	train	62
train_4401	train	119
train_4402	train	26
train_4403	train	11
train_4404	train	115
train_4405	train	59
train_4406	train	102
train_4407	train	92
train_4408	train	20
train_4409	train	104
train_4410	train	8
train_4411	train	61
train_4412	train	27
train_4413	train	20
train_4414	train	87
train_4415	train	165
train_4416	train	164
train_4417	train	35
train_4418	train	202
train_4419	train	11
train_4420	train	11
train_4421	train	82
train_4422	train	177
train_4423	train	167
train_4424	train	37
train_4425	train	155
train_4426	train	135
train_4427	train	162
train_4428	train	154
train_4429	train	195
train_4430	train	66
train_4431	train	209
train_4432	train	47
train_4433	train	132
train_4434	train	100
train_4435	train	33
train_4436	train	123
train_4437	train	110
train_4438	train	26
train_4439	train	202
train_4440	train	72
train_4441	train	49
train_4442	train	138
train_4443	train	45
train_4444	train	33
train_4445	train	159
train_4446	train	195
train_4447	train	92
train_4448	train	3
train_4449	train	196
train_4450	train	169
train_4451	train	165
train_4452	train	34
train_4453	train	57
train_4454	train	76
train_4455	train	11
train_4456	train	126
train_4457	train	12
train_4458	train	26
train_4459	train	135
train_4460	train	178
train_4461	train	65
train_4462	train	40
train_4463	train	3
train_4464	train	202
train_4465	train	66
train_4466	train	57
train_4467	train	169
train_4468	train	96
train_4469	train	65
train_4470	train	98
train_4471	train	200
train_4472	train	7
train_4473	train	206
train_4474	train	82
train_4475	train	70
train_4476	train	152
train_4477	train	69
train_4478	train	2
train_4479	train	13
train_4480	train	177
train_4481	train	50
train_4482	train	55
train_4483	train	57
train_4484	train	104
train_4485	train	1
train_4486	train	2
train_4487	train	52
train_4488	train	185
train_4489	train	40
train_4490	train	205
train_4491	train	159
train_4492	train	206
train_4493	train	49
train_4494	train	70
train_4495	train	1
train_4496	train	42
train_4497	train	22
train_4498	train	193
train_4499	train	79
train_4500	train	73
train_4501	train	65
train_4502	train	165
train_4503	train	42
train_4504	train	37
train_4505	train	8
train_4506	train	68
train_4507	train	115
train_4508	train	6
train_4509	train	81
train_4510	train	49
train_4511	train	152
train_4512	train	35
train_4513	train	152
train_4514	train	155
train_4515	train	33
train_4516	train	61
train_4517	train	111
train_4518	train	92
train_4519	train	157
train_4520	train	51
train_4521	train	76
train_4522	train	84
train_4523	train	42
train_4524	train	69
train_4525	train	164
train_4526	train	130
train_4527	train	11
train_4528	train	22
train_4529	train	106
train_4530	train	37
train_4531	train	189
train_4532	train	66
train_4533	train	50
train_4534	train	80
train_4535	train	81
train_4536	train	87
train_4537	train	57
train_4538	train	206
train_4539	train	123
train_4540	train	162
train_4541	train	125
train_4542	train	26
train_4543	train	28
train_4544	train	90
train_4545	train	5
train_4546	train	87
train_4547	train	139
train_4548	train	189
train_4549	train	121
train_4550	train	138
train_4551	train	72
train_4552	train	118
train_4553	train	104
train_4554	train	200
train_4555	train	202
train_4556	train	35
train_4557	train	87
train_4558	train	179
train_4559	train	167
train_4560	train	139
train_4561	train	147
train_4562	train	80
train_4563	train	79
train_4564	train	8
train_4565	train	179
train_4566	train	73
train_4567	train	155
train_4568	train	162
train_4569	train	90
train_4570	train	73
train_4571	train	132
train_4572	train	87
train_4573	train	12
train_4574	train	34
train_4575	train	87
train_4576	train	112
train_4577	train	51
train_4578	train	179
train_4579	train	192
train_4580	train	193
train_4581	train	178
train_4582	train	174
train_4583	train	144
train_4584	train	193
train_4585	train	109
train_4586	train	194
train_4587	train	130
train_4588	train	76
train_4589	train	139
train_4590	train	62
train_4591	train	80
train_4592	train	177
train_4593	train	73
train_4594	train	175
train_4595	train	79
train_4596	train	52
train_4597	train	100
train_4598	train	164
train_4599	train	11
train_4600	train	180
train_4601	train	47
train_4602	train	25
train_4603	train	62
train_4604	train	169
train_4605	train	180
train_4606	train	74
train_4607	train	192
train_4608	train	81
train_4609	train	45
train_4610	train	115
train_4611	train	10
train_4612	train	111
train_4613	train	51
train_4614	train	25
train_4615	train	178
train_4616	train	114
train_4617	train	124
train_4618	train	103
train_4619	train	42
train_4620	train	202
train_4621	train	101
train_4622	train	132
train_4623	train	136
train_4624	train	73
train_4625	train	35
train_4626	train	177
train_4627	train	78
train_4628	train	170
train_4629	train	162
train_4630	train	114
train_4631	train	34
train_4632	train	74
train_4633	train	102
train_4634	train	94
train_4635	train	102
train_4636	train	194
train_4637	train	170
train_4638	train	196
train_4639	train	172
train_4640	train	87
train_4641	train	5
train_4642	train	133
train_4643	train	206
train_4644	train	130
train_4645	train	159
train_4646	train	172
train_4647	train	123
train_4648	train	152
train_4649	train	101
train_4650	train	169
train_4651	train	98
train_4652	train	178
train_4653	train	12
train_4654	train	189
train_4655	train	84
train_4656	train	135
train_4657	train	119
train_4658	train	33
train_4659	train	33
train_4660	train	188
train_4661	train	158
train_4662	train	13
train_4663	train	34
train_4664	train	135
train_4665	train	110
train_4666	train	186
train_4667	train	177
train_4668	train	159
train_4669	train	195
train_4670	train	61
train_4671	train	157
train_4672	train	22
train_4673	train	72
train_4674	train	74
train_4675	train	102
train_4676	train	34
train_4677	train	160
train_4678	train	172
train_4679	train	125
train_4680	train	7
train_4681	train	135
train_4682	train	179
train_4683	train	22
train_4684	train	125
train_4685	train	81
train_4686	train	126
train_4687	train	165
train_4688	train	136
train_4689	train	73
train_4690	train	62
train_4691	train	28
train_4692	train	74
train_4693	train	185
train_4694	train	35
train_4695	train	177
train_4696	train	34
train_4697	train	13
train_4698	train	123
train_4699	train	33
train_4700	train	76
train_4701	train	175
train_4702	train	186
train_4703	train	46
train_4704	train	108
train_4705	train	37
train_4706	train	167
train_4707	train	201
train_4708	train	78
train_4709	train	209
train_4710	train	82
train_4711	train	7
train_4712	train	22
train_4713	train	73
train_4714	train	114
train_4715	train	164
train_4716	train	142
train_4717	train	13
train_4718	train	189
train_4719	train	144
train_4720	train	5
train_4721	train	35
train_4722	train	139
train_4723	train	204
train_4724	train	26
train_4725	train	139
train_4726	train	133
train_4727	train	96
train_4728	train	70
train_4729	train	197
train_4730	train	100
train_4731	train	136
train_4732	train	143
train_4733	train	125
train_4734	train	178
train_4735	train	80
train_4736	train	155
train_4737	train	115
train_4738	train	72
train_4739	train	170
train_4740	train	165
train_4741	train	45
train_4742	train	104
train_4743	train	35
train_4744	train	185
train_4745	train	5
train_4746	train	165
train_4747	train	57
train_4748	train	112
train_4749	train	25
train_4750	train	185
train_4751	train	79
train_4752	train	157
train_4753	train	126
train_4754	train	144
train_4755	train	22
train_4756	train	186
train_4757	train	111
train_4758	train	138
train_4759	train	147
train_4760	train	13
train_4761	train	82
train_4762	train	162
train_4763	train	61
train_4764	train	123
train_4765	train	34
train_4766	train	69
train_4767	train	192
train_4768	train	33
train_4769	train	106
train_4770	train	68
train_4771	train	192
train_4772	train	13
train_4773	train	92
train_4774	train	94
train_4775	train	118
train_4776	train	27
train_4777	train	52
train_4778	train	37
train_4779	train	118
train_4780	train	136
train_4781	train	144
train_4782	train	142
train_4783	train	66
train_4784	train	139
train_4785	train	133
train_4786	train	66
train_4787	train	65
train_4788	train	14
train_4789	train	111
train_4790	train	197
train_4791	train	159
train_4792	train	204
train_4793	train	150
train_4794	train	197
train_4795	train	165
train_4796	train	5
train_4797	train	124
train_4798	train	25
train_4799	train	70
train_4800	train	128
train_4801	train	142
train_4802	train	123
train_4803	train	139
train_4804	train	122
train_4805	train	152
train_4806	train	92
train_4807	train	138
train_4808	train	73
train_4809	train	151
train_4810	train	170
train_4811	train	126
train_4812	train	104
train_4813	train	104
train_4814	train	126
train_4815	train	76
train_4816	train	73
train_4817	train	138
train_4818	train	15
train_4819	train	138
train_4820	train	3
train_4821	train	8
train_4822	train	14
train_4823	train	136
train_4824	train	80
train_4825	train	87
train_4826	train	90
train_4827	train	104
train_4828	train	130
train_4829	train	118
train_4830	train	128
train_4831	train	84
train_4832	train	114
train_4833	train	34
train_4834	train	106
train_4835	train	200
train_4836	train	33
train_4837	train	81
train_4838	train	34
train_4839	train	11
train_4840	train	193
train_4841	train	164
train_4842	train	114
train_4843	train	110
train_4844	train	92
train_4845	train	92
train_4846	train	164
train_4847	train	139
train_4848	train	87
train_4849	train	193
train_4850	train	195
train_4851	train	144
train_4852	train	84
train_4853	train	170
train_4854	train	195
train_4855	train	146
train_4856	train	37
train_4857	train	200
train_4858	train	106
train_4859	train	92
train_4860	train	135
train_4861	train	162
train_4862	train	90
train_4863	train	25
train_4864	train	81
train_4865	train	92
train_4866	train	92
train_4867	train	2
train_4868	train	204
train_4869	train	115
train_4870	train	47
train_4871	train	28
train_4872	train	13
train_4873	train	202
train_4874	train	49
train_4875	train	10
train_4876	train	42
train_4877	train	69
train_4878	train	98
train_4879	train	70
train_4880	train	37
train_4881	train	28
train_4882	train	20
train_4883	train	78
train_4884	train	150
train_4885	train	74
train_4886	train	33
train_4887	train	98
train_4888	train	2
train_4889	train	25
train_4890	train	175
train_4891	train	157
train_4892	train	94
train_4893	train	180
train_4894	train	115
train_4895	train	167
train_4896	train	55
train_4897	train	106
train_4898	train	103
train_4899	train	192
train_4900	train	132
train_4901	train	18
train_4902	train	1
train_4903	train	49
train_4904	train	180
train_4905	train	142
train_4906	train	73
train_4907	train	158
train_4908	train	151
train_4909	train	122
train_4910	train	128
train_4911	train	146
train_4912	train	14
train_4913	train	119
train_4914	train	12
train_4915	train	147
train_4916	train	114
train_4917	train	157
train_4918	train	62
train_4919	train	101
train_4920	train	175
train_4921	train	2
train_4922	train	158
train_4923	train	61
train_4924	train	87
train_4925	train	80
train_4926	train	193
train_4927	train	69
train_4928	train	139
train_4929	train	5
train_4930	train	111
train_4931	train	90
train_4932	train	124
train_4933	train	65
train_4934	train	160
train_4935	train	57
train_4936	train	195
train_4937	train	189
train_4938	train	78
train_4939	train	37
train_4940	train	33
train_4941	train	152
train_4942	train	34
train_4943	train	164
train_4944	train	98
train_4945	train	12
train_4946	train	34
train_4947	train	102
train_4948	train	172
train_4949	train	152
train_4950	train	196
train_4951	train	10
train_4952	train	147
train_4953	train	80
train_4954	train	115
train_4955	train	72
train_4956	train	46
train_4957	train	204
train_4958	train	10
train_4959	train	81
train_4960	train	70
train_4961	train	152
train_4962	train	27
train_4963	train	74
train_4964	train	87
train_4965	train	139
train_4966	train	33
train_4967	train	40
train_4968	train	87
train_4969	train	192
train_4970	train	59
train_4971	train	90
train_4972	train	49
train_4973	train	12
train_4974	train	178
train_4975	train	189
train_4976	train	66
train_4977	train	2
train_4978	train	73
train_4979	train	62
train_4980	train	152
train_4981	train	162
train_4982	train	6
train_4983	train	7
train_4984	train	126
train_4985	train	81
train_4986	train	128
train_4987	train	112
train_4988	train	74
train_4989	train	123
train_4990	train	49
train_4991	train	119
train_4992	train	209
train_4993	train	69
train_4994	train	81
train_4995	train	167
train_4996	train	37
train_4997	train	25
train_4998	train	51
train_4999	train	37
train_5000	train	28
train_5001	train	157
train_5002	train	102
train_5003	train	5
train_5004	train	74
train_5005	train	195
train_5006	train	123
train_5007	train	33
train_5008	train	37
train_5009	train	157
train_5010	train	1
train_5011	train	128
train_5012	train	112
train_5013	train	42
train_5014	train	12
train_5015	train	13
train_5016	train	165
train_5017	train	37
train_5018	train	2
train_5019	train	8
train_5020	train	13
train_5021	train	112
train_5022	train	25
train_5023	train	73
train_5024	train	75
train_5025	train	72
train_5026	train	155
train_5027	train	121
train_5028	train	57
train_5029	train	59
train_5030	train	92
train_5031	train	82
train_5032	train	28
train_5033	train	204
train_5034	train	74
train_5035	train	118
train_5036	train	195
train_5037	train	51
train_5038	train	178
train_5039	train	49
train_5040	train	195
train_5041	train	61
train_5042	train	92
train_5043	train	160
train_5044	train	144
train_5045	train	171
train_5046	train	193
train_5047	train	171
train_5048	train	155
train_5049	train	119
train_5050	train	146
train_5051	train	78
train_5052	train	106
train_5053	train	124
train_5054	train	159
train_5055	train	125
train_5056	train	62
train_5057	train	84
train_5058	train	172
train_5059	train	37
train_5060	train	130
train_5061	train	103
train_5062	train	46
train_5063	train	204
train_5064	train	49
train_5065	train	87
train_5066	train	26
train_5067	train	62
train_5068	train	49
train_5069	train	2
train_5070	train	81
train_5071	train	152
train_5072	train	18
train_5073	train	196
train_5074	train	34
train_5075	train	159
train_5076	train	34
train_5077	train	209
train_5078	train	142
train_5079	train	108
train_5080	train	103
train_5081	train	65
train_5082	train	80
train_5083	train	165
train_5084	train	59
train_5085	train	118
train_5086	train	65
train_5087	train	76
train_5088	train	152
train_5089	train	22
train_5090	train	123
train_5091	train	114
train_5092	train	206
train_5093	train	100
train_5094	train	159
train_5095	train	79
train_5096	train	57
train_5097	train	87
train_5098	train	80
train_5099	train	72
train_5100	train	164
train_5101	train	82
train_5102	train	59
train_5103	train	209
train_5104	train	40
train_5105	train	103
train_5106	train	59
train_5107	train	52
train_5108	train	87
train_5109	train	171
train_5110	train	206
train_5111	train	118
train_5112	train	45
train_5113	train	33
train_5114	train	57
train_5115	train	146
train_5116	train	159
train_5117	train	118
train_5118	train	177
train_5119	train	84
train_5120	train	103
train_5121	train	96
train_5122	train	76
train_5123	train	101
train_5124	train	10
train_5125	train	123
train_5126	train	34
train_5127	train	87
train_5128	train	10
train_5129	train	10
train_5130	train	49
train_5131	train	110
train_5132	train	150
train_5133	train	115
train_5134	train	180
train_5135	train	40
train_5136	train	185
train_5137	train	42
train_5138	train	34
train_5139	train	74
train_5140	train	65
train_5141	train	167
train_5142	train	47
train_5143	train	103
train_5144	train	195
train_5145	train	74
train_5146	train	40
train_5147	train	144
train_5148	train	106
train_5149	train	100
train_5150	train	3
train_5151	train	100
train_5152	train	169
train_5153	train	152
train_5154	train	13
train_5155	train	125
train_5156	train	65
train_5157	train	108
train_5158	train	110
train_5159	train	70
train_5160	train	57
train_5161	train	45
train_5162	train	192
train_5163	train	209
train_5164	train	123
train_5165	train	118
train_5166	train	123
train_5167	train	204
train_5168	train	10
train_5169	train	2
train_5170	train	45
train_5171	train	189
train_5172	train	72
train_5173	train	24
train_5174	train	138
train_5175	train	74
train_5176	train	26
train_5177	train	193
train_5178	train	65
train_5179	train	148
train_5180	train	76
train_5181	train	34
train_5182	train	189
train_5183	train	79
train_5184	train	40
train_5185	train	142
train_5186	train	73
train_5187	train	128
train_5188	train	103
train_5189	train	33
train_5190	train	152
train_5191	train	74
train_5192	train	76
train_5193	train	95
train_5194	train	189
train_5195	train	155
train_5196	train	33
train_5197	train	72
train_5198	train	108
train_5199	train	128
train_5200	train	51
train_5201	train	81
train_5202	train	66
train_5203	train	178
train_5204	train	40
train_5205	train	118
train_5206	train	169
train_5207	train	132
train_5208	train	98
train_5209	train	101
train_5210	train	76
train_5211	train	167
train_5212	train	87
train_5213	train	159
train_5214	train	165
train_5215	train	130
train_5216	train	82
train_5217	train	73
train_5218	train	70
train_5219	train	169
train_5220	train	81
train_5221	train	125
train_5222	train	18
train_5223	train	92
train_5224	train	209
train_5225	train	87
train_5226	train	178
train_5227	train	66
train_5228	train	143
train_5229	train	167
train_5230	train	74
train_5231	train	143
train_5232	train	15
train_5233	train	81
train_5234	train	2
train_5235	train	52
train_5236	train	102
train_5237	train	175
train_5238	train	135
train_5239	train	20
train_5240	train	146
train_5241	train	143
train_5242	train	25
train_5243	train	125
train_5244	train	150
train_5245	train	7
train_5246	train	96
train_5247	train	78
train_5248	train	152
train_5249	train	13
train_5250	train	103
train_5251	train	72
train_5252	train	72
train_5253	train	61
train_5254	train	185
train_5255	train	40
train_5256	train	195
train_5257	train	189
train_5258	train	121
train_5259	train	84
train_5260	train	147
train_5261	train	82
train_5262	train	76
train_5263	train	69
train_5264	train	13
train_5265	train	45
train_5266	train	5
train_5267	train	123
train_5268	train	186
train_5269	train	40
train_5270	train	18
train_5271	train	189
train_5272	train	28
train_5273	train	108
train_5274	train	55
train_5275	train	110
train_5276	train	15
train_5277	train	126
train_5278	train	114
train_5279	train	126
train_5280	train	74
train_5281	train	14
train_5282	train	42
train_5283	train	12
train_5284	train	102
train_5285	train	157
train_5286	train	22
train_5287	train	124
train_5288	train	121
train_5289	train	49
train_5290	train	154
train_5291	train	8
train_5292	train	25
train_5293	train	84
train_5294	train	195
train_5295	train	158
train_5296	train	162
train_5297	train	162
train_5298	train	90
train_5299	train	201
train_5300	train	84
train_5301	train	80
train_5302	train	82
train_5303	train	78
train_5304	train	132
train_5305	train	204
train_5306	train	133
train_5307	train	79
train_5308	train	80
train_5309	train	112
train_5310	train	118
train_5311	train	32
train_5312	train	124
train_5313	train	61
train_5314	train	143
train_5315	train	179
train_5316	train	87
train_5317	train	118
train_5318	train	45
train_5319	train	167
train_5320	train	155
train_5321	train	12
train_5322	train	37
train_5323	train	159
train_5324	train	128
train_5325	train	130
train_5326	train	81
train_5327	train	159
train_5328	train	11
train_5329	train	35
train_5330	train	186
train_5331	train	13
train_5332	train	76
train_5333	train	103
train_5334	train	22
train_5335	train	103
train_5336	train	50
train_5337	train	206
train_5338	train	96
train_5339	train	28
train_5340	train	159
train_5341	train	46
train_5342	train	37
train_5343	train	50
train_5344	train	159
train_5345	train	96
train_5346	train	81
train_5347	train	78
train_5348	train	73
train_5349	train	2
train_5350	train	202
train_5351	train	119
train_5352	train	101
train_5353	train	111
train_5354	train	51
train_5355	train	118
train_5356	train	159
train_5357	train	33
train_5358	train	87
train_5359	train	42
train_5360	train	143
train_5361	train	52
train_5362	train	27
train_5363	train	160
train_5364	train	61
train_5365	train	196
train_5366	train	193
train_5367	train	110
train_5368	train	24
train_5369	train	74
train_5370	train	155
train_5371	train	118
train_5372	train	143
train_5373	train	92
train_5374	train	170
train_5375	train	5
train_5376	train	139
train_5377	train	192
train_5378	train	126
train_5379	train	2
train_5380	train	106
train_5381	train	59
train_5382	train	146
train_5383	train	123
train_5384	train	74
train_5385	train	115
train_5386	train	123
train_5387	train	70
train_5388	train	98
train_5389	train	169
train_5390	train	110
train_5391	train	22
train_5392	train	7
train_5393	train	25
train_5394	train	142
train_5395	train	152
train_5396	train	78
train_5397	train	28
train_5398	train	26
train_5399	train	204
train_5400	train	5
train_5401	train	111
train_5402	train	40
train_5403	train	96
train_5404	train	115
train_5405	train	172
train_5406	train	12
train_5407	train	159
train_5408	train	150
train_5409	train	189
train_5410	train	22
train_5411	train	103
train_5412	train	171
train_5413	train	76
train_5414	train	14
train_5415	train	37
train_5416	train	102
train_5417	train	132
train_5418	train	111
train_5419	train	114
train_5420	train	123
train_5421	train	81
train_5422	train	13
train_5423	train	197
train_5424	train	108
train_5425	train	45
train_5426	train	188
train_5427	train	125
train_5428	train	65
train_5429	train	171
train_5430	train	42
train_5431	train	102
train_5432	train	76
train_5433	train	178
train_5434	train	128
train_5435	train	52
train_5436	train	162
train_5437	train	72
train_5438	train	135
train_5439	train	11
train_5440	train	92
train_5441	train	98
train_5442	train	162
train_5443	train	204
train_5444	train	159
train_5445	train	25
train_5446	train	81
train_5447	train	112
train_5448	train	46
train_5449	train	178
train_5450	train	14
train_5451	train	126
train_5452	train	100
train_5453	train	124
train_5454	train	82
train_5455	train	136
train_5456	train	81
train_5457	train	98
train_5458	train	27
train_5459	train	92
train_5460	train	123
train_5461	train	170
train_5462	train	28
train_5463	train	82
train_5464	train	33
train_5465	train	12
train_5466	train	112
train_5467	train	84
train_5468	train	180
train_5469	train	170
train_5470	train	13
train_5471	train	42
train_5472	train	106
train_5473	train	193
train_5474	train	185
train_5475	train	159
train_5476	train	2
train_5477	train	2
train_5478	train	135
train_5479	train	162
train_5480	train	49
train_5481	train	14
train_5482	train	18
train_5483	train	65
train_5484	train	121
train_5485	train	69
train_5486	train	170
train_5487	train	195
train_5488	train	49
train_5489	train	81
train_5490	train	49
train_5491	train	189
train_5492	train	12
train_5493	train	81
train_5494	train	76
train_5495	train	130
train_5496	train	152
train_5497	train	22
train_5498	train	152
train_5499	train	167
train_5500	train	61
train_5501	train	6
train_5502	train	80
train_5503	train	162
train_5504	train	11
train_5505	train	82
train_5506	train	115
train_5507	train	171
train_5508	train	167
train_5509	train	193
train_5510	train	49
train_5511	train	171
train_5512	train	72
train_5513	train	185
train_5514	train	87
train_5515	train	37
train_5516	train	195
train_5517	train	206
train_5518	train	61
train_5519	train	123
train_5520	train	103
train_5521	train	193
train_5522	train	118
train_5523	train	92
train_5524	train	57
train_5525	train	125
train_5526	train	195
train_5527	train	189
train_5528	train	165
train_5529	train	204
train_5530	train	155
train_5531	train	72
train_5532	train	87
train_5533	train	167
train_5534	train	87
train_5535	train	171
train_5536	train	25
train_5537	train	177
train_5538	train	90
train_5539	train	195
train_5540	train	80
train_5541	train	11
train_5542	train	42
train_5543	train	52
train_5544	train	104
train_5545	train	189
train_5546	train	178
train_5547	train	84
train_5548	train	195
train_5549	train	132
train_5550	train	143
train_5551	train	96
train_5552	train	124
train_5553	train	165
train_5554	train	37
train_5555	train	185
train_5556	train	82
train_5557	train	84
train_5558	train	5
train_5559	train	13
train_5560	train	114
train_5561	train	196
train_5562	train	79
train_5563	train	32
train_5564	train	11
train_5565	train	193
train_5566	train	122
train_5567	train	103
train_5568	train	138
train_5569	train	159
train_5570	train	22
train_5571	train	159
train_5572	train	165
train_5573	train	108
train_5574	train	152
train_5575	train	103
train_5576	train	136
train_5577	train	35
train_5578	train	5
train_5579	train	150
train_5580	train	8
train_5581	train	115
train_5582	train	37
train_5583	train	119
train_5584	train	130
train_5585	train	167
train_5586	train	82
train_5587	train	14
train_5588	train	118
train_5589	train	185
train_5590	train	192
train_5591	train	72
train_5592	train	136
train_5593	train	126
train_5594	train	47
train_5595	train	72
train_5596	train	40
train_5597	train	171
train_5598	train	40
train_5599	train	20
train_5600	train	73
train_5601	train	110
train_5602	train	110
train_5603	train	136
train_5604	train	34
train_5605	train	106
train_5606	train	151
train_5607	train	20
train_5608	train	82
train_5609	train	106
train_5610	train	14
train_5611	train	7
train_5612	train	46
train_5613	train	47
train_5614	train	111
train_5615	train	47
train_5616	train	188
train_5617	train	112
train_5618	train	76
train_5619	train	33
train_5620	train	15
train_5621	train	175
train_5622	train	61
train_5623	train	119
train_5624	train	98
train_5625	train	194
train_5626	train	14
train_5627	train	33
train_5628	train	7
train_5629	train	52
train_5630	train	37
train_5631	train	195
train_5632	train	128
train_5633	train	65
train_5634	train	101
train_5635	train	122
train_5636	train	79
train_5637	train	46
train_5638	train	49
train_5639	train	142
train_5640	train	101
train_5641	train	26
train_5642	train	82
train_5643	train	164
train_5644	train	170
train_5645	train	112
train_5646	train	118
train_5647	train	87
train_5648	train	118
train_5649	train	132
train_5650	train	25
train_5651	train	82
train_5652	train	42
train_5653	train	196
train_5654	train	115
train_5655	train	50
train_5656	train	171
train_5657	train	102
train_5658	train	6
train_5659	train	171
train_5660	train	101
train_5661	train	14
train_5662	train	186
train_5663	train	42
train_5664	train	160
train_5665	train	81
train_5666	train	46
train_5667	train	152
train_5668	train	189
train_5669	train	12
train_5670	train	20
train_5671	train	13
train_5672	train	206
train_5673	train	40
train_5674	train	167
train_5675	train	27
train_5676	train	72
train_5677	train	204
train_5678	train	65
train_5679	train	52
train_5680	train	165
train_5681	train	159
train_5682	train	66
train_5683	train	103
train_5684	train	74
train_5685	train	119
train_5686	train	108
train_5687	train	169
train_5688	train	118
train_5689	train	12
train_5690	train	42
train_5691	train	33
train_5692	train	169
train_5693	train	82
train_5694	train	33
train_5695	train	20
train_5696	train	115
train_5697	train	59
train_5698	train	90
train_5699	train	124
train_5700	train	193
train_5701	train	200
train_5702	train	126
train_5703	train	169
train_5704	train	123
train_5705	train	65
train_5706	train	104
train_5707	train	98
train_5708	train	177
train_5709	train	157
train_5710	train	162
train_5711	train	193
train_5712	train	200
train_5713	train	152
train_5714	train	42
train_5715	train	200
train_5716	train	180
train_5717	train	178
train_5718	train	106
train_5719	train	79
train_5720	train	123
train_5721	train	112
train_5722	train	133
train_5723	train	22
train_5724	train	108
train_5725	train	130
train_5726	train	52
train_5727	train	13
train_5728	train	142
train_5729	train	157
train_5730	train	27
train_5731	train	189
train_5732	train	193
train_5733	train	108
train_5734	train	102
train_5735	train	59
train_5736	train	110
train_5737	train	136
train_5738	train	118
train_5739	train	18
train_5740	train	27
train_5741	train	59
train_5742	train	74
train_5743	train	170
train_5744	train	118
train_5745	train	11
train_5746	train	152
train_5747	train	158
train_5748	train	196
train_5749	train	155
train_5750	train	146
train_5751	train	104
train_5752	train	195
train_5753	train	34
train_5754	train	126
train_5755	train	114
train_5756	train	90
train_5757	train	79
train_5758	train	6
train_5759	train	26
train_5760	train	106
train_5761	train	106
train_5762	train	108
train_5763	train	172
train_5764	train	196
train_5765	train	121
train_5766	train	209
train_5767	train	70
train_5768	train	118
train_5769	train	34
train_5770	train	11
train_5771	train	2
train_5772	train	118
train_5773	train	65
train_5774	train	62
train_5775	train	146
train_5776	train	33
train_5777	train	51
train_5778	train	147
train_5779	train	78
train_5780	train	128
train_5781	train	104
train_5782	train	185
train_5783	train	22
train_5784	train	103
train_5785	train	155
train_5786	train	185
train_5787	train	69
train_5788	train	128
train_5789	train	45
train_5790	train	157
train_5791	train	7
train_5792	train	193
train_5793	train	138
train_5794	train	25
train_5795	train	118
train_5796	train	49
train_5797	train	122
train_5798	train	171
train_5799	train	189
train_5800	train	158
train_5801	train	78
train_5802	train	82
train_5803	train	167
train_5804	train	177
train_5805	train	13
train_5806	train	7
train_5807	train	136
train_5808	train	111
train_5809	train	186
train_5810	train	162
train_5811	train	178
train_5812	train	25
train_5813	train	11
train_5814	train	28
train_5815	train	52
train_5816	train	47
train_5817	train	179
train_5818	train	5
train_5819	train	143
train_5820	train	11
train_5821	train	142
train_5822	train	76
train_5823	train	33
train_5824	train	81
train_5825	train	177
train_5826	train	151
train_5827	train	201
train_5828	train	22
train_5829	train	111
train_5830	train	101
train_5831	train	136
train_5832	train	28
train_5833	train	28
train_5834	train	204
train_5835	train	10
train_5836	train	25
train_5837	train	193
train_5838	train	37
train_5839	train	70
train_5840	train	204
train_5841	train	6
train_5842	train	42
train_5843	train	50
train_5844	train	151
train_5845	train	12
train_5846	train	66
train_5847	train	33
train_5848	train	135
train_5849	train	157
train_5850	train	100
train_5851	train	115
train_5852	train	33
train_5853	train	87
train_5854	train	147
train_5855	train	20
train_5856	train	186
train_5857	train	118
train_5858	train	165
train_5859	train	133
train_5860	train	46
train_5861	train	84
train_5862	train	201
train_5863	train	204
train_5864	train	197
train_5865	train	159
train_5866	train	165
train_5867	train	111
train_5868	train	28
train_5869	train	169
train_5870	train	82
train_5871	train	165
train_5872	train	5
train_5873	train	73
train_5874	train	37
train_5875	train	206
train_5876	train	8
train_5877	train	101
train_5878	train	47
train_5879	train	5
train_5880	train	185
train_5881	train	102
train_5882	train	11
train_5883	train	126
train_5884	train	130
train_5885	train	70
train_5886	train	189
train_5887	train	26
train_5888	train	2
train_5889	train	126
train_5890	train	47
train_5891	train	159
train_5892	train	115
train_5893	train	7
train_5894	train	28
train_5895	train	160
train_5896	train	101
train_5897	train	193
train_5898	train	30
train_5899	train	152
train_5900	train	49
train_5901	train	197
train_5902	train	49
train_5903	train	147
train_5904	train	100
train_5905	train	157
train_5906	train	118
train_5907	train	143
train_5908	train	75
train_5909	train	35
train_5910	train	51
train_5911	train	52
train_5912	train	130
train_5913	train	180
train_5914	train	104
train_5915	train	123
train_5916	train	123
train_5917	train	114
train_5918	train	90
train_5919	train	81
train_5920	train	11
train_5921	train	194
train_5922	train	170
train_5923	train	42
train_5924	train	80
train_5925	train	111
train_5926	train	209
train_5927	train	165
train_5928	train	111
train_5929	train	12
train_5930	train	192
train_5931	train	66
train_5932	train	12
train_5933	train	123
train_5934	train	81
train_5935	train	82
train_5936	train	2
train_5937	train	49
train_5938	train	79
train_5939	train	132
train_5940	train	100
train_5941	train	197
train_5942	train	185
train_5943	train	125
train_5944	train	200
train_5945	train	8
train_5946	train	78
train_5947	train	103
train_5948	train	175
train_5949	train	114
train_5950	train	33
train_5951	train	124
train_5952	train	155
train_5953	train	130
train_5954	train	73
train_5955	train	158
train_5956	train	45
train_5957	train	119
train_5958	train	188
train_5959	train	74
train_5960	train	26
train_5961	train	47
train_5962	train	74
train_5963	train	206
train_5964	train	7
train_5965	train	27
train_5966	train	66
train_5967	train	194
train_5968	train	111
train_5969	train	6
train_5970	train	114
train_5971	train	62
train_5972	train	103
train_5973	train	195
train_5974	train	148
train_5975	train	195
train_5976	train	90
train_5977	train	45
train_5978	train	192
train_5979	train	209
train_5980	train	22
train_5981	train	1
train_5982	train	139
train_5983	train	100
train_5984	train	28
train_5985	train	49
train_5986	train	193
train_5987	train	150
train_5988	train	177
train_5989	train	123
train_5990	train	108
train_5991	train	28
train_5992	train	33
train_5993	train	204
train_5994	train	185
train_5995	train	209
train_5996	train	209
train_5997	train	154
train_5998	train	200
train_5999	train	101
train_6000	train	69
train_6001	train	90
train_6002	train	197
train_6003	train	65
train_6004	train	12
train_6005	train	27
train_6006	train	142
train_6007	train	25
train_6008	train	26
train_6009	train	179
train_6010	train	90
train_6011	train	87
train_6012	train	2
train_6013	train	28
train_6014	train	112
train_6015	train	130
train_6016	train	186
train_6017	train	143
train_6018	train	20
train_6019	train	130
train_6020	train	46
train_6021	train	24
train_6022	train	73
train_6023	train	70
train_6024	train	52
train_6025	train	66
train_6026	train	133
train_6027	train	152
train_6028	train	155
train_6029	train	51
train_6030	train	139
train_6031	train	59
train_6032	train	78
train_6033	train	157
train_6034	train	121
train_6035	train	196
train_6036	train	5
train_6037	train	147
train_6038	train	7
train_6039	train	126
train_6040	train	8
train_6041	train	45
train_6042	train	196
train_6043	train	122
train_6044	train	103
train_6045	train	204
train_6046	train	46
train_6047	train	143
train_6048	train	24
train_6049	train	143
train_6050	train	152
train_6051	train	111
train_6052	train	170
train_6053	train	98
train_6054	train	84
train_6055	train	192
train_6056	train	195
train_6057	train	128
train_6058	train	46
train_6059	train	185
train_6060	train	25
train_6061	train	133
train_6062	train	179
train_6063	train	193
train_6064	train	103
train_6065	train	179
train_6066	train	119
train_6067	train	78
train_6068	train	49
train_6069	train	33
train_6070	train	139
train_6071	train	37
train_6072	train	87
train_6073	train	82
train_6074	train	98
train_6075	train	82
train_6076	train	33
train_6077	train	130
train_6078	train	14
train_6079	train	66
train_6080	train	198
train_6081	train	138
train_6082	train	8
train_6083	train	121
train_6084	train	155
train_6085	train	204
train_6086	train	20
train_6087	train	189
train_6088	train	76
train_6089	train	74
train_6090	train	118
train_6091	train	193
train_6092	train	49
train_6093	train	139
train_6094	train	186
train_6095	train	119
train_6096	train	130
train_6097	train	92
train_6098	train	100
train_6099	train	103
train_6100	train	119
train_6101	train	165
train_6102	train	45
train_6103	train	147
train_6104	train	152
train_6105	train	76
train_6106	train	178
train_6107	train	90
train_6108	train	118
train_6109	train	118
train_6110	train	164
train_6111	train	27
train_6112	train	126
train_6113	train	121
train_6114	train	13
train_6115	train	115
train_6116	train	87
train_6117	train	5
train_6118	train	90
train_6119	train	49
train_6120	train	87
train_6121	train	160
train_6122	train	159
train_6123	train	96
train_6124	train	87
train_6125	train	200
train_6126	train	112
train_6127	train	10
train_6128	train	7
train_6129	train	159
train_6130	train	40
train_6131	train	175
train_6132	train	170
train_6133	train	103
train_6134	train	90
train_6135	train	136
train_6136	train	52
train_6137	train	118
train_6138	train	73
train_6139	train	84
train_6140	train	143
train_6141	train	49
train_6142	train	46
train_6143	train	102
train_6144	train	70
train_6145	train	62
train_6146	train	12
train_6147	train	142
train_6148	train	81
train_6149	train	138
train_6150	train	104
train_6151	train	14
train_6152	train	73
train_6153	train	13
train_6154	train	35
train_6155	train	20
train_6156	train	92
train_6157	train	81
train_6158	train	59
train_6159	train	74
train_6160	train	123
train_6161	train	118
train_6162	train	61
train_6163	train	169
train_6164	train	81
train_6165	train	37
train_6166	train	46
train_6167	train	82
train_6168	train	2
train_6169	train	138
train_6170	train	151
train_6171	train	122
train_6172	train	106
train_6173	train	45
train_6174	train	165
train_6175	train	157
train_6176	train	13
train_6177	train	2
train_6178	train	20
train_6179	train	169
train_6180	train	170
train_6181	train	46
train_6182	train	136
train_6183	train	118
train_6184	train	133
train_6185	train	193
train_6186	train	170
train_6187	train	104
train_6188	train	175
train_6189	train	27
train_6190	train	159
train_6191	train	82
train_6192	train	138
train_6193	train	159
train_6194	train	175
train_6195	train	32
train_6196	train	118
train_6197	train	59
train_6198	train	72
train_6199	train	72
train_6200	train	112
train_6201	train	15
train_6202	train	170
train_6203	train	195
train_6204	train	115
train_6205	train	142
train_6206	train	114
train_6207	train	177
train_6208	train	169
train_6209	train	124
train_6210	train	125
train_6211	train	142
train_6212	train	154
train_6213	train	70
train_6214	train	175
train_6215	train	10
train_6216	train	81
train_6217	train	74
train_6218	train	115
train_6219	train	160
train_6220	train	146
train_6221	train	62
train_6222	train	147
train_6223	train	185
train_6224	train	132
train_6225	train	73
train_6226	train	160
train_6227	train	81
train_6228	train	209
train_6229	train	196
train_6230	train	73
train_6231	train	169
train_6232	train	61
train_6233	train	138
train_6234	train	74
train_6235	train	167
train_6236	train	165
train_6237	train	66
train_6238	train	82
train_6239	train	114
train_6240	train	12
train_6241	train	96
train_6242	train	72
train_6243	train	152
train_6244	train	189
train_6245	train	8
train_6246	train	111
train_6247	train	144
train_6248	train	197
train_6249	train	5
train_6250	train	132
train_6251	train	62
train_6252	train	8
train_6253	train	79
train_6254	train	185
train_6255	train	169
train_6256	train	51
train_6257	train	159
train_6258	train	102
train_6259	train	154
train_6260	train	152
train_6261	train	82
train_6262	train	65
train_6263	train	81
train_6264	train	104
train_6265	train	144
train_6266	train	111
train_6267	train	104
train_6268	train	84
train_6269	train	81
train_6270	train	146
train_6271	train	188
train_6272	train	155
train_6273	train	42
train_6274	train	177
train_6275	train	6
train_6276	train	34
train_6277	train	8
train_6278	train	138
train_6279	train	27
train_6280	train	206
train_6281	train	51
train_6282	train	159
train_6283	train	81
train_6284	train	40
train_6285	train	160
train_6286	train	159
train_6287	train	103
train_6288	train	25
train_6289	train	65
train_6290	train	34
train_6291	train	171
train_6292	train	162
train_6293	train	28
train_6294	train	106
train_6295	train	112
train_6296	train	204
train_6297	train	111
train_6298	train	40
train_6299	train	150
train_6300	train	28
train_6301	train	152
train_6302	train	179
train_6303	train	196
train_6304	train	194
train_6305	train	159
train_6306	train	66
train_6307	train	25
train_6308	train	202
train_6309	train	73
train_6310	train	87
train_6311	train	159
train_6312	train	7
train_6313	train	202
train_6314	train	104
train_6315	train	118
train_6316	train	135
train_6317	train	209
train_6318	train	62
train_6319	train	104
train_6320	train	33
train_6321	train	150
train_6322	train	102
train_6323	train	121
train_6324	train	103
train_6325	train	30
train_6326	train	195
train_6327	train	119
train_6328	train	2
train_6329	train	155
train_6330	train	114
train_6331	train	114
train_6332	train	147
train_6333	train	25
train_6334	train	118
train_6335	train	42
train_6336	train	57
train_6337	train	112
train_6338	train	121
train_6339	train	132
train_6340	train	159
train_6341	train	61
train_6342	train	81
train_6343	train	100
train_6344	train	62
train_6345	train	180
train_6346	train	119
train_6347	train	160
train_6348	train	177
train_6349	train	35
train_6350	train	135
train_6351	train	103
train_6352	train	152
train_6353	train	114
train_6354	train	186
train_6355	train	158
train_6356	train	3
train_6357	train	73
train_6358	train	124
train_6359	train	73
train_6360	train	76
train_6361	train	136
train_6362	train	175
train_6363	train	76
train_6364	train	106
train_6365	train	87
train_6366	train	195
train_6367	train	204
train_6368	train	121
train_6369	train	70
train_6370	train	6
train_6371	train	73
train_6372	train	37
train_6373	train	25
train_6374	train	177
train_6375	train	28
train_6376	train	40
train_6377	train	70
train_6378	train	102
train_6379	train	74
train_6380	train	160
train_6381	train	87
train_6382	train	49
train_6383	train	139
train_6384	train	195
train_6385	train	7
train_6386	train	84
train_6387	train	193
train_6388	train	200
train_6389	train	62
train_6390	train	159
train_6391	train	160
train_6392	train	34
train_6393	train	33
train_6394	train	167
train_6395	train	37
train_6396	train	42
train_6397	train	157
train_6398	train	144
train_6399	train	14
train_6400	train	70
train_6401	train	81
train_6402	train	50
train_6403	train	26
train_6404	train	90
train_6405	train	40
train_6406	train	126
train_6407	train	111
train_6408	train	45
train_6409	train	139
train_6410	train	114
train_6411	train	87
train_6412	train	114
train_6413	train	188
train_6414	train	192
train_6415	train	81
train_6416	train	193
train_6417	train	126
train_6418	train	46
train_6419	train	13
train_6420	train	112
train_6421	train	130
train_6422	train	22
train_6423	train	98
train_6424	train	101
train_6425	train	94
train_6426	train	70
train_6427	train	98
train_6428	train	65
train_6429	train	45
train_6430	train	42
train_6431	train	180
train_6432	train	28
train_6433	train	147
train_6434	train	20
train_6435	train	165
train_6436	train	84
train_6437	train	70
train_6438	train	18
train_6439	train	40
train_6440	train	111
train_6441	train	28
train_6442	train	37
train_6443	train	195
train_6444	train	104
train_6445	train	76
train_6446	train	118
train_6447	train	82
train_6448	train	87
train_6449	train	148
train_6450	train	42
train_6451	train	138
train_6452	train	115
train_6453	train	10
train_6454	train	12
train_6455	train	2
train_6456	train	152
train_6457	train	87
train_6458	train	61
train_6459	train	195
train_6460	train	90
train_6461	train	10
train_6462	train	26
train_6463	train	126
train_6464	train	6
train_6465	train	2
train_6466	train	82
train_6467	train	82
train_6468	train	159
train_6469	train	87
train_6470	train	180
train_6471	train	90
train_6472	train	164
train_6473	train	62
train_6474	train	112
train_6475	train	164
train_6476	train	136
train_6477	train	170
train_6478	train	143
train_6479	train	119
train_6480	train	57
train_6481	train	8
train_6482	train	112
train_6483	train	158
train_6484	train	59
train_6485	train	115
train_6486	train	126
train_6487	train	104
train_6488	train	57
train_6489	train	40
train_6490	train	165
train_6491	train	33
train_6492	train	65
train_6493	train	138
train_6494	train	118
train_6495	train	204
train_6496	train	111
train_6497	train	10
train_6498	train	22
train_6499	train	40
train_6500	train	82
train_6501	train	24
train_6502	train	151
train_6503	train	172
train_6504	train	169
train_6505	train	1
train_6506	train	52
train_6507	train	111
train_6508	train	170
train_6509	train	196
train_6510	train	46
train_6511	train	74
train_6512	train	87
train_6513	train	104
train_6514	train	180
train_6515	train	159
train_6516	train	164
train_6517	train	162
train_6518	train	197
train_6519	train	33
train_6520	train	147
train_6521	train	81
train_6522	train	37
train_6523	train	197
train_6524	train	165
train_6525	train	170
train_6526	train	28
train_6527	train	175
train_6528	train	8
train_6529	train	138
train_6530	train	62
train_6531	train	52
train_6532	train	143
train_6533	train	10
train_6534	train	162
train_6535	train	96
train_6536	train	5
train_6537	train	115
train_6538	train	74
train_6539	train	158
train_6540	train	62
train_6541	train	193
train_6542	train	195
train_6543	train	133
train_6544	train	158
train_6545	train	139
train_6546	train	79
train_6547	train	14
train_6548	train	62
train_6549	train	104
train_6550	train	128
train_6551	train	70
train_6552	train	112
train_6553	train	13
train_6554	train	104
train_6555	train	92
train_6556	train	76
train_6557	train	157
train_6558	train	152
train_6559	train	3
train_6560	train	57
train_6561	train	119
train_6562	train	189
train_6563	train	180
train_6564	train	133
train_6565	train	72
train_6566	train	62
train_6567	train	65
train_6568	train	73
train_6569	train	33
train_6570	train	47
train_6571	train	104
train_6572	train	28
train_6573	train	167
train_6574	train	130
train_6575	train	98
train_6576	train	90
train_6577	train	125
train_6578	train	6
train_6579	train	35
train_6580	train	138
train_6581	train	62
train_6582	train	51
train_6583	train	193
train_6584	train	73
train_6585	train	196
train_6586	train	42
train_6587	train	167
train_6588	train	121
train_6589	train	110
train_6590	train	65
train_6591	train	33
train_6592	train	186
train_6593	train	101
train_6594	train	126
train_6595	train	73
train_6596	train	125
train_6597	train	6
train_6598	train	26
train_6599	train	69
train_6600	train	72
train_6601	train	1
train_6602	train	123
train_6603	train	66
train_6604	train	81
train_6605	train	157
train_6606	train	66
train_6607	train	136
train_6608	train	34
train_6609	train	13
train_6610	train	96
train_6611	train	172
train_6612	train	162
train_6613	train	57
train_6614	train	70
train_6615	train	189
train_6616	train	186
train_6617	train	160
train_6618	train	110
train_6619	train	167
train_6620	train	52
train_6621	train	119
train_6622	train	157
train_6623	train	79
train_6624	train	101
train_6625	train	51
train_6626	train	25
train_6627	train	104
train_6628	train	159
train_6629	train	179
train_6630	train	78
train_6631	train	73
train_6632	train	162
train_6633	train	57
train_6634	train	159
train_6635	train	133
train_6636	train	57
train_6637	train	51
train_6638	train	193
train_6639	train	66
train_6640	train	178
train_6641	train	70
train_6642	train	11
train_6643	train	13
train_6644	train	46
train_6645	train	13
train_6646	train	160
train_6647	train	35
train_6648	train	49
train_6649	train	62
train_6650	train	80
train_6651	train	142
train_6652	train	167
train_6653	train	147
train_6654	train	40
train_6655	train	133
train_6656	train	51
train_6657	train	205
train_6658	train	142
train_6659	train	47
train_6660	train	8
train_6661	train	124
train_6662	train	159
train_6663	train	165
train_6664	train	188
train_6665	train	171
train_6666	train	121
train_6667	train	118
train_6668	train	177
train_6669	train	62
train_6670	train	2
train_6671	train	195
train_6672	train	108
train_6673	train	22
train_6674	train	34
train_6675	train	124
train_6676	train	177
train_6677	train	146
train_6678	train	142
train_6679	train	179
train_6680	train	51
train_6681	train	180
train_6682	train	11
train_6683	train	146
train_6684	train	8
train_6685	train	74
train_6686	train	165
train_6687	train	1
train_6688	train	200
train_6689	train	125
train_6690	train	121
train_6691	train	194
train_6692	train	57
train_6693	train	40
train_6694	train	136
train_6695	train	160
train_6696	train	195
train_6697	train	25
train_6698	train	128
train_6699	train	87
train_6700	train	114
train_6701	train	200
train_6702	train	52
train_6703	train	42
train_6704	train	125
train_6705	train	150
train_6706	train	62
train_6707	train	13
train_6708	train	126
train_6709	train	123
train_6710	train	62
train_6711	train	45
train_6712	train	92
train_6713	train	142
train_6714	train	87
train_6715	train	82
train_6716	train	165
train_6717	train	175
train_6718	train	177
train_6719	train	65
train_6720	train	20
train_6721	train	124
train_6722	train	7
train_6723	train	111
train_6724	train	33
train_6725	train	27
train_6726	train	123
train_6727	train	132
train_6728	train	108
train_6729	train	128
train_6730	train	20
train_6731	train	13
train_6732	train	6
train_6733	train	195
train_6734	train	14
train_6735	train	74
train_6736	train	50
train_6737	train	132
train_6738	train	98
train_6739	train	193
train_6740	train	7
train_6741	train	112
train_6742	train	159
train_6743	train	22
train_6744	train	7
train_6745	train	87
train_6746	train	126
train_6747	train	192
train_6748	train	177
train_6749	train	195
train_6750	train	204
train_6751	train	11
train_6752	train	45
train_6753	train	96
train_6754	train	102
train_6755	train	7
train_6756	train	81
train_6757	train	2
train_6758	train	135
train_6759	train	164
train_6760	train	160
train_6761	train	130
train_6762	train	47
train_6763	train	133
train_6764	train	47
train_6765	train	200
train_6766	train	161
train_6767	train	26
train_6768	train	108
train_6769	train	169
train_6770	train	96
train_6771	train	14
train_6772	train	101
train_6773	train	69
train_6774	train	121
train_6775	train	73
train_6776	train	206
train_6777	train	74
train_6778	train	66
train_6779	train	200
train_6780	train	76
train_6781	train	157
train_6782	train	115
train_6783	train	72
train_6784	train	46
train_6785	train	2
train_6786	train	106
train_6787	train	135
train_6788	train	139
train_6789	train	197
train_6790	train	34
train_6791	train	123
train_6792	train	157
train_6793	train	42
train_6794	train	125
train_6795	train	66
train_6796	train	146
train_6797	train	113
train_6798	train	197
train_6799	train	172
train_6800	train	101
train_6801	train	100
train_6802	train	115
train_6803	train	7
train_6804	train	162
train_6805	train	96
train_6806	train	72
train_6807	train	164
train_6808	train	104
train_6809	train	87
train_6810	train	5
train_6811	train	159
train_6812	train	162
train_6813	train	110
train_6814	train	98
train_6815	train	6
train_6816	train	12
train_6817	train	1
train_6818	train	20
train_6819	train	82
train_6820	train	200
train_6821	train	46
train_6822	train	74
train_6823	train	169
train_6824	train	47
train_6825	train	157
train_6826	train	20
train_6827	train	81
train_6828	train	128
train_6829	train	178
train_6830	train	98
train_6831	train	61
train_6832	train	108
train_6833	train	159
train_6834	train	165
train_6835	train	70
train_6836	train	169
train_6837	train	34
train_6838	train	2
train_6839	train	195
train_6840	train	115
train_6841	train	81
train_6842	train	81
train_6843	train	101
train_6844	train	104
train_6845	train	114
train_6846	train	2
train_6847	train	104
train_6848	train	101
train_6849	train	195
train_6850	train	47
train_6851	train	162
train_6852	train	209
train_6853	train	78
train_6854	train	82
train_6855	train	135
train_6856	train	70
train_6857	train	2
train_6858	train	11
train_6859	train	12
train_6860	train	22
train_6861	train	81
train_6862	train	185
train_6863	train	2
train_6864	train	170
train_6865	train	66
train_6866	train	106
train_6867	train	11
train_6868	train	2
train_6869	train	160
train_6870	train	178
train_6871	train	45
train_6872	train	27
train_6873	train	87
train_6874	train	2
train_6875	train	103
train_6876	train	47
train_6877	train	133
train_6878	train	66
train_6879	train	195
train_6880	train	169
train_6881	train	61
train_6882	train	139
train_6883	train	49
train_6884	train	160
train_6885	train	108
train_6886	train	170
train_6887	train	193
train_6888	train	170
train_6889	train	74
train_6890	train	126
train_6891	train	110
train_6892	train	72
train_6893	train	170
train_6894	train	10
train_6895	train	24
train_6896	train	26
train_6897	train	132
train_6898	train	136
train_6899	train	101
train_6900	train	204
train_6901	train	206
train_6902	train	101
train_6903	train	13
train_6904	train	100
train_6905	train	82
train_6906	train	157
train_6907	train	200
train_6908	train	106
train_6909	train	74
train_6910	train	159
train_6911	train	169
train_6912	train	80
train_6913	train	80
train_6914	train	151
train_6915	train	70
train_6916	train	22
train_6917	train	164
train_6918	train	42
train_6919	train	192
train_6920	train	30
train_6921	train	103
train_6922	train	87
train_6923	train	108
train_6924	train	25
train_6925	train	2
train_6926	train	142
train_6927	train	133
train_6928	train	162
train_6929	train	7
train_6930	train	96
train_6931	train	195
train_6932	train	123
train_6933	train	206
train_6934	train	159
train_6935	train	187
train_6936	train	185
train_6937	train	78
train_6938	train	6
train_6939	train	155
train_6940	train	66
train_6941	train	49
train_6942	train	114
train_6943	train	121
train_6944	train	195
train_6945	train	59
train_6946	train	102
train_6947	train	128
train_6948	train	22
train_6949	train	11
train_6950	train	103
train_6951	train	132
train_6952	train	138
train_6953	train	65
train_6954	train	147
train_6955	train	62
train_6956	train	106
train_6957	train	50
train_6958	train	7
train_6959	train	95
train_6960	train	57
train_6961	train	196
train_6962	train	170
train_6963	train	150
train_6964	train	7
train_6965	train	24
train_6966	train	162
train_6967	train	151
train_6968	train	24
train_6969	train	123
train_6970	train	152
train_6971	train	35
train_6972	train	143
train_6973	train	98
train_6974	train	57
train_6975	train	135
train_6976	train	193
train_6977	train	72
train_6978	train	14
train_6979	train	13
train_6980	train	65
train_6981	train	74
train_6982	train	74
train_6983	train	6
train_6984	train	204
train_6985	train	25
train_6986	train	33
train_6987	train	28
train_6988	train	103
train_6989	train	74
train_6990	train	144
train_6991	train	130
train_6992	train	177
train_6993	train	46
train_6994	train	160
train_6995	train	139
train_6996	train	142
train_6997	train	49
train_6998	train	197
train_6999	train	6
train_7000	train	90
train_7001	train	35
train_7002	train	73
train_7003	train	186
train_7004	train	196
train_7005	train	73
train_7006	train	138
train_7007	train	104
train_7008	train	162
train_7009	train	50
train_7010	train	205
train_7011	train	65
train_7012	train	74
train_7013	train	157
train_7014	train	200
train_7015	train	68
train_7016	train	61
train_7017	train	78
train_7018	train	165
train_7019	train	136
train_7020	train	6
train_7021	train	34
train_7022	train	124
train_7023	train	169
train_7024	train	40
train_7025	train	121
train_7026	train	8
train_7027	train	62
train_7028	train	115
train_7029	train	59
train_7030	train	22
train_7031	train	114
train_7032	train	206
train_7033	train	8
train_7034	train	26
train_7035	train	177
train_7036	train	55
train_7037	train	103
train_7038	train	73
train_7039	train	7
train_7040	train	28
train_7041	train	115
train_7042	train	114
train_7043	train	5
train_7044	train	92
train_7045	train	82
train_7046	train	108
train_7047	train	87
train_7048	train	33
train_7049	train	81
train_7050	train	61
train_7051	train	70
train_7052	train	46
train_7053	train	167
train_7054	train	57
train_7055	train	72
train_7056	train	3
train_7057	train	20
train_7058	train	159
train_7059	train	170
train_7060	train	126
train_7061	train	115
train_7062	train	118
train_7063	train	167
train_7064	train	104
train_7065	train	22
train_7066	train	13
train_7067	train	66
train_7068	train	90
train_7069	train	103
train_7070	train	11
train_7071	train	147
train_7072	train	72
train_7073	train	130
train_7074	train	167
train_7075	train	136
train_7076	train	61
train_7077	train	87
train_7078	train	193
train_7079	train	165
train_7080	train	152
train_7081	train	112
train_7082	train	139
train_7083	train	103
train_7084	train	135
train_7085	train	167
train_7086	train	47
train_7087	train	188
train_7088	train	24
train_7089	train	42
train_7090	train	42
train_7091	train	160
train_7092	train	90
train_7093	train	177
train_7094	train	98
train_7095	train	62
train_7096	train	102
train_7097	train	14
train_7098	train	94
train_7099	train	98
train_7100	train	195
train_7101	train	171
train_7102	train	8
train_7103	train	193
train_7104	train	25
train_7105	train	30
train_7106	train	72
train_7107	train	144
train_7108	train	106
train_7109	train	28
train_7110	train	142
train_7111	train	152
train_7112	train	57
train_7113	train	159
train_7114	train	171
train_7115	train	175
train_7116	train	115
train_7117	train	79
train_7118	train	136
train_7119	train	78
train_7120	train	102
train_7121	train	101
train_7122	train	74
train_7123	train	151
train_7124	train	28
train_7125	train	159
train_7126	train	10
train_7127	train	170
train_7128	train	45
train_7129	train	2
train_7130	train	59
train_7131	train	167
train_7132	train	122
train_7133	train	169
train_7134	train	125
train_7135	train	170
train_7136	train	35
train_7137	train	6
train_7138	train	151
train_7139	train	185
train_7140	train	79
train_7141	train	142
train_7142	train	118
train_7143	train	123
train_7144	train	73
train_7145	train	11
train_7146	train	103
train_7147	train	167
train_7148	train	209
train_7149	train	115
train_7150	train	49
train_7151	train	104
train_7152	train	171
train_7153	train	47
train_7154	train	7
train_7155	train	119
train_7156	train	72
train_7157	train	92
train_7158	train	79
train_7159	train	61
train_7160	train	152
train_7161	train	130
train_7162	train	158
train_7163	train	103
train_7164	train	185
train_7165	train	79
train_7166	train	62
train_7167	train	62
train_7168	train	42
train_7169	train	57
train_7170	train	98
train_7171	train	193
train_7172	train	193
train_7173	train	74
train_7174	train	10
train_7175	train	26
train_7176	train	73
train_7177	train	151
train_7178	train	158
train_7179	train	177
train_7180	train	121
train_7181	train	57
train_7182	train	20
train_7183	train	196
train_7184	train	155
train_7185	train	104
train_7186	train	45
train_7187	train	151
train_7188	train	196
train_7189	train	124
train_7190	train	51
train_7191	train	7
train_7192	train	59
train_7193	train	185
train_7194	train	69
train_7195	train	13
train_7196	train	180
train_7197	train	66
train_7198	train	42
train_7199	train	150
train_7200	train	151
train_7201	train	184
train_7202	train	165
train_7203	train	10
train_7204	train	125
train_7205	train	195
train_7206	train	33
train_7207	train	204
train_7208	train	185
train_7209	train	138
train_7210	train	100
train_7211	train	133
train_7212	train	102
train_7213	train	40
train_7214	train	5
train_7215	train	100
train_7216	train	70
train_7217	train	87
train_7218	train	25
train_7219	train	115
train_7220	train	72
train_7221	train	204
train_7222	train	59
train_7223	train	78
train_7224	train	69
train_7225	train	143
train_7226	train	27
train_7227	train	157
train_7228	train	87
train_7229	train	46
train_7230	train	37
train_7231	train	196
train_7232	train	142
train_7233	train	47
train_7234	train	73
train_7235	train	103
train_7236	train	78
train_7237	train	115
train_7238	train	128
train_7239	train	6
train_7240	train	111
train_7241	train	70
train_7242	train	126
train_7243	train	82
train_7244	train	185
train_7245	train	209
train_7246	train	138
train_7247	train	206
train_7248	train	45
train_7249	train	169
train_7250	train	3
train_7251	train	26
train_7252	train	155
train_7253	train	150
train_7254	train	130
train_7255	train	172
train_7256	train	25
train_7257	train	104
train_7258	train	186
train_7259	train	132
train_7260	train	147
train_7261	train	151
train_7262	train	161
train_7263	train	98
train_7264	train	162
train_7265	train	170
train_7266	train	26
train_7267	train	26
train_7268	train	111
train_7269	train	81
train_7270	train	135
train_7271	train	42
train_7272	train	189
train_7273	train	26
train_7274	train	103
train_7275	train	108
train_7276	train	115
train_7277	train	47
train_7278	train	159
train_7279	train	52
train_7280	train	186
train_7281	train	35
train_7282	train	74
train_7283	train	171
train_7284	train	72
train_7285	train	118
train_7286	train	171
train_7287	train	187
train_7288	train	164
train_7289	train	49
train_7290	train	193
train_7291	train	62
train_7292	train	18
train_7293	train	106
train_7294	train	78
train_7295	train	33
train_7296	train	96
train_7297	train	132
train_7298	train	178
train_7299	train	22
train_7300	train	119
train_7301	train	159
train_7302	train	47
train_7303	train	35
train_7304	train	124
train_7305	train	92
train_7306	train	62
train_7307	train	74
train_7308	train	94
train_7309	train	49
train_7310	train	159
train_7311	train	96
train_7312	train	34
train_7313	train	195
train_7314	train	7
train_7315	train	157
train_7316	train	5
train_7317	train	209
train_7318	train	104
train_7319	train	124
train_7320	train	8
train_7321	train	76
train_7322	train	195
train_7323	train	102
train_7324	train	25
train_7325	train	76
train_7326	train	45
train_7327	train	69
train_7328	train	101
train_7329	train	146
train_7330	train	13
train_7331	train	197
train_7332	train	167
train_7333	train	49
train_7334	train	147
train_7335	train	73
train_7336	train	147
train_7337	train	51
train_7338	train	167
train_7339	train	80
train_7340	train	143
train_7341	train	139
train_7342	train	92
train_7343	train	7
train_7344	train	177
train_7345	train	195
train_7346	train	26
train_7347	train	69
train_7348	train	138
train_7349	train	135
train_7350	train	152
train_7351	train	10
train_7352	train	154
train_7353	train	27
train_7354	train	62
train_7355	train	160
train_7356	train	119
train_7357	train	135
train_7358	train	11
train_7359	train	159
train_7360	train	2
train_7361	train	159
train_7362	train	70
train_7363	train	69
train_7364	train	20
train_7365	train	123
train_7366	train	13
train_7367	train	82
train_7368	train	72
train_7369	train	74
train_7370	train	49
train_7371	train	144
train_7372	train	189
train_7373	train	82
train_7374	train	26
train_7375	train	185
train_7376	train	28
train_7377	train	186
train_7378	train	79
train_7379	train	3
train_7380	train	28
train_7381	train	11
train_7382	train	73
train_7383	train	121
train_7384	train	94
train_7385	train	87
train_7386	train	175
train_7387	train	106
train_7388	train	69
train_7389	train	80
train_7390	train	57
train_7391	train	46
train_7392	train	100
train_7393	train	128
train_7394	train	49
train_7395	train	79
train_7396	train	171
train_7397	train	112
train_7398	train	159
train_7399	train	8
train_7400	train	70
train_7401	train	33
train_7402	train	7
train_7403	train	76
train_7404	train	13
train_7405	train	46
train_7406	train	100
train_7407	train	185
train_7408	train	25
train_7409	train	186
train_7410	train	10
train_7411	train	33
train_7412	train	2
train_7413	train	45
train_7414	train	2
train_7415	train	11
train_7416	train	150
train_7417	train	196
train_7418	train	170
train_7419	train	103
train_7420	train	7
train_7421	train	114
train_7422	train	2
train_7423	train	30
train_7424	train	46
train_7425	train	42
train_7426	train	152
train_7427	train	172
train_7428	train	170
train_7429	train	124
train_7430	train	78
train_7431	train	170
train_7432	train	123
train_7433	train	142
train_7434	train	87
train_7435	train	135
train_7436	train	57
train_7437	train	69
train_7438	train	78
train_7439	train	81
train_7440	train	143
train_7441	train	146
train_7442	train	170
train_7443	train	112
train_7444	train	7
train_7445	train	13
train_7446	train	8
train_7447	train	73
train_7448	train	13
train_7449	train	185
train_7450	train	35
train_7451	train	10
train_7452	train	136
train_7453	train	114
train_7454	train	103
train_7455	train	106
train_7456	train	65
train_7457	train	52
train_7458	train	2
train_7459	train	186
train_7460	train	22
train_7461	train	51
train_7462	train	142
train_7463	train	7
train_7464	train	133
train_7465	train	2
train_7466	train	115
train_7467	train	192
train_7468	train	2
train_7469	train	171
train_7470	train	204
train_7471	train	177
train_7472	train	61
train_7473	train	72
train_7474	train	136
train_7475	train	193
train_7476	train	138
train_7477	train	139
train_7478	train	204
train_7479	train	206
train_7480	train	45
train_7481	train	87
train_7482	train	167
train_7483	train	62
train_7484	train	103
train_7485	train	158
train_7486	train	78
train_7487	train	126
train_7488	train	74
train_7489	train	66
train_7490	train	192
train_7491	train	192
train_7492	train	110
train_7493	train	49
train_7494	train	167
train_7495	train	152
train_7496	train	90
train_7497	train	108
train_7498	train	7
train_7499	train	206
train_7500	train	80
train_7501	train	78
train_7502	train	35
train_7503	train	87
train_7504	train	206
train_7505	train	55
train_7506	train	136
train_7507	train	125
train_7508	train	143
train_7509	train	142
train_7510	train	76
train_7511	train	130
train_7512	train	118
train_7513	train	18
train_7514	train	1
train_7515	train	178
train_7516	train	133
train_7517	train	125
train_7518	train	33
train_7519	train	159
train_7520	train	204
train_7521	train	27
train_7522	train	92
train_7523	train	177
train_7524	train	177
train_7525	train	159
train_7526	train	35
train_7527	train	150
train_7528	train	110
train_7529	train	33
train_7530	train	103
train_7531	train	108
train_7532	train	42
train_7533	train	18
train_7534	train	66
train_7535	train	102
train_7536	train	146
train_7537	train	46
train_7538	train	13
train_7539	train	102
train_7540	train	13
train_7541	train	1
train_7542	train	11
train_7543	train	68
train_7544	train	206
train_7545	train	69
train_7546	train	5
train_7547	train	126
train_7548	train	73
train_7549	train	22
train_7550	train	74
train_7551	train	51
train_7552	train	160
train_7553	train	47
train_7554	train	118
train_7555	train	169
train_7556	train	201
train_7557	train	128
train_7558	train	187
train_7559	train	144
train_7560	train	180
train_7561	train	133
train_7562	train	3
train_7563	train	45
train_7564	train	110
train_7565	train	138
train_7566	train	112
train_7567	train	12
train_7568	train	195
train_7569	train	35
train_7570	train	100
train_7571	train	74
train_7572	train	28
train_7573	train	25
train_7574	train	20
train_7575	train	121
train_7576	train	122
train_7577	train	65
train_7578	train	152
train_7579	train	62
train_7580	train	66
train_7581	train	73
train_7582	train	158
train_7583	train	98
train_7584	train	172
train_7585	train	73
train_7586	train	133
train_7587	train	143
train_7588	train	167
train_7589	train	179
train_7590	train	152
train_7591	train	92
train_7592	train	59
train_7593	train	125
train_7594	train	8
train_7595	train	108
train_7596	train	70
train_7597	train	177
train_7598	train	102
train_7599	train	5
train_7600	train	34
train_7601	train	74
train_7602	train	126
train_7603	train	22
train_7604	train	189
train_7605	train	164
train_7606	train	14
train_7607	train	74
train_7608	train	74
train_7609	train	52
train_7610	train	11
train_7611	train	87
train_7612	train	87
train_7613	train	20
train_7614	train	34
train_7615	train	171
train_7616	train	209
train_7617	train	12
train_7618	train	81
train_7619	train	152
train_7620	train	125
train_7621	train	192
train_7622	train	14
train_7623	train	197
train_7624	train	101
train_7625	train	84
train_7626	train	6
train_7627	train	132
train_7628	train	119
train_7629	train	1
train_7630	train	47
train_7631	train	111
train_7632	train	2
train_7633	train	69
train_7634	train	42
train_7635	train	46
train_7636	train	13
train_7637	train	172
train_7638	train	177
train_7639	train	12
train_7640	train	24
train_7641	train	150
train_7642	train	80
train_7643	train	130
train_7644	train	118
train_7645	train	20
train_7646	train	119
train_7647	train	50
train_7648	train	87
train_7649	train	158
train_7650	train	194
train_7651	train	61
train_7652	train	106
train_7653	train	104
train_7654	train	10
train_7655	train	112
train_7656	train	35
train_7657	train	70
train_7658	train	27
train_7659	train	52
train_7660	train	20
train_7661	train	70
train_7662	train	96
train_7663	train	33
train_7664	train	152
train_7665	train	170
train_7666	train	171
train_7667	train	177
train_7668	train	57
train_7669	train	118
train_7670	train	185
train_7671	train	135
train_7672	train	121
train_7673	train	112
train_7674	train	45
train_7675	train	72
train_7676	train	6
train_7677	train	98
train_7678	train	70
train_7679	train	79
train_7680	train	100
train_7681	train	193
train_7682	train	159
train_7683	train	80
train_7684	train	46
train_7685	train	65
train_7686	train	11
train_7687	train	164
train_7688	train	126
train_7689	train	6
train_7690	train	75
train_7691	train	180
train_7692	train	123
train_7693	train	87
train_7694	train	27
train_7695	train	82
train_7696	train	139
train_7697	train	2
train_7698	train	121
train_7699	train	70
train_7700	train	74
train_7701	train	152
train_7702	train	194
train_7703	train	119
train_7704	train	72
train_7705	train	123
train_7706	train	87
train_7707	train	177
train_7708	train	96
train_7709	train	7
train_7710	train	146
train_7711	train	192
train_7712	train	101
train_7713	train	104
train_7714	train	132
train_7715	train	33
train_7716	train	26
train_7717	train	124
train_7718	train	200
train_7719	train	159
train_7720	train	78
train_7721	train	167
train_7722	train	35
train_7723	train	138
train_7724	train	28
train_7725	train	73
train_7726	train	178
train_7727	train	152
train_7728	train	177
train_7729	train	2
train_7730	train	90
train_7731	train	96
train_7732	train	139
train_7733	train	66
train_7734	train	90
train_7735	train	33
train_7736	train	73
train_7737	train	42
train_7738	train	106
train_7739	train	108
train_7740	train	2
train_7741	train	11
train_7742	train	164
train_7743	train	186
train_7744	train	100
train_7745	train	206
train_7746	train	70
train_7747	train	74
train_7748	train	27
train_7749	train	165
train_7750	train	65
train_7751	train	49
train_7752	train	106
train_7753	train	186
train_7754	train	78
train_7755	train	178
train_7756	train	188
train_7757	train	177
train_7758	train	112
train_7759	train	26
train_7760	train	189
train_7761	train	186
train_7762	train	146
train_7763	train	171
train_7764	train	195
train_7765	train	26
train_7766	train	139
train_7767	train	147
train_7768	train	123
train_7769	train	62
train_7770	train	20
train_7771	train	18
train_7772	train	201
train_7773	train	104
train_7774	train	6
train_7775	train	125
train_7776	train	125
train_7777	train	18
train_7778	train	147
train_7779	train	84
train_7780	train	104
train_7781	train	177
train_7782	train	7
train_7783	train	122
train_7784	train	11
train_7785	train	108
train_7786	train	206
train_7787	train	126
train_7788	train	192
train_7789	train	92
train_7790	train	96
train_7791	train	49
train_7792	train	76
train_7793	train	188
train_7794	train	111
train_7795	train	57
train_7796	train	73
train_7797	train	202
train_7798	train	12
train_7799	train	12
train_7800	train	49
train_7801	train	152
train_7802	train	20
train_7803	train	170
train_7804	train	61
train_7805	train	5
train_7806	train	66
train_7807	train	49
train_7808	train	195
train_7809	train	106
train_7810	train	8
train_7811	train	25
train_7812	train	170
train_7813	train	159
train_7814	train	118
train_7815	train	164
train_7816	train	10
train_7817	train	65
train_7818	train	159
train_7819	train	78
train_7820	train	57
train_7821	train	2
train_7822	train	74
train_7823	train	87
train_7824	train	8
train_7825	train	159
train_7826	train	6
train_7827	train	45
train_7828	train	66
train_7829	train	7
train_7830	train	171
train_7831	train	135
train_7832	train	18
train_7833	train	146
train_7834	train	172
train_7835	train	188
train_7836	train	5
train_7837	train	96
train_7838	train	165
train_7839	train	152
train_7840	train	142
train_7841	train	42
train_7842	train	123
train_7843	train	143
train_7844	train	186
train_7845	train	73
train_7846	train	104
train_7847	train	146
train_7848	train	49
train_7849	train	178
train_7850	train	121
train_7851	train	171
train_7852	train	110
train_7853	train	82
train_7854	train	5
train_7855	train	62
train_7856	train	135
train_7857	train	6
train_7858	train	128
train_7859	train	170
train_7860	train	81
train_7861	train	65
train_7862	train	70
train_7863	train	8
train_7864	train	28
train_7865	train	138
train_7866	train	24
train_7867	train	40
train_7868	train	114
train_7869	train	169
train_7870	train	103
train_7871	train	2
train_7872	train	142
train_7873	train	128
train_7874	train	74
train_7875	train	206
train_7876	train	195
train_7877	train	192
train_7878	train	155
train_7879	train	3
train_7880	train	79
train_7881	train	180
train_7882	train	170
train_7883	train	103
train_7884	train	6
train_7885	train	81
train_7886	train	6
train_7887	train	138
train_7888	train	104
train_7889	train	197
train_7890	train	12
train_7891	train	20
train_7892	train	49
train_7893	train	69
train_7894	train	28
train_7895	train	189
train_7896	train	40
train_7897	train	68
train_7898	train	104
train_7899	train	130
train_7900	train	170
train_7901	train	70
train_7902	train	115
train_7903	train	79
train_7904	train	66
train_7905	train	132
train_7906	train	195
train_7907	train	79
train_7908	train	165
train_7909	train	185
train_7910	train	179
train_7911	train	142
train_7912	train	66
train_7913	train	104
train_7914	train	90
train_7915	train	155
train_7916	train	186
train_7917	train	126
train_7918	train	124
train_7919	train	2
train_7920	train	146
train_7921	train	157
train_7922	train	155
train_7923	train	201
train_7924	train	101
train_7925	train	79
train_7926	train	151
train_7927	train	108
train_7928	train	7
train_7929	train	62
train_7930	train	13
train_7931	train	87
train_7932	train	7
train_7933	train	162
train_7934	train	104
train_7935	train	90
train_7936	train	193
train_7937	train	72
train_7938	train	195
train_7939	train	11
train_7940	train	33
train_7941	train	192
train_7942	train	15
train_7943	train	84
train_7944	train	126
train_7945	train	180
train_7946	train	169
train_7947	train	33
train_7948	train	27
train_7949	train	28
train_7950	train	162
train_7951	train	106
train_7952	train	5
train_7953	train	108
train_7954	train	74
train_7955	train	8
train_7956	train	126
train_7957	train	180
train_7958	train	164
train_7959	train	143
train_7960	train	111
train_7961	train	128
train_7962	train	111
train_7963	train	152
train_7964	train	138
train_7965	train	73
train_7966	train	47
train_7967	train	14
train_7968	train	194
train_7969	train	42
train_7970	train	178
train_7971	train	40
train_7972	train	189
train_7973	train	195
train_7974	train	115
train_7975	train	80
train_7976	train	135
train_7977	train	150
train_7978	train	158
train_7979	train	65
train_7980	train	82
train_7981	train	24
train_7982	train	70
train_7983	train	195
train_7984	train	35
train_7985	train	52
train_7986	train	81
train_7987	train	92
train_7988	train	106
train_7989	train	80
train_7990	train	125
train_7991	train	186
train_7992	train	20
train_7993	train	70
train_7994	train	192
train_7995	train	195
train_7996	train	195
train_7997	train	70
train_7998	train	70
train_7999	train	2
train_8000	train	136
train_8001	train	52
train_8002	train	65
train_8003	train	61
train_8004	train	33
train_8005	train	73
train_8006	train	46
train_8007	train	52
train_8008	train	146
train_8009	train	66
train_8010	train	74
train_8011	train	62
train_8012	train	11
train_8013	train	122
train_8014	train	79
train_8015	train	172
train_8016	train	179
train_8017	train	26
train_8018	train	100
train_8019	train	135
train_8020	train	13
train_8021	train	51
train_8022	train	3
train_8023	train	59
train_8024	train	133
train_8025	train	115
train_8026	train	119
train_8027	train	33
train_8028	train	24
train_8029	train	188
train_8030	train	177
train_8031	train	47
train_8032	train	47
train_8033	train	146
train_8034	train	164
train_8035	train	121
train_8036	train	169
train_8037	train	115
train_8038	train	111
train_8039	train	100
train_8040	train	49
train_8041	train	74
train_8042	train	33
train_8043	train	189
train_8044	train	15
train_8045	train	104
train_8046	train	13
train_8047	train	87
train_8048	train	76
train_8049	train	158
train_8050	train	27
train_8051	train	95
train_8052	train	169
train_8053	train	47
train_8054	train	158
train_8055	train	24
train_8056	train	192
train_8057	train	103
train_8058	train	200
train_8059	train	7
train_8060	train	101
train_8061	train	178
train_8062	train	22
train_8063	train	61
train_8064	train	152
train_8065	train	13
train_8066	train	193
train_8067	train	42
train_8068	train	51
train_8069	train	170
train_8070	train	152
train_8071	train	159
train_8072	train	129
train_8073	train	155
train_8074	train	170
train_8075	train	26
train_8076	train	74
train_8077	train	178
train_8078	train	142
train_8079	train	84
train_8080	train	132
train_8081	train	62
train_8082	train	7
train_8083	train	26
train_8084	train	195
train_8085	train	165
train_8086	train	157
train_8087	train	170
train_8088	train	98
train_8089	train	10
train_8090	train	76
train_8091	train	164
train_8092	train	133
train_8093	train	22
train_8094	train	143
train_8095	train	167
train_8096	train	87
train_8097	train	112
train_8098	train	167
train_8099	train	40
train_8100	train	80
train_8101	train	28
train_8102	train	111
train_8103	train	192
train_8104	train	27
train_8105	train	80
train_8106	train	73
train_8107	train	179
train_8108	train	159
train_8109	train	152
train_8110	train	121
train_8111	train	87
train_8112	train	90
train_8113	train	69
train_8114	train	52
train_8115	train	46
train_8116	train	72
train_8117	train	133
train_8118	train	42
train_8119	train	189
train_8120	train	104
train_8121	train	5
train_8122	train	108
train_8123	train	12
train_8124	train	84
train_8125	train	178
train_8126	train	70
train_8127	train	37
train_8128	train	66
train_8129	train	7
train_8130	train	20
train_8131	train	193
train_8132	train	147
train_8133	train	84
train_8134	train	126
train_8135	train	72
train_8136	train	192
train_8137	train	209
train_8138	train	37
train_8139	train	74
train_8140	train	59
train_8141	train	158
train_8142	train	206
train_8143	train	82
train_8144	train	132
train_8145	train	169
train_8146	train	66
train_8147	train	42
train_8148	train	74
train_8149	train	42
train_8150	train	5
train_8151	train	126
train_8152	train	7
train_8153	train	40
train_8154	train	123
train_8155	train	26
train_8156	train	14
train_8157	train	57
train_8158	train	178
train_8159	train	125
train_8160	train	160
train_8161	train	37
train_8162	train	165
train_8163	train	96
train_8164	train	172
train_8165	train	27
train_8166	train	32
train_8167	train	13
train_8168	train	160
train_8169	train	73
train_8170	train	206
train_8171	train	138
train_8172	train	111
train_8173	train	115
train_8174	train	15
train_8175	train	70
train_8176	train	73
train_8177	train	35
train_8178	train	49
train_8179	train	193
train_8180	train	124
train_8181	train	192
train_8182	train	7
train_8183	train	126
train_8184	train	197
train_8185	train	57
train_8186	train	52
train_8187	train	177
train_8188	train	79
train_8189	train	49
train_8190	train	78
train_8191	train	62
train_8192	train	8
train_8193	train	138
train_8194	train	34
train_8195	train	50
train_8196	train	74
train_8197	train	169
train_8198	train	84
train_8199	train	12
train_8200	train	155
train_8201	train	25
train_8202	train	3
train_8203	train	98
train_8204	train	126
train_8205	train	96
train_8206	train	209
train_8207	train	180
train_8208	train	2
train_8209	train	125
train_8210	train	26
train_8211	train	111
train_8212	train	82
train_8213	train	81
train_8214	train	5
train_8215	train	68
train_8216	train	138
train_8217	train	122
train_8218	train	196
train_8219	train	5
train_8220	train	81
train_8221	train	112
train_8222	train	13
train_8223	train	165
train_8224	train	81
train_8225	train	47
train_8226	train	76
train_8227	train	159
train_8228	train	132
train_8229	train	24
train_8230	train	123
train_8231	train	152
train_8232	train	147
train_8233	train	18
train_8234	train	49
train_8235	train	122
train_8236	train	200
train_8237	train	132
train_8238	train	47
train_8239	train	185
train_8240	train	13
train_8241	train	111
train_8242	train	70
train_8243	train	79
train_8244	train	70
train_8245	train	123
train_8246	train	125
train_8247	train	147
train_8248	train	45
train_8249	train	185
train_8250	train	111
train_8251	train	42
train_8252	train	34
train_8253	train	186
train_8254	train	108
train_8255	train	169
train_8256	train	7
train_8257	train	11
train_8258	train	74
train_8259	train	55
train_8260	train	195
train_8261	train	87
train_8262	train	98
train_8263	train	84
train_8264	train	96
train_8265	train	157
train_8266	train	103
train_8267	train	92
train_8268	train	79
train_8269	train	25
train_8270	train	33
train_8271	train	46
train_8272	train	82
train_8273	train	193
train_8274	train	26
train_8275	train	74
train_8276	train	146
train_8277	train	104
train_8278	train	87
train_8279	train	184
train_8280	train	20
train_8281	train	90
train_8282	train	108
train_8283	train	139
train_8284	train	22
train_8285	train	119
train_8286	train	74
train_8287	train	37
train_8288	train	74
train_8289	train	115
train_8290	train	81
train_8291	train	33
train_8292	train	193
train_8293	train	147
train_8294	train	49
train_8295	train	78
train_8296	train	79
train_8297	train	18
train_8298	train	121
train_8299	train	102
train_8300	train	42
train_8301	train	42
train_8302	train	2
train_8303	train	143
train_8304	train	118
train_8305	train	87
train_8306	train	100
train_8307	train	25
train_8308	train	118
train_8309	train	142
train_8310	train	197
train_8311	train	186
train_8312	train	84
train_8313	train	123
train_8314	train	65
train_8315	train	165
train_8316	train	133
train_8317	train	121
train_8318	train	124
train_8319	train	115
train_8320	train	147
train_8321	train	101
train_8322	train	81
train_8323	train	165
train_8324	train	143
train_8325	train	152
train_8326	train	157
train_8327	train	146
train_8328	train	13
train_8329	train	144
train_8330	train	135
train_8331	train	170
train_8332	train	94
train_8333	train	65
train_8334	train	115
train_8335	train	152
train_8336	train	111
train_8337	train	124
train_8338	train	28
train_8339	train	154
train_8340	train	172
train_8341	train	112
train_8342	train	81
train_8343	train	118
train_8344	train	2
train_8345	train	193
train_8346	train	206
train_8347	train	130
train_8348	train	24
train_8349	train	35
train_8350	train	27
train_8351	train	167
train_8352	train	90
train_8353	train	155
train_8354	train	74
train_8355	train	159
train_8356	train	161
train_8357	train	82
train_8358	train	104
train_8359	train	136
train_8360	train	20
train_8361	train	111
train_8362	train	46
train_8363	train	98
train_8364	train	195
train_8365	train	72
train_8366	train	14
train_8367	train	123
train_8368	train	87
train_8369	train	123
train_8370	train	171
train_8371	train	123
train_8372	train	195
train_8373	train	79
train_8374	train	5
train_8375	train	90
train_8376	train	146
train_8377	train	125
train_8378	train	103
train_8379	train	172
train_8380	train	59
train_8381	train	136
train_8382	train	8
train_8383	train	114
train_8384	train	20
train_8385	train	18
train_8386	train	169
train_8387	train	123
train_8388	train	72
train_8389	train	37
train_8390	train	102
train_8391	train	27
train_8392	train	18
train_8393	train	159
train_8394	train	51
train_8395	train	78
train_8396	train	61
train_8397	train	78
train_8398	train	126
train_8399	train	111
train_8400	train	126
train_8401	train	186
train_8402	train	101
train_8403	train	45
train_8404	train	35
train_8405	train	150
train_8406	train	165
train_8407	train	162
train_8408	train	2
train_8409	train	180
train_8410	train	165
train_8411	train	10
train_8412	train	150
train_8413	train	160
train_8414	train	178
train_8415	train	2
train_8416	train	115
train_8417	train	126
train_8418	train	180
train_8419	train	82
train_8420	train	138
train_8421	train	194
train_8422	train	157
train_8423	train	78
train_8424	train	35
train_8425	train	80
train_8426	train	118
train_8427	train	101
train_8428	train	13
train_8429	train	165
train_8430	train	170
train_8431	train	195
train_8432	train	3
train_8433	train	138
train_8434	train	13
train_8435	train	165
train_8436	train	61
train_8437	train	142
train_8438	train	114
train_8439	train	187
train_8440	train	135
train_8441	train	12
train_8442	train	103
train_8443	train	79
train_8444	train	130
train_8445	train	123
train_8446	train	121
train_8447	train	162
train_8448	train	133
train_8449	train	1
train_8450	train	122
train_8451	train	185
train_8452	train	90
train_8453	train	25
train_8454	train	167
train_8455	train	125
train_8456	train	13
train_8457	train	185
train_8458	train	74
train_8459	train	159
train_8460	train	185
train_8461	train	94
train_8462	train	82
train_8463	train	192
train_8464	train	14
train_8465	train	143
train_8466	train	81
train_8467	train	144
train_8468	train	7
train_8469	train	152
train_8470	train	87
train_8471	train	35
train_8472	train	72
train_8473	train	143
train_8474	train	11
train_8475	train	26
train_8476	train	103
train_8477	train	72
train_8478	train	72
train_8479	train	106
train_8480	train	87
train_8481	train	26
train_8482	train	87
train_8483	train	108
train_8484	train	73
train_8485	train	13
train_8486	train	26
train_8487	train	128
train_8488	train	49
train_8489	train	25
train_8490	train	78
train_8491	train	13
train_8492	train	42
train_8493	train	106
train_8494	train	102
train_8495	train	42
train_8496	train	92
train_8497	train	81
train_8498	train	37
train_8499	train	159
train_8500	train	47
train_8501	train	61
train_8502	train	10
train_8503	train	115
train_8504	train	59
train_8505	train	2
train_8506	train	51
train_8507	train	59
train_8508	train	45
train_8509	train	25
train_8510	train	87
train_8511	train	150
train_8512	train	192
train_8513	train	20
train_8514	train	192
train_8515	train	209
train_8516	train	35
train_8517	train	62
train_8518	train	13
train_8519	train	126
train_8520	train	209
train_8521	train	185
train_8522	train	95
train_8523	train	114
train_8524	train	26
train_8525	train	167
train_8526	train	172
train_8527	train	87
train_8528	train	123
train_8529	train	106
train_8530	train	123
train_8531	train	125
train_8532	train	104
train_8533	train	14
train_8534	train	157
train_8535	train	81
train_8536	train	62
train_8537	train	45
train_8538	train	98
train_8539	train	204
train_8540	train	10
train_8541	train	2
train_8542	train	155
train_8543	train	155
train_8544	train	146
train_8545	train	65
train_8546	train	7
train_8547	train	79
train_8548	train	159
train_8549	train	195
train_8550	train	90
train_8551	train	62
train_8552	train	128
train_8553	train	46
train_8554	train	100
train_8555	train	94
train_8556	train	73
train_8557	train	159
train_8558	train	128
train_8559	train	84
train_8560	train	112
train_8561	train	96
train_8562	train	106
train_8563	train	70
train_8564	train	193
train_8565	train	115
train_8566	train	197
train_8567	train	13
train_8568	train	152
train_8569	train	162
train_8570	train	28
train_8571	train	132
train_8572	train	35
train_8573	train	114
train_8574	train	170
train_8575	train	206
train_8576	train	178
train_8577	train	170
train_8578	train	179
train_8579	train	70
train_8580	train	139
train_8581	train	7
train_8582	train	14
train_8583	train	155
train_8584	train	7
train_8585	train	72
train_8586	train	70
train_8587	train	197
train_8588	train	18
train_8589	train	151
train_8590	train	59
train_8591	train	12
train_8592	train	194
train_8593	train	195
train_8594	train	49
train_8595	train	159
train_8596	train	128
train_8597	train	146
train_8598	train	197
train_8599	train	72
train_8600	train	22
train_8601	train	152
train_8602	train	170
train_8603	train	70
train_8604	train	42
train_8605	train	150
train_8606	train	47
train_8607	train	112
train_8608	train	5
train_8609	train	10
train_8610	train	128
train_8611	train	178
train_8612	train	165
train_8613	train	119
train_8614	train	128
train_8615	train	37
train_8616	train	15
train_8617	train	69
train_8618	train	35
train_8619	train	186
train_8620	train	193
train_8621	train	6
train_8622	train	50
train_8623	train	13
train_8624	train	76
train_8625	train	164
train_8626	train	151
train_8627	train	26
train_8628	train	155
train_8629	train	119
train_8630	train	22
train_8631	train	98
train_8632	train	70
train_8633	train	115
train_8634	train	136
train_8635	train	123
train_8636	train	146
train_8637	train	170
train_8638	train	45
train_8639	train	108
train_8640	train	152
train_8641	train	124
train_8642	train	87
train_8643	train	47
train_8644	train	2
train_8645	train	195
train_8646	train	81
train_8647	train	49
train_8648	train	51
train_8649	train	96
train_8650	train	2
train_8651	train	161
train_8652	train	61
train_8653	train	155
train_8654	train	138
train_8655	train	132
train_8656	train	171
train_8657	train	108
train_8658	train	2
train_8659	train	188
train_8660	train	112
train_8661	train	118
train_8662	train	2
train_8663	train	34
train_8664	train	106
train_8665	train	204
train_8666	train	138
train_8667	train	178
train_8668	train	143
train_8669	train	101
train_8670	train	10
train_8671	train	82
train_8672	train	193
train_8673	train	70
train_8674	train	130
train_8675	train	189
train_8676	train	172
train_8677	train	106
train_8678	train	25
train_8679	train	45
train_8680	train	8
train_8681	train	118
train_8682	train	192
train_8683	train	165
train_8684	train	62
train_8685	train	40
train_8686	train	34
train_8687	train	206
train_8688	train	95
train_8689	train	119
train_8690	train	102
train_8691	train	78
train_8692	train	49
train_8693	train	103
train_8694	train	42
train_8695	train	87
train_8696	train	108
train_8697	train	87
train_8698	train	138
train_8699	train	152
train_8700	train	108
train_8701	train	69
train_8702	train	138
train_8703	train	135
train_8704	train	13
train_8705	train	155
train_8706	train	26
train_8707	train	104
train_8708	train	42
train_8709	train	13
train_8710	train	196
train_8711	train	170
train_8712	train	169
train_8713	train	132
train_8714	train	159
train_8715	train	104
train_8716	train	115
train_8717	train	6
train_8718	train	136
train_8719	train	52
train_8720	train	158
train_8721	train	47
train_8722	train	204
train_8723	train	193
train_8724	train	42
train_8725	train	81
train_8726	train	7
train_8727	train	11
train_8728	train	123
train_8729	train	112
train_8730	train	28
train_8731	train	28
train_8732	train	180
train_8733	train	209
train_8734	train	59
train_8735	train	150
train_8736	train	104
train_8737	train	106
train_8738	train	28
train_8739	train	25
train_8740	train	164
train_8741	train	128
train_8742	train	150
train_8743	train	55
train_8744	train	70
train_8745	train	100
train_8746	train	102
train_8747	train	195
train_8748	train	171
train_8749	train	118
train_8750	train	13
train_8751	train	92
train_8752	train	3
train_8753	train	46
train_8754	train	195
train_8755	train	165
train_8756	train	104
train_8757	train	143
train_8758	train	101
train_8759	train	87
train_8760	train	101
train_8761	train	124
train_8762	train	6
train_8763	train	74
train_8764	train	26
train_8765	train	35
train_8766	train	124
train_8767	train	185
train_8768	train	126
train_8769	train	3
train_8770	train	147
train_8771	train	7
train_8772	train	186
train_8773	train	35
train_8774	train	33
train_8775	train	80
train_8776	train	81
train_8777	train	57
train_8778	train	61
train_8779	train	87
train_8780	train	80
train_8781	train	151
train_8782	train	87
train_8783	train	114
train_8784	train	101
train_8785	train	42
train_8786	train	65
train_8787	train	74
train_8788	train	98
train_8789	train	103
train_8790	train	2
train_8791	train	143
train_8792	train	189
train_8793	train	154
train_8794	train	130
train_8795	train	62
train_8796	train	40
train_8797	train	37
train_8798	train	10
train_8799	train	159
train_8800	train	101
train_8801	train	165
train_8802	train	111
train_8803	train	108
train_8804	train	2
train_8805	train	13
train_8806	train	195
train_8807	train	186
train_8808	train	151
train_8809	train	206
train_8810	train	87
train_8811	train	158
train_8812	train	150
train_8813	train	193
train_8814	train	162
train_8815	train	96
train_8816	train	169
train_8817	train	209
train_8818	train	70
train_8819	train	74
train_8820	train	45
train_8821	train	14
train_8822	train	45
train_8823	train	72
train_8824	train	165
train_8825	train	111
train_8826	train	165
train_8827	train	82
train_8828	train	123
train_8829	train	152
train_8830	train	7
train_8831	train	65
train_8832	train	59
train_8833	train	125
train_8834	train	14
train_8835	train	138
train_8836	train	180
train_8837	train	22
train_8838	train	81
train_8839	train	27
train_8840	train	123
train_8841	train	52
train_8842	train	150
train_8843	train	2
train_8844	train	40
train_8845	train	185
train_8846	train	84
train_8847	train	158
train_8848	train	82
train_8849	train	193
train_8850	train	133
train_8851	train	100
train_8852	train	177
train_8853	train	160
train_8854	train	7
train_8855	train	165
train_8856	train	185
train_8857	train	42
train_8858	train	40
train_8859	train	35
train_8860	train	13
train_8861	train	171
train_8862	train	104
train_8863	train	62
train_8864	train	159
train_8865	train	6
train_8866	train	47
train_8867	train	82
train_8868	train	82
train_8869	train	209
train_8870	train	108
train_8871	train	209
train_8872	train	5
train_8873	train	47
train_8874	train	65
train_8875	train	195
train_8876	train	162
train_8877	train	68
train_8878	train	197
train_8879	train	50
train_8880	train	152
train_8881	train	128
train_8882	train	45
train_8883	train	159
train_8884	train	55
train_8885	train	42
train_8886	train	200
train_8887	train	195
train_8888	train	82
train_8889	train	165
train_8890	train	28
train_8891	train	126
train_8892	train	20
train_8893	train	102
train_8894	train	6
train_8895	train	12
train_8896	train	112
train_8897	train	206
train_8898	train	8
train_8899	train	167
train_8900	train	70
train_8901	train	76
train_8902	train	189
train_8903	train	28
train_8904	train	47
train_8905	train	197
train_8906	train	73
train_8907	train	96
train_8908	train	2
train_8909	train	7
train_8910	train	193
train_8911	train	160
train_8912	train	2
train_8913	train	1
train_8914	train	2
train_8915	train	189
train_8916	train	118
train_8917	train	25
train_8918	train	46
train_8919	train	142
train_8920	train	70
train_8921	train	142
train_8922	train	132
train_8923	train	59
train_8924	train	37
train_8925	train	118
train_8926	train	51
train_8927	train	12
train_8928	train	74
train_8929	train	6
train_8930	train	73
train_8931	train	136
train_8932	train	78
train_8933	train	170
train_8934	train	57
train_8935	train	165
train_8936	train	186
train_8937	train	125
train_8938	train	37
train_8939	train	70
train_8940	train	197
train_8941	train	118
train_8942	train	123
train_8943	train	155
train_8944	train	7
train_8945	train	6
train_8946	train	104
train_8947	train	189
train_8948	train	108
train_8949	train	103
train_8950	train	193
train_8951	train	52
train_8952	train	124
train_8953	train	47
train_8954	train	128
train_8955	train	6
train_8956	train	98
train_8957	train	2
train_8958	train	72
train_8959	train	62
train_8960	train	138
train_8961	train	6
train_8962	train	177
train_8963	train	187
train_8964	train	112
train_8965	train	171
train_8966	train	194
train_8967	train	69
train_8968	train	177
train_8969	train	178
train_8970	train	130
train_8971	train	189
train_8972	train	10
train_8973	train	144
train_8974	train	28
train_8975	train	157
train_8976	train	123
train_8977	train	5
train_8978	train	80
train_8979	train	57
train_8980	train	108
train_8981	train	121
train_8982	train	84
train_8983	train	87
train_8984	train	115
train_8985	train	34
train_8986	train	59
train_8987	train	118
train_8988	train	6
train_8989	train	169
train_8990	train	136
train_8991	train	66
train_8992	train	151
train_8993	train	196
train_8994	train	52
train_8995	train	37
train_8996	train	87
train_8997	train	150
train_8998	train	1
train_8999	train	193
train_9000	train	118
train_9001	train	101
train_9002	train	26
train_9003	train	151
train_9004	train	12
train_9005	train	147
train_9006	train	8
train_9007	train	34
train_9008	train	175
train_9009	train	175
train_9010	train	164
train_9011	train	26
train_9012	train	102
train_9013	train	123
train_9014	train	142
train_9015	train	106
train_9016	train	104
train_9017	train	80
train_9018	train	159
train_9019	train	188
train_9020	train	124
train_9021	train	73
train_9022	train	55
train_9023	train	28
train_9024	train	82
train_9025	train	82
train_9026	train	84
train_9027	train	7
train_9028	train	61
train_9029	train	45
train_9030	train	185
train_9031	train	12
train_9032	train	62
train_9033	train	138
train_9034	train	25
train_9035	train	195
train_9036	train	94
train_9037	train	202
train_9038	train	135
train_9039	train	14
train_9040	train	193
train_9041	train	112
train_9042	train	81
train_9043	train	165
train_9044	train	62
train_9045	train	104
train_9046	train	82
train_9047	train	25
train_9048	train	79
train_9049	train	193
train_9050	train	70
train_9051	train	26
train_9052	train	130
train_9053	train	82
train_9054	train	142
train_9055	train	27
train_9056	train	130
train_9057	train	159
train_9058	train	203
train_9059	train	175
train_9060	train	157
train_9061	train	133
train_9062	train	61
train_9063	train	74
train_9064	train	167
train_9065	train	45
train_9066	train	35
train_9067	train	175
train_9068	train	78
train_9069	train	47
train_9070	train	172
train_9071	train	195
train_9072	train	195
train_9073	train	139
train_9074	train	101
train_9075	train	152
train_9076	train	12
train_9077	train	61
train_9078	train	45
train_9079	train	26
train_9080	train	51
train_9081	train	62
train_9082	train	138
train_9083	train	159
train_9084	train	26
train_9085	train	104
train_9086	train	128
train_9087	train	10
train_9088	train	101
train_9089	train	139
train_9090	train	193
train_9091	train	165
train_9092	train	200
train_9093	train	194
train_9094	train	118
train_9095	train	188
train_9096	train	125
train_9097	train	106
train_9098	train	122
train_9099	train	157
train_9100	train	193
train_9101	train	170
train_9102	train	142
train_9103	train	87
train_9104	train	14
train_9105	train	144
train_9106	train	12
train_9107	train	143
train_9108	train	164
train_9109	train	65
train_9110	train	22
train_9111	train	90
train_9112	train	195
train_9113	train	59
train_9114	train	126
train_9115	train	92
train_9116	train	136
train_9117	train	92
train_9118	train	146
train_9119	train	144
train_9120	train	125
train_9121	train	84
train_9122	train	57
train_9123	train	37
train_9124	train	5
train_9125	train	186
train_9126	train	143
train_9127	train	152
train_9128	train	98
train_9129	train	57
train_9130	train	193
train_9131	train	35
train_9132	train	151
train_9133	train	35
train_9134	train	51
train_9135	train	70
train_9136	train	65
train_9137	train	13
train_9138	train	111
train_9139	train	139
train_9140	train	28
train_9141	train	94
train_9142	train	206
train_9143	train	13
train_9144	train	33
train_9145	train	1
train_9146	train	51
train_9147	train	104
train_9148	train	133
train_9149	train	69
train_9150	train	76
train_9151	train	72
train_9152	train	138
train_9153	train	22
train_9154	train	100
train_9155	train	69
train_9156	train	150
train_9157	train	40
train_9158	train	2
train_9159	train	55
train_9160	train	144
train_9161	train	11
train_9162	train	7
train_9163	train	115
train_9164	train	157
train_9165	train	81
train_9166	train	33
train_9167	train	125
train_9168	train	152
train_9169	train	57
train_9170	train	195
train_9171	train	34
train_9172	train	14
train_9173	train	118
train_9174	train	82
train_9175	train	126
train_9176	train	70
train_9177	train	25
train_9178	train	132
train_9179	train	87
train_9180	train	189
train_9181	train	143
train_9182	train	49
train_9183	train	20
train_9184	train	132
train_9185	train	143
train_9186	train	132
train_9187	train	204
train_9188	train	26
train_9189	train	142
train_9190	train	66
train_9191	train	162
train_9192	train	115
train_9193	train	27
train_9194	train	13
train_9195	train	2
train_9196	train	126
train_9197	train	59
train_9198	train	74
train_9199	train	165
train_9200	train	34
train_9201	train	8
train_9202	train	94
train_9203	train	206
train_9204	train	37
train_9205	train	102
train_9206	train	124
train_9207	train	147
train_9208	train	158
train_9209	train	123
train_9210	train	152
train_9211	train	87
train_9212	train	115
train_9213	train	98
train_9214	train	2
train_9215	train	114
train_9216	train	42
train_9217	train	81
train_9218	train	62
train_9219	train	27
train_9220	train	132
train_9221	train	68
train_9222	train	193
train_9223	train	55
train_9224	train	66
train_9225	train	87
train_9226	train	159
train_9227	train	164
train_9228	train	82
train_9229	train	7
train_9230	train	158
train_9231	train	42
train_9232	train	50
train_9233	train	121
train_9234	train	20
train_9235	train	52
train_9236	train	136
train_9237	train	170
train_9238	train	169
train_9239	train	44
train_9240	train	79
train_9241	train	25
train_9242	train	152
train_9243	train	87
train_9244	train	158
train_9245	train	118
train_9246	train	152
train_9247	train	162
train_9248	train	7
train_9249	train	74
train_9250	train	6
train_9251	train	146
train_9252	train	124
train_9253	train	26
train_9254	train	6
train_9255	train	2
train_9256	train	50
train_9257	train	171
train_9258	train	95
train_9259	train	204
train_9260	train	22
train_9261	train	162
train_9262	train	189
train_9263	train	73
train_9264	train	8
train_9265	train	42
train_9266	train	142
train_9267	train	138
train_9268	train	152
train_9269	train	165
train_9270	train	57
train_9271	train	14
train_9272	train	33
train_9273	train	152
train_9274	train	33
train_9275	train	142
train_9276	train	188
train_9277	train	7
train_9278	train	121
train_9279	train	177
train_9280	train	25
train_9281	train	22
train_9282	train	209
train_9283	train	146
train_9284	train	34
train_9285	train	46
train_9286	train	70
train_9287	train	114
train_9288	train	112
train_9289	train	154
train_9290	train	33
train_9291	train	188
train_9292	train	13
train_9293	train	146
train_9294	train	185
train_9295	train	170
train_9296	train	35
train_9297	train	170
train_9298	train	42
train_9299	train	126
train_9300	train	42
train_9301	train	82
train_9302	train	2
train_9303	train	103
train_9304	train	79
train_9305	train	196
train_9306	train	151
train_9307	train	103
train_9308	train	114
train_9309	train	12
train_9310	train	189
train_9311	train	11
train_9312	train	189
train_9313	train	104
train_9314	train	188
train_9315	train	2
train_9316	train	159
train_9317	train	66
train_9318	train	143
train_9319	train	132
train_9320	train	92
train_9321	train	70
train_9322	train	74
train_9323	train	6
train_9324	train	152
train_9325	train	79
train_9326	train	170
train_9327	train	25
train_9328	train	135
train_9329	train	87
train_9330	train	126
train_9331	train	159
train_9332	train	115
train_9333	train	144
train_9334	train	72
train_9335	train	112
train_9336	train	139
train_9337	train	150
train_9338	train	49
train_9339	train	209
train_9340	train	144
train_9341	train	133
train_9342	train	11
train_9343	train	177
train_9344	train	101
train_9345	train	108
train_9346	train	10
train_9347	train	82
train_9348	train	110
train_9349	train	22
train_9350	train	177
train_9351	train	164
train_9352	train	40
train_9353	train	5
train_9354	train	185
train_9355	train	13
train_9356	train	20
train_9357	train	87
train_9358	train	123
train_9359	train	57
train_9360	train	102
train_9361	train	20
train_9362	train	42
train_9363	train	165
train_9364	train	162
train_9365	train	115
train_9366	train	59
train_9367	train	28
train_9368	train	121
train_9369	train	34
train_9370	train	96
train_9371	train	204
train_9372	train	197
train_9373	train	22
train_9374	train	42
train_9375	train	121
train_9376	train	74
train_9377	train	42
train_9378	train	94
train_9379	train	65
train_9380	train	123
train_9381	train	142
train_9382	train	195
train_9383	train	197
train_9384	train	34
train_9385	train	73
train_9386	train	206
train_9387	train	11
train_9388	train	152
train_9389	train	79
train_9390	train	123
train_9391	train	72
train_9392	train	13
train_9393	train	82
train_9394	train	70
train_9395	train	123
train_9396	train	72
train_9397	train	84
train_9398	train	70
train_9399	train	119
train_9400	train	146
train_9401	train	179
train_9402	train	171
train_9403	train	84
train_9404	train	65
train_9405	train	209
train_9406	train	98
train_9407	train	78
train_9408	train	123
train_9409	train	12
train_9410	train	2
train_9411	train	82
train_9412	train	24
train_9413	train	81
train_9414	train	82
train_9415	train	46
train_9416	train	162
train_9417	train	179
train_9418	train	169
train_9419	train	22
train_9420	train	73
train_9421	train	73
train_9422	train	159
train_9423	train	20
train_9424	train	14
train_9425	train	115
train_9426	train	87
train_9427	train	72
train_9428	train	138
train_9429	train	65
train_9430	train	81
train_9431	train	13
train_9432	train	128
train_9433	train	165
train_9434	train	28
train_9435	train	155
train_9436	train	197
train_9437	train	34
train_9438	train	6
train_9439	train	101
train_9440	train	135
train_9441	train	118
train_9442	train	180
train_9443	train	49
train_9444	train	202
train_9445	train	47
train_9446	train	103
train_9447	train	74
train_9448	train	78
train_9449	train	96
train_9450	train	146
train_9451	train	34
train_9452	train	76
train_9453	train	92
train_9454	train	98
train_9455	train	65
train_9456	train	3
train_9457	train	69
train_9458	train	150
train_9459	train	100
train_9460	train	192
train_9461	train	3
train_9462	train	18
train_9463	train	118
train_9464	train	13
train_9465	train	114
train_9466	train	165
train_9467	train	188
train_9468	train	111
train_9469	train	111
train_9470	train	57
train_9471	train	59
train_9472	train	138
train_9473	train	73
train_9474	train	100
train_9475	train	159
train_9476	train	202
train_9477	train	108
train_9478	train	118
train_9479	train	74
train_9480	train	195
train_9481	train	35
train_9482	train	73
train_9483	train	115
train_9484	train	171
train_9485	train	124
train_9486	train	204
train_9487	train	20
train_9488	train	27
train_9489	train	13
train_9490	train	138
train_9491	train	170
train_9492	train	155
train_9493	train	111
train_9494	train	79
train_9495	train	26
train_9496	train	143
train_9497	train	45
train_9498	train	189
train_9499	train	7
train_9500	train	80
train_9501	train	126
train_9502	train	169
train_9503	train	170
train_9504	train	10
train_9505	train	87
devel_0001	devel	163
devel_0002	devel	131
devel_0003	devel	31
devel_0004	devel	73
devel_0005	devel	116
devel_0006	devel	134
devel_0007	devel	198
devel_0008	devel	26
devel_0009	devel	56
devel_0010	devel	9
devel_0011	devel	53
devel_0012	devel	46
devel_0013	devel	86
devel_0014	devel	140
devel_0015	devel	89
devel_0016	devel	93
devel_0017	devel	30
devel_0018	devel	78
devel_0019	devel	78
devel_0020	devel	91
devel_0021	devel	4
devel_0022	devel	43
devel_0023	devel	161
devel_0024	devel	94
devel_0025	devel	199
devel_0026	devel	91
devel_0027	devel	154
devel_0028	devel	15
devel_0029	devel	203
devel_0030	devel	86
devel_0031	devel	23
devel_0032	devel	83
devel_0033	devel	199
devel_0034	devel	149
devel_0035	devel	36
devel_0036	devel	183
devel_0037	devel	94
devel_0038	devel	94
devel_0039	devel	27
devel_0040	devel	70
devel_0041	devel	3
devel_0042	devel	93
devel_0043	devel	113
devel_0044	devel	132
devel_0045	devel	174
devel_0046	devel	140
devel_0047	devel	39
devel_0048	devel	58
devel_0049	devel	94
devel_0050	devel	55
devel_0051	devel	29
devel_0052	devel	31
devel_0053	devel	206
devel_0054	devel	99
devel_0055	devel	203
devel_0056	devel	44
devel_0057	devel	125
devel_0058	devel	162
devel_0059	devel	148
devel_0060	devel	168
devel_0061	devel	50
devel_0062	devel	94
devel_0063	devel	27
devel_0064	devel	125
devel_0065	devel	175
devel_0066	devel	149
devel_0067	devel	16
devel_0068	devel	192
devel_0069	devel	105
devel_0070	devel	148
devel_0071	devel	52
devel_0072	devel	83
devel_0073	devel	3
devel_0074	devel	89
devel_0075	devel	18
devel_0076	devel	81
devel_0077	devel	52
devel_0078	devel	15
devel_0079	devel	100
devel_0080	devel	98
devel_0081	devel	5
devel_0082	devel	48
devel_0083	devel	41
devel_0084	devel	120
devel_0085	devel	30
devel_0086	devel	168
devel_0087	devel	156
devel_0088	devel	32
devel_0089	devel	64
devel_0090	devel	30
devel_0091	devel	52
devel_0092	devel	44
devel_0093	devel	148
devel_0094	devel	173
devel_0095	devel	183
devel_0096	devel	36
devel_0097	devel	86
devel_0098	devel	144
devel_0099	devel	113
devel_0100	devel	30
devel_0101	devel	27
devel_0102	devel	26
devel_0103	devel	83
devel_0104	devel	41
devel_0105	devel	203
devel_0106	devel	161
devel_0107	devel	122
devel_0108	devel	140
devel_0109	devel	116
devel_0110	devel	55
devel_0111	devel	94
devel_0112	devel	44
devel_0113	devel	105
devel_0114	devel	161
devel_0115	devel	162
devel_0116	devel	201
devel_0117	devel	90
devel_0118	devel	193
devel_0119	devel	94
devel_0120	devel	48
devel_0121	devel	97
devel_0122	devel	112
devel_0123	devel	131
devel_0124	devel	70
devel_0125	devel	0
devel_0126	devel	148
devel_0127	devel	206
devel_0128	devel	71
devel_0129	devel	60
devel_0130	devel	32
devel_0131	devel	68
devel_0132	devel	60
devel_0133	devel	91
devel_0134	devel	51
devel_0135	devel	39
devel_0136	devel	86
devel_0137	devel	42
devel_0138	devel	27
devel_0139	devel	208
devel_0140	devel	32
devel_0141	devel	64
devel_0142	devel	182
devel_0143	devel	9
devel_0144	devel	65
devel_0145	devel	39
devel_0146	devel	9
devel_0147	devel	149
devel_0148	devel	17
devel_0149	devel	113
devel_0150	devel	88
devel_0151	devel	67
devel_0152	devel	41
devel_0153	devel	113
devel_0154	devel	39
devel_0155	devel	203
devel_0156	devel	91
devel_0157	devel	190
devel_0158	devel	14
devel_0159	devel	202
devel_0160	devel	68
devel_0161	devel	18
devel_0162	devel	56
devel_0163	devel	153
devel_0164	devel	154
devel_0165	devel	58
devel_0166	devel	44
devel_0167	devel	168
devel_0168	devel	38
devel_0169	devel	140
devel_0170	devel	91
devel_0171	devel	44
devel_0172	devel	117
devel_0173	devel	99
devel_0174	devel	89
devel_0175	devel	56
devel_0176	devel	3
devel_0177	devel	199
devel_0178	devel	29
devel_0179	devel	43
devel_0180	devel	199
devel_0181	devel	23
devel_0182	devel	52
devel_0183	devel	174
devel_0184	devel	86
devel_0185	devel	3
devel_0186	devel	64
devel_0187	devel	4
devel_0188	devel	51
devel_0189	devel	17
devel_0190	devel	41
devel_0191	devel	99
devel_0192	devel	54
devel_0193	devel	18
devel_0194	devel	5
devel_0195	devel	81
devel_0196	devel	67
devel_0197	devel	181
devel_0198	devel	56
devel_0199	devel	154
devel_0200	devel	94
devel_0201	devel	192
devel_0202	devel	18
devel_0203	devel	56
devel_0204	devel	68
devel_0205	devel	31
devel_0206	devel	43
devel_0207	devel	67
devel_0208	devel	91
devel_0209	devel	30
devel_0210	devel	166
devel_0211	devel	18
devel_0212	devel	7
devel_0213	devel	21
devel_0214	devel	159
devel_0215	devel	132
devel_0216	devel	183
devel_0217	devel	120
devel_0218	devel	68
devel_0219	devel	197
devel_0220	devel	9
devel_0221	devel	201
devel_0222	devel	50
devel_0223	devel	17
devel_0224	devel	113
devel_0225	devel	191
devel_0226	devel	161
devel_0227	devel	208
devel_0228	devel	75
devel_0229	devel	174
devel_0230	devel	88
devel_0231	devel	58
devel_0232	devel	23
devel_0233	devel	144
devel_0234	devel	162
devel_0235	devel	26
devel_0236	devel	23
devel_0237	devel	31
devel_0238	devel	43
devel_0239	devel	184
devel_0240	devel	60
devel_0241	devel	53
devel_0242	devel	208
devel_0243	devel	198
devel_0244	devel	174
devel_0245	devel	68
devel_0246	devel	41
devel_0247	devel	78
devel_0248	devel	83
devel_0249	devel	29
devel_0250	devel	198
devel_0251	devel	18
devel_0252	devel	70
devel_0253	devel	43
devel_0254	devel	152
devel_0255	devel	27
devel_0256	devel	1
devel_0257	devel	203
devel_0258	devel	75
devel_0259	devel	203
devel_0260	devel	168
devel_0261	devel	175
devel_0262	devel	134
devel_0263	devel	27
devel_0264	devel	39
devel_0265	devel	182
devel_0266	devel	54
devel_0267	devel	73
devel_0268	devel	148
devel_0269	devel	117
devel_0270	devel	137
devel_0271	devel	162
devel_0272	devel	95
devel_0273	devel	75
devel_0274	devel	191
devel_0275	devel	91
devel_0276	devel	46
devel_0277	devel	75
devel_0278	devel	41
devel_0279	devel	203
devel_0280	devel	17
devel_0281	devel	93
devel_0282	devel	148
devel_0283	devel	208
devel_0284	devel	88
devel_0285	devel	21
devel_0286	devel	17
devel_0287	devel	27
devel_0288	devel	91
devel_0289	devel	207
devel_0290	devel	32
devel_0291	devel	77
devel_0292	devel	31
devel_0293	devel	94
devel_0294	devel	122
devel_0295	devel	15
devel_0296	devel	41
devel_0297	devel	93
devel_0298	devel	202
devel_0299	devel	201
devel_0300	devel	162
devel_0301	devel	163
devel_0302	devel	146
devel_0303	devel	161
devel_0304	devel	44
devel_0305	devel	44
devel_0306	devel	19
devel_0307	devel	60
devel_0308	devel	198
devel_0309	devel	122
devel_0310	devel	203
devel_0311	devel	56
devel_0312	devel	43
devel_0313	devel	152
devel_0314	devel	27
devel_0315	devel	89
devel_0316	devel	42
devel_0317	devel	63
devel_0318	devel	23
devel_0319	devel	122
devel_0320	devel	18
devel_0321	devel	199
devel_0322	devel	58
devel_0323	devel	172
devel_0324	devel	44
devel_0325	devel	5
devel_0326	devel	141
devel_0327	devel	149
devel_0328	devel	97
devel_0329	devel	27
devel_0330	devel	107
devel_0331	devel	174
devel_0332	devel	94
devel_0333	devel	9
devel_0334	devel	58
devel_0335	devel	64
devel_0336	devel	30
devel_0337	devel	122
devel_0338	devel	56
devel_0339	devel	161
devel_0340	devel	27
devel_0341	devel	120
devel_0342	devel	29
devel_0343	devel	18
devel_0344	devel	30
devel_0345	devel	63
devel_0346	devel	41
devel_0347	devel	116
devel_0348	devel	54
devel_0349	devel	172
devel_0350	devel	105
devel_0351	devel	185
devel_0352	devel	192
devel_0353	devel	150
devel_0354	devel	38
devel_0355	devel	90
devel_0356	devel	4
devel_0357	devel	48
devel_0358	devel	163
devel_0359	devel	58
devel_0360	devel	39
devel_0361	devel	193
devel_0362	devel	24
devel_0363	devel	18
devel_0364	devel	52
devel_0365	devel	127
devel_0366	devel	119
devel_0367	devel	203
devel_0368	devel	107
devel_0369	devel	99
devel_0370	devel	28
devel_0371	devel	50
devel_0372	devel	53
devel_0373	devel	187
devel_0374	devel	98
devel_0375	devel	149
devel_0376	devel	88
devel_0377	devel	1
devel_0378	devel	64
devel_0379	devel	18
devel_0380	devel	105
devel_0381	devel	18
devel_0382	devel	86
devel_0383	devel	132
devel_0384	devel	1
devel_0385	devel	140
devel_0386	devel	153
devel_0387	devel	134
devel_0388	devel	43
devel_0389	devel	43
devel_0390	devel	166
devel_0391	devel	1
devel_0392	devel	100
devel_0393	devel	201
devel_0394	devel	91
devel_0395	devel	27
devel_0396	devel	93
devel_0397	devel	1
devel_0398	devel	26
devel_0399	devel	107
devel_0400	devel	18
devel_0401	devel	23
devel_0402	devel	39
devel_0403	devel	202
devel_0404	devel	94
devel_0405	devel	205
devel_0406	devel	18
devel_0407	devel	29
devel_0408	devel	129
devel_0409	devel	77
devel_0410	devel	7
devel_0411	devel	30
devel_0412	devel	15
devel_0413	devel	113
devel_0414	devel	145
devel_0415	devel	58
devel_0416	devel	203
devel_0417	devel	24
devel_0418	devel	30
devel_0419	devel	91
devel_0420	devel	145
devel_0421	devel	89
devel_0422	devel	58
devel_0423	devel	137
devel_0424	devel	203
devel_0425	devel	44
devel_0426	devel	50
devel_0427	devel	122
devel_0428	devel	24
devel_0429	devel	76
devel_0430	devel	107
devel_0431	devel	122
devel_0432	devel	55
devel_0433	devel	74
devel_0434	devel	53
devel_0435	devel	82
devel_0436	devel	141
devel_0437	devel	53
devel_0438	devel	41
devel_0439	devel	71
devel_0440	devel	48
devel_0441	devel	28
devel_0442	devel	203
devel_0443	devel	154
devel_0444	devel	15
devel_0445	devel	145
devel_0446	devel	52
devel_0447	devel	64
devel_0448	devel	202
devel_0449	devel	76
devel_0450	devel	119
devel_0451	devel	38
devel_0452	devel	1
devel_0453	devel	94
devel_0454	devel	113
devel_0455	devel	36
devel_0456	devel	85
devel_0457	devel	105
devel_0458	devel	97
devel_0459	devel	113
devel_0460	devel	105
devel_0461	devel	199
devel_0462	devel	187
devel_0463	devel	83
devel_0464	devel	109
devel_0465	devel	29
devel_0466	devel	50
devel_0467	devel	203
devel_0468	devel	207
devel_0469	devel	75
devel_0470	devel	187
devel_0471	devel	174
devel_0472	devel	26
devel_0473	devel	30
devel_0474	devel	203
devel_0475	devel	134
devel_0476	devel	53
devel_0477	devel	206
devel_0478	devel	174
devel_0479	devel	109
devel_0480	devel	51
devel_0481	devel	100
devel_0482	devel	184
devel_0483	devel	198
devel_0484	devel	27
devel_0485	devel	127
devel_0486	devel	97
devel_0487	devel	97
devel_0488	devel	85
devel_0489	devel	163
devel_0490	devel	197
devel_0491	devel	41
devel_0492	devel	117
devel_0493	devel	161
devel_0494	devel	48
devel_0495	devel	41
devel_0496	devel	1
devel_0497	devel	198
devel_0498	devel	31
devel_0499	devel	154
devel_0500	devel	152
devel_0501	devel	27
devel_0502	devel	41
devel_0503	devel	38
devel_0504	devel	125
devel_0505	devel	23
devel_0506	devel	194
devel_0507	devel	41
devel_0508	devel	156
devel_0509	devel	184
devel_0510	devel	23
devel_0511	devel	44
devel_0512	devel	60
devel_0513	devel	181
devel_0514	devel	27
devel_0515	devel	43
devel_0516	devel	187
devel_0517	devel	203
devel_0518	devel	31
devel_0519	devel	205
devel_0520	devel	9
devel_0521	devel	19
devel_0522	devel	201
devel_0523	devel	127
devel_0524	devel	131
devel_0525	devel	93
devel_0526	devel	181
devel_0527	devel	19
devel_0528	devel	39
devel_0529	devel	36
devel_0530	devel	94
devel_0531	devel	15
devel_0532	devel	96
devel_0533	devel	134
devel_0534	devel	162
devel_0535	devel	0
devel_0536	devel	146
devel_0537	devel	202
devel_0538	devel	173
devel_0539	devel	54
devel_0540	devel	185
devel_0541	devel	95
devel_0542	devel	184
devel_0543	devel	18
devel_0544	devel	64
devel_0545	devel	36
devel_0546	devel	140
devel_0547	devel	149
devel_0548	devel	122
devel_0549	devel	77
devel_0550	devel	202
devel_0551	devel	105
devel_0552	devel	174
devel_0553	devel	107
devel_0554	devel	148
devel_0555	devel	53
devel_0556	devel	60
devel_0557	devel	207
devel_0558	devel	120
devel_0559	devel	31
devel_0560	devel	207
devel_0561	devel	60
devel_0562	devel	141
devel_0563	devel	154
devel_0564	devel	68
devel_0565	devel	131
devel_0566	devel	205
devel_0567	devel	207
devel_0568	devel	52
devel_0569	devel	86
devel_0570	devel	78
devel_0571	devel	191
devel_0572	devel	90
devel_0573	devel	184
devel_0574	devel	141
devel_0575	devel	97
devel_0576	devel	58
devel_0577	devel	27
devel_0578	devel	36
devel_0579	devel	87
devel_0580	devel	137
devel_0581	devel	185
devel_0582	devel	71
devel_0583	devel	52
devel_0584	devel	53
devel_0585	devel	73
devel_0586	devel	16
devel_0587	devel	185
devel_0588	devel	56
devel_0589	devel	94
devel_0590	devel	60
devel_0591	devel	17
devel_0592	devel	183
devel_0593	devel	181
devel_0594	devel	140
devel_0595	devel	90
devel_0596	devel	202
devel_0597	devel	58
devel_0598	devel	41
devel_0599	devel	27
devel_0600	devel	4
devel_0601	devel	95
devel_0602	devel	76
devel_0603	devel	21
devel_0604	devel	113
devel_0605	devel	173
devel_0606	devel	208
devel_0607	devel	68
devel_0608	devel	77
devel_0609	devel	32
devel_0610	devel	68
devel_0611	devel	153
devel_0612	devel	86
devel_0613	devel	50
devel_0614	devel	87
devel_0615	devel	156
devel_0616	devel	202
devel_0617	devel	100
devel_0618	devel	44
devel_0619	devel	31
devel_0620	devel	94
devel_0621	devel	30
devel_0622	devel	9
devel_0623	devel	94
devel_0624	devel	140
devel_0625	devel	63
devel_0626	devel	38
devel_0627	devel	173
devel_0628	devel	27
devel_0629	devel	26
devel_0630	devel	125
devel_0631	devel	119
devel_0632	devel	127
devel_0633	devel	108
devel_0634	devel	182
devel_0635	devel	68
devel_0636	devel	166
devel_0637	devel	140
devel_0638	devel	9
devel_0639	devel	207
devel_0640	devel	32
devel_0641	devel	105
devel_0642	devel	51
devel_0643	devel	5
devel_0644	devel	36
devel_0645	devel	36
devel_0646	devel	183
devel_0647	devel	99
devel_0648	devel	31
devel_0649	devel	208
devel_0650	devel	122
devel_0651	devel	0
devel_0652	devel	94
devel_0653	devel	21
devel_0654	devel	154
devel_0655	devel	17
devel_0656	devel	146
devel_0657	devel	53
devel_0658	devel	38
devel_0659	devel	30
devel_0660	devel	85
devel_0661	devel	141
devel_0662	devel	109
devel_0663	devel	52
devel_0664	devel	132
devel_0665	devel	43
devel_0666	devel	95
devel_0667	devel	39
devel_0668	devel	52
devel_0669	devel	184
devel_0670	devel	30
devel_0671	devel	85
devel_0672	devel	174
devel_0673	devel	76
devel_0674	devel	0
devel_0675	devel	5
devel_0676	devel	120
devel_0677	devel	117
devel_0678	devel	77
devel_0679	devel	5
devel_0680	devel	83
devel_0681	devel	208
devel_0682	devel	15
devel_0683	devel	19
devel_0684	devel	134
devel_0685	devel	60
devel_0686	devel	153
devel_0687	devel	44
devel_0688	devel	60
devel_0689	devel	31
devel_0690	devel	94
devel_0691	devel	15
devel_0692	devel	125
devel_0693	devel	75
devel_0694	devel	83
devel_0695	devel	48
devel_0696	devel	202
devel_0697	devel	48
devel_0698	devel	134
devel_0699	devel	94
devel_0700	devel	41
devel_0701	devel	64
devel_0702	devel	1
devel_0703	devel	105
devel_0704	devel	27
devel_0705	devel	149
devel_0706	devel	60
devel_0707	devel	18
devel_0708	devel	3
devel_0709	devel	91
devel_0710	devel	5
devel_0711	devel	166
devel_0712	devel	156
devel_0713	devel	208
devel_0714	devel	141
devel_0715	devel	5
devel_0716	devel	83
devel_0717	devel	94
devel_0718	devel	60
devel_0719	devel	24
devel_0720	devel	63
devel_0721	devel	125
devel_0722	devel	190
devel_0723	devel	202
devel_0724	devel	122
devel_0725	devel	156
devel_0726	devel	93
devel_0727	devel	78
devel_0728	devel	94
devel_0729	devel	192
devel_0730	devel	68
devel_0731	devel	0
devel_0732	devel	52
devel_0733	devel	197
devel_0734	devel	51
devel_0735	devel	30
devel_0736	devel	112
devel_0737	devel	82
devel_0738	devel	192
devel_0739	devel	120
devel_0740	devel	172
devel_0741	devel	15
devel_0742	devel	14
devel_0743	devel	82
devel_0744	devel	27
devel_0745	devel	1
devel_0746	devel	190
devel_0747	devel	100
devel_0748	devel	41
devel_0749	devel	201
devel_0750	devel	85
devel_0751	devel	132
devel_0752	devel	152
devel_0753	devel	176
devel_0754	devel	52
devel_0755	devel	9
devel_0756	devel	187
devel_0757	devel	1
devel_0758	devel	83
devel_0759	devel	83
devel_0760	devel	134
devel_0761	devel	91
devel_0762	devel	208
devel_0763	devel	46
devel_0764	devel	60
devel_0765	devel	83
devel_0766	devel	53
devel_0767	devel	83
devel_0768	devel	9
devel_0769	devel	148
devel_0770	devel	152
devel_0771	devel	96
devel_0772	devel	46
devel_0773	devel	46
devel_0774	devel	91
devel_0775	devel	94
devel_0776	devel	24
devel_0777	devel	43
devel_0778	devel	203
devel_0779	devel	178
devel_0780	devel	68
devel_0781	devel	19
devel_0782	devel	129
devel_0783	devel	100
devel_0784	devel	29
devel_0785	devel	117
devel_0786	devel	63
devel_0787	devel	64
devel_0788	devel	191
devel_0789	devel	163
devel_0790	devel	78
devel_0791	devel	21
devel_0792	devel	30
devel_0793	devel	98
devel_0794	devel	29
devel_0795	devel	50
devel_0796	devel	148
devel_0797	devel	161
devel_0798	devel	205
devel_0799	devel	116
devel_0800	devel	43
devel_0801	devel	41
devel_0802	devel	36
devel_0803	devel	94
devel_0804	devel	88
devel_0805	devel	50
devel_0806	devel	3
devel_0807	devel	71
devel_0808	devel	198
devel_0809	devel	131
devel_0810	devel	24
devel_0811	devel	39
devel_0812	devel	203
devel_0813	devel	148
devel_0814	devel	94
devel_0815	devel	94
devel_0816	devel	203
devel_0817	devel	43
devel_0818	devel	191
devel_0819	devel	15
devel_0820	devel	172
devel_0821	devel	174
devel_0822	devel	28
devel_0823	devel	1
devel_0824	devel	14
devel_0825	devel	161
devel_0826	devel	99
devel_0827	devel	89
devel_0828	devel	95
devel_0829	devel	105
devel_0830	devel	41
devel_0831	devel	91
devel_0832	devel	201
devel_0833	devel	60
devel_0834	devel	117
devel_0835	devel	68
devel_0836	devel	185
devel_0837	devel	23
devel_0838	devel	206
devel_0839	devel	172
devel_0840	devel	56
devel_0841	devel	140
devel_0842	devel	19
devel_0843	devel	203
devel_0844	devel	23
devel_0845	devel	21
devel_0846	devel	1
devel_0847	devel	94
devel_0848	devel	90
devel_0849	devel	22
devel_0850	devel	127
devel_0851	devel	86
devel_0852	devel	105
devel_0853	devel	181
devel_0854	devel	36
devel_0855	devel	15
devel_0856	devel	100
devel_0857	devel	22
devel_0858	devel	140
devel_0859	devel	203
devel_0860	devel	64
devel_0861	devel	18
devel_0862	devel	191
devel_0863	devel	122
devel_0864	devel	85
devel_0865	devel	53
devel_0866	devel	46
devel_0867	devel	193
devel_0868	devel	75
devel_0869	devel	94
devel_0870	devel	15
devel_0871	devel	83
devel_0872	devel	202
devel_0873	devel	60
devel_0874	devel	32
devel_0875	devel	19
devel_0876	devel	26
devel_0877	devel	99
devel_0878	devel	152
devel_0879	devel	113
devel_0880	devel	192
devel_0881	devel	43
devel_0882	devel	48
devel_0883	devel	140
devel_0884	devel	117
devel_0885	devel	30
devel_0886	devel	81
devel_0887	devel	85
devel_0888	devel	183
devel_0889	devel	88
devel_0890	devel	185
devel_0891	devel	176
devel_0892	devel	117
devel_0893	devel	3
devel_0894	devel	113
devel_0895	devel	140
devel_0896	devel	9
devel_0897	devel	185
devel_0898	devel	109
devel_0899	devel	94
devel_0900	devel	26
devel_0901	devel	176
devel_0902	devel	97
devel_0903	devel	63
devel_0904	devel	3
devel_0905	devel	201
devel_0906	devel	149
devel_0907	devel	63
devel_0908	devel	16
devel_0909	devel	0
devel_0910	devel	113
devel_0911	devel	64
devel_0912	devel	21
devel_0913	devel	53
devel_0914	devel	81
devel_0915	devel	166
devel_0916	devel	112
devel_0917	devel	39
devel_0918	devel	0
devel_0919	devel	29
devel_0920	devel	51
devel_0921	devel	64
devel_0922	devel	48
devel_0923	devel	48
devel_0924	devel	113
devel_0925	devel	174
devel_0926	devel	152
devel_0927	devel	105
devel_0928	devel	119
devel_0929	devel	137
devel_0930	devel	149
devel_0931	devel	190
devel_0932	devel	81
devel_0933	devel	27
devel_0934	devel	63
devel_0935	devel	141
devel_0936	devel	68
devel_0937	devel	48
devel_0938	devel	41
devel_0939	devel	183
devel_0940	devel	119
devel_0941	devel	39
devel_0942	devel	93
devel_0943	devel	144
devel_0944	devel	131
devel_0945	devel	30
devel_0946	devel	198
devel_0947	devel	93
devel_0948	devel	94
devel_0949	devel	161
devel_0950	devel	64
devel_0951	devel	23
devel_0952	devel	75
devel_0953	devel	31
devel_0954	devel	18
devel_0955	devel	194
devel_0956	devel	122
devel_0957	devel	206
devel_0958	devel	4
devel_0959	devel	156
devel_0960	devel	23
devel_0961	devel	60
devel_0962	devel	109
devel_0963	devel	94
devel_0964	devel	81
devel_0965	devel	95
devel_0966	devel	70
devel_0967	devel	120
devel_0968	devel	52
devel_0969	devel	50
devel_0970	devel	94
devel_0971	devel	105
devel_0972	devel	32
devel_0973	devel	122
devel_0974	devel	117
devel_0975	devel	203
devel_0976	devel	4
devel_0977	devel	148
devel_0978	devel	203
devel_0979	devel	96
devel_0980	devel	64
devel_0981	devel	54
devel_0982	devel	207
devel_0983	devel	32
devel_0984	devel	41
devel_0985	devel	30
devel_0986	devel	43
devel_0987	devel	95
devel_0988	devel	192
devel_0989	devel	30
devel_0990	devel	48
devel_0991	devel	52
devel_0992	devel	203
devel_0993	devel	116
devel_0994	devel	73
devel_0995	devel	181
devel_0996	devel	63
devel_0997	devel	74
devel_0998	devel	172
devel_0999	devel	63
devel_1000	devel	89
devel_1001	devel	100
devel_1002	devel	85
devel_1003	devel	140
devel_1004	devel	198
devel_1005	devel	153
devel_1006	devel	154
devel_1007	devel	77
devel_1008	devel	30
devel_1009	devel	44
devel_1010	devel	16
devel_1011	devel	55
devel_1012	devel	174
devel_1013	devel	185
devel_1014	devel	116
devel_1015	devel	76
devel_1016	devel	48
devel_1017	devel	94
devel_1018	devel	97
devel_1019	devel	202
devel_1020	devel	127
devel_1021	devel	183
devel_1022	devel	134
devel_1023	devel	30
devel_1024	devel	55
devel_1025	devel	12
devel_1026	devel	36
devel_1027	devel	91
devel_1028	devel	19
devel_1029	devel	192
devel_1030	devel	116
devel_1031	devel	148
devel_1032	devel	141
devel_1033	devel	183
devel_1034	devel	122
devel_1035	devel	38
devel_1036	devel	53
devel_1037	devel	52
devel_1038	devel	208
devel_1039	devel	154
devel_1040	devel	173
devel_1041	devel	82
devel_1042	devel	46
devel_1043	devel	51
devel_1044	devel	173
devel_1045	devel	88
devel_1046	devel	36
devel_1047	devel	26
devel_1048	devel	19
devel_1049	devel	168
devel_1050	devel	131
devel_1051	devel	161
devel_1052	devel	161
devel_1053	devel	15
devel_1054	devel	166
devel_1055	devel	120
devel_1056	devel	174
devel_1057	devel	201
devel_1058	devel	116
devel_1059	devel	27
devel_1060	devel	83
devel_1061	devel	75
devel_1062	devel	78
devel_1063	devel	94
devel_1064	devel	67
devel_1065	devel	18
devel_1066	devel	113
devel_1067	devel	23
devel_1068	devel	31
devel_1069	devel	119
devel_1070	devel	58
devel_1071	devel	51
devel_1072	devel	24
devel_1073	devel	154
devel_1074	devel	36
devel_1075	devel	9
devel_1076	devel	178
devel_1077	devel	152
devel_1078	devel	117
devel_1079	devel	98
devel_1080	devel	203
devel_1081	devel	56
devel_1082	devel	94
devel_1083	devel	107
devel_1084	devel	149
devel_1085	devel	4
devel_1086	devel	144
devel_1087	devel	168
devel_1088	devel	109
devel_1089	devel	141
devel_1090	devel	181
devel_1091	devel	44
devel_1092	devel	18
devel_1093	devel	88
devel_1094	devel	58
devel_1095	devel	44
devel_1096	devel	39
devel_1097	devel	144
devel_1098	devel	41
devel_1099	devel	60
devel_1100	devel	148
devel_1101	devel	58
devel_1102	devel	48
devel_1103	devel	44
devel_1104	devel	63
devel_1105	devel	39
devel_1106	devel	198
devel_1107	devel	94
devel_1108	devel	105
devel_1109	devel	36
devel_1110	devel	166
devel_1111	devel	175
devel_1112	devel	191
devel_1113	devel	21
devel_1114	devel	118
devel_1115	devel	22
devel_1116	devel	30
devel_1117	devel	41
devel_1118	devel	36
devel_1119	devel	181
devel_1120	devel	194
devel_1121	devel	100
devel_1122	devel	30
devel_1123	devel	27
devel_1124	devel	105
devel_1125	devel	176
devel_1126	devel	201
devel_1127	devel	32
devel_1128	devel	178
devel_1129	devel	1
devel_1130	devel	17
devel_1131	devel	77
devel_1132	devel	22
devel_1133	devel	67
devel_1134	devel	183
devel_1135	devel	94
devel_1136	devel	29
devel_1137	devel	48
devel_1138	devel	94
devel_1139	devel	161
devel_1140	devel	86
devel_1141	devel	105
devel_1142	devel	132
devel_1143	devel	203
devel_1144	devel	152
devel_1145	devel	141
devel_1146	devel	95
devel_1147	devel	122
devel_1148	devel	0
devel_1149	devel	64
devel_1150	devel	144
devel_1151	devel	137
devel_1152	devel	27
devel_1153	devel	201
devel_1154	devel	190
devel_1155	devel	86
devel_1156	devel	19
devel_1157	devel	0
devel_1158	devel	36
devel_1159	devel	162
devel_1160	devel	174
devel_1161	devel	117
devel_1162	devel	81
devel_1163	devel	120
devel_1164	devel	33
devel_1165	devel	55
devel_1166	devel	27
devel_1167	devel	30
devel_1168	devel	94
devel_1169	devel	94
devel_1170	devel	183
devel_1171	devel	63
devel_1172	devel	93
devel_1173	devel	203
devel_1174	devel	30
devel_1175	devel	91
devel_1176	devel	68
devel_1177	devel	178
devel_1178	devel	176
devel_1179	devel	23
devel_1180	devel	4
devel_1181	devel	113
devel_1182	devel	39
devel_1183	devel	27
devel_1184	devel	38
devel_1185	devel	125
devel_1186	devel	44
devel_1187	devel	159
devel_1188	devel	98
devel_1189	devel	182
devel_1190	devel	97
devel_1191	devel	3
devel_1192	devel	207
devel_1193	devel	173
devel_1194	devel	89
devel_1195	devel	18
devel_1196	devel	30
devel_1197	devel	86
devel_1198	devel	202
devel_1199	devel	75
devel_1200	devel	119
devel_1201	devel	117
devel_1202	devel	86
devel_1203	devel	77
devel_1204	devel	98
devel_1205	devel	27
devel_1206	devel	105
devel_1207	devel	24
devel_1208	devel	44
devel_1209	devel	39
devel_1210	devel	105
devel_1211	devel	29
devel_1212	devel	0
devel_1213	devel	148
devel_1214	devel	15
devel_1215	devel	203
devel_1216	devel	32
devel_1217	devel	194
devel_1218	devel	89
devel_1219	devel	30
devel_1220	devel	199
devel_1221	devel	39
devel_1222	devel	36
devel_1223	devel	201
devel_1224	devel	94
devel_1225	devel	120
devel_1226	devel	30
devel_1227	devel	109
devel_1228	devel	67
devel_1229	devel	202
devel_1230	devel	199
devel_1231	devel	203
devel_1232	devel	54
devel_1233	devel	119
devel_1234	devel	9
devel_1235	devel	140
devel_1236	devel	105
devel_1237	devel	58
devel_1238	devel	77
devel_1239	devel	122
devel_1240	devel	31
devel_1241	devel	94
devel_1242	devel	43
devel_1243	devel	107
devel_1244	devel	63
devel_1245	devel	21
devel_1246	devel	154
devel_1247	devel	119
devel_1248	devel	16
devel_1249	devel	5
devel_1250	devel	41
devel_1251	devel	176
devel_1252	devel	1
devel_1253	devel	64
devel_1254	devel	50
devel_1255	devel	30
devel_1256	devel	15
devel_1257	devel	146
devel_1258	devel	99
devel_1259	devel	87
devel_1260	devel	90
devel_1261	devel	203
devel_1262	devel	185
devel_1263	devel	163
devel_1264	devel	94
devel_1265	devel	33
devel_1266	devel	95
devel_1267	devel	32
devel_1268	devel	0
devel_1269	devel	4
devel_1270	devel	9
devel_1271	devel	71
devel_1272	devel	3
devel_1273	devel	105
devel_1274	devel	119
devel_1275	devel	53
devel_1276	devel	0
devel_1277	devel	162
devel_1278	devel	27
devel_1279	devel	82
devel_1280	devel	41
devel_1281	devel	53
devel_1282	devel	94
devel_1283	devel	48
devel_1284	devel	99
devel_1285	devel	117
devel_1286	devel	44
devel_1287	devel	64
devel_1288	devel	187
devel_1289	devel	94
devel_1290	devel	152
devel_1291	devel	63
devel_1292	devel	202
devel_1293	devel	83
devel_1294	devel	78
devel_1295	devel	165
devel_1296	devel	46
devel_1297	devel	131
devel_1298	devel	127
devel_1299	devel	163
devel_1300	devel	187
devel_1301	devel	43
devel_1302	devel	15
devel_1303	devel	119
devel_1304	devel	203
devel_1305	devel	118
devel_1306	devel	198
devel_1307	devel	52
devel_1308	devel	5
devel_1309	devel	58
devel_1310	devel	100
devel_1311	devel	4
devel_1312	devel	105
devel_1313	devel	163
devel_1314	devel	36
devel_1315	devel	0
devel_1316	devel	78
devel_1317	devel	30
devel_1318	devel	43
devel_1319	devel	19
devel_1320	devel	93
devel_1321	devel	56
devel_1322	devel	203
devel_1323	devel	208
devel_1324	devel	85
devel_1325	devel	27
devel_1326	devel	74
devel_1327	devel	187
devel_1328	devel	16
devel_1329	devel	48
devel_1330	devel	166
devel_1331	devel	94
devel_1332	devel	131
devel_1333	devel	98
devel_1334	devel	127
devel_1335	devel	52
devel_1336	devel	148
devel_1337	devel	29
devel_1338	devel	99
devel_1339	devel	30
devel_1340	devel	148
devel_1341	devel	154
devel_1342	devel	91
devel_1343	devel	162
devel_1344	devel	199
devel_1345	devel	199
devel_1346	devel	51
devel_1347	devel	183
devel_1348	devel	198
devel_1349	devel	166
devel_1350	devel	87
devel_1351	devel	205
devel_1352	devel	16
devel_1353	devel	27
devel_1354	devel	60
devel_1355	devel	107
devel_1356	devel	58
devel_1357	devel	32
devel_1358	devel	117
devel_1359	devel	107
devel_1360	devel	162
devel_1361	devel	203
devel_1362	devel	163
devel_1363	devel	118
devel_1364	devel	48
devel_1365	devel	191
devel_1366	devel	27
devel_1367	devel	70
devel_1368	devel	38
devel_1369	devel	27
devel_1370	devel	70
devel_1371	devel	149
devel_1372	devel	76
devel_1373	devel	203
devel_1374	devel	203
devel_1375	devel	190
devel_1376	devel	31
devel_1377	devel	203
devel_1378	devel	29
devel_1379	devel	71
devel_1380	devel	31
devel_1381	devel	162
devel_1382	devel	183
devel_1383	devel	83
devel_1384	devel	201
devel_1385	devel	77
devel_1386	devel	184
devel_1387	devel	60
devel_1388	devel	15
devel_1389	devel	64
devel_1390	devel	19
devel_1391	devel	52
devel_1392	devel	182
devel_1393	devel	99
devel_1394	devel	192
devel_1395	devel	58
devel_1396	devel	74
devel_1397	devel	15
devel_1398	devel	23
devel_1399	devel	52
devel_1400	devel	16
devel_1401	devel	44
devel_1402	devel	82
devel_1403	devel	75
devel_1404	devel	107
devel_1405	devel	140
devel_1406	devel	0
devel_1407	devel	99
devel_1408	devel	203
devel_1409	devel	29
devel_1410	devel	36
devel_1411	devel	86
devel_1412	devel	39
devel_1413	devel	105
devel_1414	devel	156
devel_1415	devel	173
devel_1416	devel	46
devel_1417	devel	93
devel_1418	devel	22
devel_1419	devel	52
devel_1420	devel	145
devel_1421	devel	36
devel_1422	devel	198
devel_1423	devel	129
devel_1424	devel	86
devel_1425	devel	118
devel_1426	devel	203
devel_1427	devel	29
devel_1428	devel	82
devel_1429	devel	15
devel_1430	devel	68
devel_1431	devel	32
devel_1432	devel	207
devel_1433	devel	131
devel_1434	devel	29
devel_1435	devel	71
devel_1436	devel	193
devel_1437	devel	15
devel_1438	devel	122
devel_1439	devel	184
devel_1440	devel	53
devel_1441	devel	203
devel_1442	devel	174
devel_1443	devel	68
devel_1444	devel	32
devel_1445	devel	16
devel_1446	devel	48
devel_1447	devel	81
devel_1448	devel	30
devel_1449	devel	154
devel_1450	devel	109
devel_1451	devel	18
devel_1452	devel	30
devel_1453	devel	53
devel_1454	devel	43
devel_1455	devel	51
devel_1456	devel	41
devel_1457	devel	105
devel_1458	devel	43
devel_1459	devel	187
devel_1460	devel	107
devel_1461	devel	131
devel_1462	devel	44
devel_1463	devel	3
devel_1464	devel	32
devel_1465	devel	199
devel_1466	devel	15
devel_1467	devel	27
devel_1468	devel	77
devel_1469	devel	91
devel_1470	devel	94
devel_1471	devel	54
devel_1472	devel	75
devel_1473	devel	129
devel_1474	devel	185
devel_1475	devel	18
devel_1476	devel	73
devel_1477	devel	36
devel_1478	devel	203
devel_1479	devel	208
devel_1480	devel	181
devel_1481	devel	185
devel_1482	devel	27
devel_1483	devel	89
devel_1484	devel	52
devel_1485	devel	187
devel_1486	devel	32
devel_1487	devel	207
devel_1488	devel	60
devel_1489	devel	77
devel_1490	devel	44
devel_1491	devel	83
devel_1492	devel	23
devel_1493	devel	183
devel_1494	devel	154
devel_1495	devel	41
devel_1496	devel	56
devel_1497	devel	100
devel_1498	devel	172
devel_1499	devel	201
devel_1500	devel	31
devel_1501	devel	148
devel_1502	devel	105
devel_1503	devel	5
devel_1504	devel	39
devel_1505	devel	166
devel_1506	devel	36
devel_1507	devel	3
devel_1508	devel	140
devel_1509	devel	152
devel_1510	devel	95
devel_1511	devel	9
devel_1512	devel	174
devel_1513	devel	98
devel_1514	devel	29
devel_1515	devel	27
devel_1516	devel	9
devel_1517	devel	86
devel_1518	devel	190
devel_1519	devel	36
devel_1520	devel	64
devel_1521	devel	51
devel_1522	devel	93
devel_1523	devel	174
devel_1524	devel	125
devel_1525	devel	15
devel_1526	devel	120
devel_1527	devel	94
devel_1528	devel	44
devel_1529	devel	152
devel_1530	devel	18
devel_1531	devel	9
devel_1532	devel	4
devel_1533	devel	50
devel_1534	devel	141
devel_1535	devel	205
devel_1536	devel	70
devel_1537	devel	55
devel_1538	devel	82
devel_1539	devel	1
devel_1540	devel	113
devel_1541	devel	94
devel_1542	devel	78
devel_1543	devel	166
devel_1544	devel	117
devel_1545	devel	187
devel_1546	devel	140
devel_1547	devel	64
devel_1548	devel	15
devel_1549	devel	58
devel_1550	devel	187
devel_1551	devel	86
devel_1552	devel	191
devel_1553	devel	199
devel_1554	devel	117
devel_1555	devel	95
devel_1556	devel	64
devel_1557	devel	99
devel_1558	devel	56
devel_1559	devel	32
devel_1560	devel	54
devel_1561	devel	132
devel_1562	devel	36
devel_1563	devel	149
devel_1564	devel	54
devel_1565	devel	173
devel_1566	devel	19
devel_1567	devel	4
devel_1568	devel	155
devel_1569	devel	48
devel_1570	devel	3
devel_1571	devel	93
devel_1572	devel	15
devel_1573	devel	83
devel_1574	devel	100
devel_1575	devel	60
devel_1576	devel	30
devel_1577	devel	60
devel_1578	devel	113
devel_1579	devel	181
devel_1580	devel	67
devel_1581	devel	148
devel_1582	devel	140
devel_1583	devel	78
devel_1584	devel	181
devel_1585	devel	71
devel_1586	devel	29
devel_1587	devel	27
devel_1588	devel	206
devel_1589	devel	83
devel_1590	devel	18
devel_1591	devel	33
devel_1592	devel	183
devel_1593	devel	43
devel_1594	devel	176
devel_1595	devel	113
devel_1596	devel	207
devel_1597	devel	60
devel_1598	devel	30
devel_1599	devel	192
devel_1600	devel	162
devel_1601	devel	207
devel_1602	devel	181
devel_1603	devel	16
devel_1604	devel	60
devel_1605	devel	122
devel_1606	devel	109
devel_1607	devel	168
devel_1608	devel	109
devel_1609	devel	68
devel_1610	devel	32
devel_1611	devel	44
devel_1612	devel	55
devel_1613	devel	119
devel_1614	devel	41
devel_1615	devel	162
devel_1616	devel	154
devel_1617	devel	3
devel_1618	devel	18
devel_1619	devel	94
devel_1620	devel	132
devel_1621	devel	71
devel_1622	devel	154
devel_1623	devel	176
devel_1624	devel	166
devel_1625	devel	64
devel_1626	devel	201
devel_1627	devel	52
devel_1628	devel	113
devel_1629	devel	187
devel_1630	devel	38
devel_1631	devel	119
devel_1632	devel	32
devel_1633	devel	64
devel_1634	devel	0
devel_1635	devel	113
devel_1636	devel	94
devel_1637	devel	3
devel_1638	devel	119
devel_1639	devel	152
devel_1640	devel	199
devel_1641	devel	16
devel_1642	devel	203
devel_1643	devel	18
devel_1644	devel	15
devel_1645	devel	76
devel_1646	devel	122
devel_1647	devel	166
devel_1648	devel	1
devel_1649	devel	193
devel_1650	devel	181
devel_1651	devel	98
devel_1652	devel	119
devel_1653	devel	109
devel_1654	devel	162
devel_1655	devel	18
devel_1656	devel	95
devel_1657	devel	15
devel_1658	devel	153
devel_1659	devel	51
devel_1660	devel	30
devel_1661	devel	36
devel_1662	devel	99
devel_1663	devel	105
devel_1664	devel	0
devel_1665	devel	51
devel_1666	devel	137
devel_1667	devel	53
devel_1668	devel	19
devel_1669	devel	94
devel_1670	devel	68
devel_1671	devel	27
devel_1672	devel	117
devel_1673	devel	21
devel_1674	devel	78
devel_1675	devel	30
devel_1676	devel	99
devel_1677	devel	58
devel_1678	devel	21
devel_1679	devel	21
devel_1680	devel	3
devel_1681	devel	91
devel_1682	devel	137
devel_1683	devel	207
devel_1684	devel	64
devel_1685	devel	94
devel_1686	devel	50
devel_1687	devel	1
devel_1688	devel	31
devel_1689	devel	9
devel_1690	devel	174
devel_1691	devel	50
devel_1692	devel	31
devel_1693	devel	21
devel_1694	devel	94
devel_1695	devel	18
devel_1696	devel	203
devel_1697	devel	156
devel_1698	devel	208
devel_1699	devel	63
devel_1700	devel	68
devel_1701	devel	54
devel_1702	devel	110
devel_1703	devel	145
devel_1704	devel	144
devel_1705	devel	19
devel_1706	devel	182
devel_1707	devel	187
devel_1708	devel	105
devel_1709	devel	148
devel_1710	devel	75
devel_1711	devel	109
devel_1712	devel	26
devel_1713	devel	107
devel_1714	devel	141
devel_1715	devel	71
devel_1716	devel	161
devel_1717	devel	16
devel_1718	devel	36
devel_1719	devel	52
devel_1720	devel	68
devel_1721	devel	68
devel_1722	devel	93
devel_1723	devel	38
devel_1724	devel	15
devel_1725	devel	21
devel_1726	devel	31
devel_1727	devel	140
devel_1728	devel	99
devel_1729	devel	85
devel_1730	devel	18
devel_1731	devel	94
devel_1732	devel	84
devel_1733	devel	23
devel_1734	devel	43
devel_1735	devel	50
devel_1736	devel	82
devel_1737	devel	184
devel_1738	devel	89
devel_1739	devel	183
devel_1740	devel	83
devel_1741	devel	81
devel_1742	devel	174
devel_1743	devel	18
devel_1744	devel	48
devel_1745	devel	86
devel_1746	devel	41
devel_1747	devel	1
devel_1748	devel	156
devel_1749	devel	24
devel_1750	devel	99
devel_1751	devel	85
devel_1752	devel	38
devel_1753	devel	192
devel_1754	devel	23
devel_1755	devel	28
devel_1756	devel	134
devel_1757	devel	44
devel_1758	devel	76
devel_1759	devel	1
devel_1760	devel	85
devel_1761	devel	9
devel_1762	devel	194
devel_1763	devel	58
devel_1764	devel	23
devel_1765	devel	140
devel_1766	devel	81
devel_1767	devel	109
devel_1768	devel	149
devel_1769	devel	173
devel_1770	devel	85
devel_1771	devel	131
devel_1772	devel	127
devel_1773	devel	94
devel_1774	devel	90
devel_1775	devel	192
devel_1776	devel	141
devel_1777	devel	23
devel_1778	devel	5
devel_1779	devel	9
devel_1780	devel	192
devel_1781	devel	206
devel_1782	devel	162
devel_1783	devel	161
devel_1784	devel	84
devel_1785	devel	1
devel_1786	devel	48
devel_1787	devel	95
devel_1788	devel	39
devel_1789	devel	60
devel_1790	devel	187
devel_1791	devel	51
devel_1792	devel	27
devel_1793	devel	30
devel_1794	devel	190
devel_1795	devel	68
devel_1796	devel	178
devel_1797	devel	78
devel_1798	devel	58
devel_1799	devel	154
devel_1800	devel	51
devel_1801	devel	140
devel_1802	devel	32
devel_1803	devel	71
devel_1804	devel	134
devel_1805	devel	162
devel_1806	devel	1
devel_1807	devel	107
devel_1808	devel	150
devel_1809	devel	30
devel_1810	devel	64
devel_1811	devel	21
devel_1812	devel	190
devel_1813	devel	100
devel_1814	devel	203
devel_1815	devel	89
devel_1816	devel	19
devel_1817	devel	30
devel_1818	devel	39
devel_1819	devel	202
devel_1820	devel	93
devel_1821	devel	32
devel_1822	devel	18
devel_1823	devel	199
devel_1824	devel	82
devel_1825	devel	88
devel_1826	devel	94
devel_1827	devel	52
devel_1828	devel	54
devel_1829	devel	97
devel_1830	devel	91
devel_1831	devel	120
devel_1832	devel	134
devel_1833	devel	85
devel_1834	devel	44
devel_1835	devel	99
devel_1836	devel	153
devel_1837	devel	149
devel_1838	devel	81
devel_1839	devel	116
devel_1840	devel	43
devel_1841	devel	68
devel_1842	devel	23
devel_1843	devel	52
devel_1844	devel	100
devel_1845	devel	18
devel_1846	devel	19
devel_1847	devel	94
devel_1848	devel	141
devel_1849	devel	110
devel_1850	devel	182
devel_1851	devel	32
devel_1852	devel	99
devel_1853	devel	122
devel_1854	devel	1
devel_1855	devel	71
devel_1856	devel	129
devel_1857	devel	67
devel_1858	devel	153
devel_1859	devel	44
devel_1860	devel	75
devel_1861	devel	29
devel_1862	devel	156
devel_1863	devel	82
devel_1864	devel	120
devel_1865	devel	28
devel_1866	devel	127
devel_1867	devel	41
devel_1868	devel	38
devel_1869	devel	29
devel_1870	devel	187
devel_1871	devel	1
devel_1872	devel	119
devel_1873	devel	96
devel_1874	devel	201
devel_1875	devel	73
devel_1876	devel	64
devel_1877	devel	64
devel_1878	devel	98
devel_1879	devel	129
devel_1880	devel	18
devel_1881	devel	187
devel_1882	devel	141
devel_1883	devel	48
devel_1884	devel	81
devel_1885	devel	84
devel_1886	devel	131
devel_1887	devel	50
devel_1888	devel	78
devel_1889	devel	96
devel_1890	devel	76
devel_1891	devel	174
devel_1892	devel	32
devel_1893	devel	21
devel_1894	devel	84
devel_1895	devel	94
devel_1896	devel	90
devel_1897	devel	36
devel_1898	devel	168
devel_1899	devel	187
devel_1900	devel	91
devel_1901	devel	107
devel_1902	devel	202
devel_1903	devel	120
devel_1904	devel	23
devel_1905	devel	15
devel_1906	devel	21
devel_1907	devel	30
devel_1908	devel	98
devel_1909	devel	90
devel_1910	devel	1
devel_1911	devel	39
devel_1912	devel	206
devel_1913	devel	190
devel_1914	devel	107
devel_1915	devel	31
devel_1916	devel	26
devel_1917	devel	107
devel_1918	devel	191
devel_1919	devel	1
devel_1920	devel	91
devel_1921	devel	0
devel_1922	devel	180
devel_1923	devel	27
devel_1924	devel	153
devel_1925	devel	131
devel_1926	devel	16
devel_1927	devel	19
devel_1928	devel	16
devel_1929	devel	148
devel_1930	devel	83
devel_1931	devel	166
devel_1932	devel	53
devel_1933	devel	26
devel_1934	devel	141
devel_1935	devel	187
devel_1936	devel	152
devel_1937	devel	91
devel_1938	devel	17
devel_1939	devel	24
devel_1940	devel	176
devel_1941	devel	0
devel_1942	devel	19
devel_1943	devel	94
devel_1944	devel	137
devel_1945	devel	97
devel_1946	devel	187
devel_1947	devel	86
devel_1948	devel	15
devel_1949	devel	9
devel_1950	devel	105
devel_1951	devel	201
devel_1952	devel	203
devel_1953	devel	18
devel_1954	devel	71
devel_1955	devel	58
devel_1956	devel	153
devel_1957	devel	54
devel_1958	devel	36
devel_1959	devel	38
devel_1960	devel	120
devel_1961	devel	77
devel_1962	devel	178
devel_1963	devel	192
devel_1964	devel	199
devel_1965	devel	27
devel_1966	devel	127
devel_1967	devel	68
devel_1968	devel	99
devel_1969	devel	90
devel_1970	devel	207
devel_1971	devel	31
devel_1972	devel	77
devel_1973	devel	178
devel_1974	devel	105
devel_1975	devel	18
devel_1976	devel	180
devel_1977	devel	98
devel_1978	devel	98
devel_1979	devel	19
devel_1980	devel	43
devel_1981	devel	176
devel_1982	devel	166
devel_1983	devel	27
devel_1984	devel	23
devel_1985	devel	27
devel_1986	devel	67
devel_1987	devel	89
devel_1988	devel	185
devel_1989	devel	85
devel_1990	devel	94
devel_1991	devel	18
devel_1992	devel	18
devel_1993	devel	127
devel_1994	devel	24
devel_1995	devel	173
devel_1996	devel	78
devel_1997	devel	43
devel_1998	devel	41
devel_1999	devel	67
devel_2000	devel	127
devel_2001	devel	201
devel_2002	devel	183
devel_2003	devel	125
devel_2004	devel	203
devel_2005	devel	52
devel_2006	devel	50
devel_2007	devel	178
devel_2008	devel	64
devel_2009	devel	85
devel_2010	devel	31
devel_2011	devel	36
devel_2012	devel	78
devel_2013	devel	184
devel_2014	devel	95
devel_2015	devel	194
devel_2016	devel	41
devel_2017	devel	5
devel_2018	devel	15
devel_2019	devel	78
devel_2020	devel	199
devel_2021	devel	125
devel_2022	devel	24
devel_2023	devel	105
devel_2024	devel	21
devel_2025	devel	5
devel_2026	devel	39
devel_2027	devel	30
devel_2028	devel	172
devel_2029	devel	203
devel_2030	devel	140
devel_2031	devel	39
devel_2032	devel	86
devel_2033	devel	117
devel_2034	devel	125
devel_2035	devel	23
devel_2036	devel	63
devel_2037	devel	119
devel_2038	devel	36
devel_2039	devel	58
devel_2040	devel	30
devel_2041	devel	187
devel_2042	devel	52
devel_2043	devel	156
devel_2044	devel	154
devel_2045	devel	86
devel_2046	devel	182
devel_2047	devel	41
devel_2048	devel	64
devel_2049	devel	141
devel_2050	devel	68
devel_2051	devel	105
devel_2052	devel	77
devel_2053	devel	88
devel_2054	devel	0
devel_2055	devel	113
devel_2056	devel	201
devel_2057	devel	70
devel_2058	devel	149
devel_2059	devel	137
devel_2060	devel	71
devel_2061	devel	42
devel_2062	devel	51
devel_2063	devel	43
devel_2064	devel	44
devel_2065	devel	166
devel_2066	devel	198
devel_2067	devel	173
devel_2068	devel	17
devel_2069	devel	83
devel_2070	devel	185
devel_2071	devel	145
devel_2072	devel	107
devel_2073	devel	65
devel_2074	devel	172
devel_2075	devel	31
devel_2076	devel	39
devel_2077	devel	93
devel_2078	devel	32
devel_2079	devel	68
devel_2080	devel	109
devel_2081	devel	100
devel_2082	devel	207
devel_2083	devel	75
devel_2084	devel	68
devel_2085	devel	3
devel_2086	devel	113
devel_2087	devel	3
devel_2088	devel	64
devel_2089	devel	85
devel_2090	devel	99
devel_2091	devel	183
devel_2092	devel	176
devel_2093	devel	150
devel_2094	devel	30
devel_2095	devel	198
devel_2096	devel	144
devel_2097	devel	185
devel_2098	devel	39
devel_2099	devel	26
devel_2100	devel	41
devel_2101	devel	201
devel_2102	devel	156
devel_2103	devel	94
devel_2104	devel	18
devel_2105	devel	30
devel_2106	devel	159
devel_2107	devel	202
devel_2108	devel	148
devel_2109	devel	56
devel_2110	devel	207
devel_2111	devel	15
devel_2112	devel	203
devel_2113	devel	83
devel_2114	devel	174
devel_2115	devel	98
devel_2116	devel	82
devel_2117	devel	78
devel_2118	devel	78
devel_2119	devel	78
devel_2120	devel	201
devel_2121	devel	201
devel_2122	devel	30
devel_2123	devel	67
devel_2124	devel	148
devel_2125	devel	88
devel_2126	devel	203
devel_2127	devel	94
devel_2128	devel	60
devel_2129	devel	18
devel_2130	devel	119
devel_2131	devel	113
devel_2132	devel	21
devel_2133	devel	154
devel_2134	devel	191
devel_2135	devel	65
devel_2136	devel	203
devel_2137	devel	86
devel_2138	devel	52
devel_2139	devel	137
devel_2140	devel	198
devel_2141	devel	31
devel_2142	devel	145
devel_2143	devel	60
devel_2144	devel	153
devel_2145	devel	1
devel_2146	devel	148
devel_2147	devel	1
devel_2148	devel	172
devel_2149	devel	181
devel_2150	devel	68
devel_2151	devel	31
devel_2152	devel	202
devel_2153	devel	148
devel_2154	devel	41
devel_2155	devel	53
devel_2156	devel	125
devel_2157	devel	94
devel_2158	devel	43
devel_2159	devel	93
devel_2160	devel	98
devel_2161	devel	93
devel_2162	devel	166
devel_2163	devel	27
devel_2164	devel	82
devel_2165	devel	50
devel_2166	devel	187
devel_2167	devel	203
devel_2168	devel	50
devel_2169	devel	137
devel_2170	devel	95
devel_2171	devel	206
devel_2172	devel	30
devel_2173	devel	15
devel_2174	devel	112
devel_2175	devel	190
devel_2176	devel	137
devel_2177	devel	119
devel_2178	devel	18
devel_2179	devel	44
devel_2180	devel	15
devel_2181	devel	178
devel_2182	devel	64
devel_2183	devel	96
devel_2184	devel	18
devel_2185	devel	199
devel_2186	devel	137
devel_2187	devel	98
devel_2188	devel	0
devel_2189	devel	67
devel_2190	devel	27
devel_2191	devel	141
devel_2192	devel	178
devel_2193	devel	203
devel_2194	devel	39
devel_2195	devel	32
devel_2196	devel	81
devel_2197	devel	23
devel_2198	devel	198
devel_2199	devel	38
devel_2200	devel	51
devel_2201	devel	198
devel_2202	devel	67
devel_2203	devel	183
devel_2204	devel	24
devel_2205	devel	148
devel_2206	devel	184
devel_2207	devel	41
devel_2208	devel	148
devel_2209	devel	119
devel_2210	devel	134
devel_2211	devel	86
devel_2212	devel	31
devel_2213	devel	140
devel_2214	devel	43
devel_2215	devel	78
devel_2216	devel	129
devel_2217	devel	166
devel_2218	devel	36
devel_2219	devel	44
devel_2220	devel	174
devel_2221	devel	85
devel_2222	devel	30
devel_2223	devel	203
devel_2224	devel	198
devel_2225	devel	53
devel_2226	devel	56
devel_2227	devel	82
devel_2228	devel	0
devel_2229	devel	30
devel_2230	devel	5
devel_2231	devel	113
devel_2232	devel	187
devel_2233	devel	5
devel_2234	devel	77
devel_2235	devel	148
devel_2236	devel	153
devel_2237	devel	44
devel_2238	devel	0
devel_2239	devel	41
devel_2240	devel	187
devel_2241	devel	88
devel_2242	devel	107
devel_2243	devel	94
devel_2244	devel	30
devel_2245	devel	166
devel_2246	devel	9
devel_2247	devel	31
devel_2248	devel	100
devel_2249	devel	95
devel_2250	devel	137
devel_2251	devel	174
devel_2252	devel	113
devel_2253	devel	51
devel_2254	devel	174
devel_2255	devel	38
devel_2256	devel	120
devel_2257	devel	203
devel_2258	devel	162
devel_2259	devel	88
devel_2260	devel	152
devel_2261	devel	161
devel_2262	devel	63
devel_2263	devel	134
devel_2264	devel	52
devel_2265	devel	162
devel_2266	devel	36
devel_2267	devel	161
devel_2268	devel	72
devel_2269	devel	134
devel_2270	devel	75
devel_2271	devel	192
devel_2272	devel	81
devel_2273	devel	9
devel_2274	devel	190
devel_2275	devel	95
devel_2276	devel	48
devel_2277	devel	16
devel_2278	devel	67
devel_2279	devel	185
devel_2280	devel	67
devel_2281	devel	27
devel_2282	devel	97
devel_2283	devel	154
devel_2284	devel	95
devel_2285	devel	88
devel_2286	devel	140
devel_2287	devel	144
devel_2288	devel	100
devel_2289	devel	82
devel_2290	devel	30
devel_2291	devel	19
devel_2292	devel	202
devel_2293	devel	134
devel_2294	devel	94
devel_2295	devel	162
devel_2296	devel	154
devel_2297	devel	36
devel_2298	devel	0
devel_2299	devel	140
devel_2300	devel	202
devel_2301	devel	144
devel_2302	devel	127
devel_2303	devel	38
devel_2304	devel	78
devel_2305	devel	77
devel_2306	devel	24
devel_2307	devel	3
devel_2308	devel	29
devel_2309	devel	146
devel_2310	devel	53
devel_2311	devel	184
devel_2312	devel	55
devel_2313	devel	15
devel_2314	devel	16
devel_2315	devel	105
devel_2316	devel	150
devel_2317	devel	100
devel_2318	devel	16
devel_2319	devel	113
devel_2320	devel	60
devel_2321	devel	30
devel_2322	devel	90
devel_2323	devel	15
devel_2324	devel	154
devel_2325	devel	31
devel_2326	devel	122
devel_2327	devel	28
devel_2328	devel	137
devel_2329	devel	64
devel_2330	devel	93
devel_2331	devel	27
devel_2332	devel	120
devel_2333	devel	67
devel_2334	devel	0
devel_2335	devel	78
devel_2336	devel	16
devel_2337	devel	131
devel_2338	devel	203
devel_2339	devel	81
devel_2340	devel	198
devel_2341	devel	26
devel_2342	devel	119
devel_2343	devel	24
devel_2344	devel	54
devel_2345	devel	44
devel_2346	devel	15
devel_2347	devel	51
devel_2348	devel	1
devel_2349	devel	32
devel_2350	devel	27
devel_2351	devel	198
devel_2352	devel	134
devel_2353	devel	3
devel_2354	devel	122
devel_2355	devel	113
devel_2356	devel	16
devel_2357	devel	54
devel_2358	devel	199
devel_2359	devel	99
devel_2360	devel	54
devel_2361	devel	116
devel_2362	devel	23
devel_2363	devel	64
devel_2364	devel	129
devel_2365	devel	100
devel_2366	devel	71
devel_2367	devel	36
devel_2368	devel	32
devel_2369	devel	156
devel_2370	devel	77
devel_2371	devel	132
devel_2372	devel	83
devel_2373	devel	22
devel_2374	devel	27
devel_2375	devel	153
devel_2376	devel	90
devel_2377	devel	68
devel_2378	devel	44
devel_2379	devel	125
devel_2380	devel	87
devel_2381	devel	86
devel_2382	devel	76
devel_2383	devel	120
devel_2384	devel	120
devel_2385	devel	32
devel_2386	devel	48
devel_2387	devel	178
devel_2388	devel	205
devel_2389	devel	132
devel_2390	devel	14
devel_2391	devel	99
devel_2392	devel	148
devel_2393	devel	85
devel_2394	devel	134
devel_2395	devel	53
devel_2396	devel	83
devel_2397	devel	64
devel_2398	devel	192
devel_2399	devel	16
devel_2400	devel	95
devel_2401	devel	99
devel_2402	devel	201
devel_2403	devel	93
devel_2404	devel	105
devel_2405	devel	162
devel_2406	devel	53
devel_2407	devel	9
devel_2408	devel	178
devel_2409	devel	166
devel_2410	devel	55
devel_2411	devel	140
devel_2412	devel	149
devel_2413	devel	9
devel_2414	devel	77
devel_2415	devel	82
devel_2416	devel	32
devel_2417	devel	140
devel_2418	devel	56
devel_2419	devel	191
devel_2420	devel	183
devel_2421	devel	63
devel_2422	devel	120
devel_2423	devel	89
devel_2424	devel	91
devel_2425	devel	131
devel_2426	devel	44
devel_2427	devel	162
devel_2428	devel	178
devel_2429	devel	134
devel_2430	devel	44
devel_2431	devel	109
devel_2432	devel	90
devel_2433	devel	19
devel_2434	devel	149
devel_2435	devel	97
devel_2436	devel	119
devel_2437	devel	94
devel_2438	devel	148
devel_2439	devel	205
devel_2440	devel	58
devel_2441	devel	184
devel_2442	devel	198
devel_2443	devel	1
devel_2444	devel	205
devel_2445	devel	38
devel_2446	devel	15
devel_2447	devel	27
devel_2448	devel	94
devel_2449	devel	166
devel_2450	devel	68
devel_2451	devel	26
devel_2452	devel	152
devel_2453	devel	36
devel_2454	devel	97
devel_2455	devel	190
devel_2456	devel	31
devel_2457	devel	113
devel_2458	devel	120
devel_2459	devel	127
devel_2460	devel	30
devel_2461	devel	75
devel_2462	devel	94
devel_2463	devel	202
devel_2464	devel	207
devel_2465	devel	32
devel_2466	devel	206
devel_2467	devel	148
devel_2468	devel	22
devel_2469	devel	51
devel_2470	devel	30
devel_2471	devel	198
devel_2472	devel	153
devel_2473	devel	63
devel_2474	devel	208
devel_2475	devel	18
devel_2476	devel	206
devel_2477	devel	94
devel_2478	devel	93
devel_2479	devel	31
devel_2480	devel	39
devel_2481	devel	90
devel_2482	devel	29
devel_2483	devel	87
devel_2484	devel	71
devel_2485	devel	203
devel_2486	devel	36
devel_2487	devel	42
devel_2488	devel	51
devel_2489	devel	24
devel_2490	devel	208
devel_2491	devel	185
devel_2492	devel	21
devel_2493	devel	94
devel_2494	devel	192
devel_2495	devel	88
devel_2496	devel	30
devel_2497	devel	129
devel_2498	devel	141
devel_2499	devel	122
devel_2500	devel	202
devel_2501	devel	64
devel_2502	devel	39
devel_2503	devel	16
devel_2504	devel	53
devel_2505	devel	149
devel_2506	devel	56
devel_2507	devel	201
devel_2508	devel	208
devel_2509	devel	198
devel_2510	devel	44
devel_2511	devel	202
devel_2512	devel	203
devel_2513	devel	32
devel_2514	devel	51
devel_2515	devel	38
devel_2516	devel	156
devel_2517	devel	54
devel_2518	devel	194
devel_2519	devel	41
devel_2520	devel	173
devel_2521	devel	152
devel_2522	devel	50
devel_2523	devel	203
devel_2524	devel	43
devel_2525	devel	44
devel_2526	devel	51
devel_2527	devel	9
devel_2528	devel	99
devel_2529	devel	207
devel_2530	devel	90
devel_2531	devel	3
devel_2532	devel	77
devel_2533	devel	17
devel_2534	devel	185
devel_2535	devel	148
devel_2536	devel	148
devel_2537	devel	44
devel_2538	devel	141
devel_2539	devel	41
devel_2540	devel	18
devel_2541	devel	183
devel_2542	devel	64
devel_2543	devel	41
devel_2544	devel	78
devel_2545	devel	94
devel_2546	devel	153
devel_2547	devel	64
devel_2548	devel	198
devel_2549	devel	56
devel_2550	devel	161
devel_2551	devel	44
devel_2552	devel	144
devel_2553	devel	55
devel_2554	devel	99
devel_2555	devel	148
devel_2556	devel	27
devel_2557	devel	1
devel_2558	devel	153
devel_2559	devel	94
devel_2560	devel	30
devel_2561	devel	198
devel_2562	devel	67
devel_2563	devel	203
devel_2564	devel	4
devel_2565	devel	120
devel_2566	devel	30
devel_2567	devel	3
devel_2568	devel	141
devel_2569	devel	1
devel_2570	devel	67
devel_2571	devel	84
devel_2572	devel	68
devel_2573	devel	81
devel_2574	devel	199
devel_2575	devel	93
devel_2576	devel	192
devel_2577	devel	199
devel_2578	devel	145
devel_2579	devel	41
devel_2580	devel	63
devel_2581	devel	95
devel_2582	devel	60
devel_2583	devel	140
devel_2584	devel	208
devel_2585	devel	141
devel_2586	devel	131
devel_2587	devel	17
devel_2588	devel	64
devel_2589	devel	51
devel_2590	devel	148
devel_2591	devel	32
devel_2592	devel	201
devel_2593	devel	64
devel_2594	devel	107
devel_2595	devel	41
devel_2596	devel	148
devel_2597	devel	199
devel_2598	devel	31
devel_2599	devel	141
devel_2600	devel	153
devel_2601	devel	43
devel_2602	devel	27
devel_2603	devel	46
devel_2604	devel	94
devel_2605	devel	185
devel_2606	devel	162
devel_2607	devel	132
devel_2608	devel	64
devel_2609	devel	162
devel_2610	devel	64
devel_2611	devel	7
devel_2612	devel	94
devel_2613	devel	201
devel_2614	devel	181
devel_2615	devel	173
devel_2616	devel	44
devel_2617	devel	207
devel_2618	devel	134
devel_2619	devel	153
devel_2620	devel	18
devel_2621	devel	64
devel_2622	devel	36
devel_2623	devel	28
devel_2624	devel	50
devel_2625	devel	36
devel_2626	devel	199
devel_2627	devel	184
devel_2628	devel	154
devel_2629	devel	30
devel_2630	devel	26
devel_2631	devel	117
devel_2632	devel	51
devel_2633	devel	9
devel_2634	devel	22
devel_2635	devel	149
devel_2636	devel	181
devel_2637	devel	125
devel_2638	devel	141
devel_2639	devel	176
devel_2640	devel	162
devel_2641	devel	182
devel_2642	devel	173
devel_2643	devel	105
devel_2644	devel	166
devel_2645	devel	141
devel_2646	devel	90
devel_2647	devel	53
devel_2648	devel	85
devel_2649	devel	41
devel_2650	devel	166
devel_2651	devel	183
devel_2652	devel	86
devel_2653	devel	208
devel_2654	devel	64
devel_2655	devel	30
devel_2656	devel	53
devel_2657	devel	129
devel_2658	devel	205
devel_2659	devel	97
devel_2660	devel	50
devel_2661	devel	203
devel_2662	devel	187
devel_2663	devel	187
devel_2664	devel	27
devel_2665	devel	50
devel_2666	devel	55
devel_2667	devel	156
devel_2668	devel	23
devel_2669	devel	65
devel_2670	devel	125
devel_2671	devel	60
devel_2672	devel	176
devel_2673	devel	113
devel_2674	devel	3
devel_2675	devel	107
devel_2676	devel	63
devel_2677	devel	95
devel_2678	devel	64
devel_2679	devel	185
devel_2680	devel	51
devel_2681	devel	0
devel_2682	devel	203
devel_2683	devel	3
devel_2684	devel	117
devel_2685	devel	132
devel_2686	devel	178
devel_2687	devel	125
devel_2688	devel	107
devel_2689	devel	64
devel_2690	devel	30
devel_2691	devel	132
devel_2692	devel	18
devel_2693	devel	174
devel_2694	devel	9
devel_2695	devel	203
devel_2696	devel	95
devel_2697	devel	93
devel_2698	devel	18
devel_2699	devel	129
devel_2700	devel	52
devel_2701	devel	68
devel_2702	devel	63
devel_2703	devel	94
devel_2704	devel	122
devel_2705	devel	76
devel_2706	devel	129
devel_2707	devel	15
devel_2708	devel	208
devel_2709	devel	173
devel_2710	devel	182
devel_2711	devel	83
devel_2712	devel	122
devel_2713	devel	99
devel_2714	devel	162
devel_2715	devel	148
devel_2716	devel	165
devel_2717	devel	178
devel_2718	devel	39
devel_2719	devel	1
devel_2720	devel	51
devel_2721	devel	109
devel_2722	devel	77
devel_2723	devel	127
devel_2724	devel	88
devel_2725	devel	153
devel_2726	devel	31
devel_2727	devel	172
devel_2728	devel	32
devel_2729	devel	91
devel_2730	devel	30
devel_2731	devel	198
devel_2732	devel	76
devel_2733	devel	150
devel_2734	devel	129
devel_2735	devel	28
devel_2736	devel	60
devel_2737	devel	77
devel_2738	devel	113
devel_2739	devel	31
devel_2740	devel	1
devel_2741	devel	75
devel_2742	devel	91
devel_2743	devel	202
devel_2744	devel	190
devel_2745	devel	93
devel_2746	devel	100
devel_2747	devel	16
devel_2748	devel	122
devel_2749	devel	48
devel_2750	devel	148
devel_2751	devel	0
devel_2752	devel	97
devel_2753	devel	113
devel_2754	devel	48
devel_2755	devel	73
devel_2756	devel	86
devel_2757	devel	202
devel_2758	devel	77
devel_2759	devel	75
devel_2760	devel	27
devel_2761	devel	52
devel_2762	devel	23
devel_2763	devel	68
devel_2764	devel	131
devel_2765	devel	99
devel_2766	devel	26
devel_2767	devel	86
devel_2768	devel	18
devel_2769	devel	97
devel_2770	devel	93
devel_2771	devel	27
devel_2772	devel	91
devel_2773	devel	141
devel_2774	devel	166
devel_2775	devel	71
devel_2776	devel	93
devel_2777	devel	60
devel_2778	devel	120
devel_2779	devel	155
devel_2780	devel	41
devel_2781	devel	18
devel_2782	devel	93
devel_2783	devel	68
devel_2784	devel	166
devel_2785	devel	127
devel_2786	devel	30
devel_2787	devel	21
devel_2788	devel	156
devel_2789	devel	19
devel_2790	devel	51
devel_2791	devel	86
devel_2792	devel	24
devel_2793	devel	81
devel_2794	devel	77
devel_2795	devel	190
devel_2796	devel	0
devel_2797	devel	26
devel_2798	devel	107
devel_2799	devel	68
devel_2800	devel	105
devel_2801	devel	94
devel_2802	devel	86
devel_2803	devel	113
devel_2804	devel	30
devel_2805	devel	55
devel_2806	devel	148
devel_2807	devel	86
devel_2808	devel	127
devel_2809	devel	24
devel_2810	devel	174
devel_2811	devel	27
devel_2812	devel	176
devel_2813	devel	58
devel_2814	devel	96
devel_2815	devel	39
devel_2816	devel	184
devel_2817	devel	60
devel_2818	devel	190
devel_2819	devel	65
devel_2820	devel	50
devel_2821	devel	100
devel_2822	devel	162
devel_2823	devel	183
devel_2824	devel	94
devel_2825	devel	117
devel_2826	devel	26
devel_2827	devel	75
devel_2828	devel	58
devel_2829	devel	174
devel_2830	devel	1
devel_2831	devel	4
devel_2832	devel	30
devel_2833	devel	52
devel_2834	devel	36
devel_2835	devel	191
devel_2836	devel	94
devel_2837	devel	97
devel_2838	devel	152
devel_2839	devel	63
devel_2840	devel	192
devel_2841	devel	163
devel_2842	devel	15
devel_2843	devel	9
devel_2844	devel	78
devel_2845	devel	36
devel_2846	devel	58
devel_2847	devel	64
devel_2848	devel	184
devel_2849	devel	43
devel_2850	devel	149
devel_2851	devel	153
devel_2852	devel	67
devel_2853	devel	119
devel_2854	devel	194
devel_2855	devel	52
devel_2856	devel	32
devel_2857	devel	41
devel_2858	devel	144
devel_2859	devel	122
devel_2860	devel	141
devel_2861	devel	85
devel_2862	devel	172
devel_2863	devel	129
devel_2864	devel	119
devel_2865	devel	152
devel_2866	devel	202
devel_2867	devel	94
devel_2868	devel	72
devel_2869	devel	68
devel_2870	devel	198
devel_2871	devel	0
devel_2872	devel	71
devel_2873	devel	83
devel_2874	devel	185
devel_2875	devel	97
devel_2876	devel	168
devel_2877	devel	181
devel_2878	devel	162
devel_2879	devel	168
devel_2880	devel	97
devel_2881	devel	18
devel_2882	devel	83
devel_2883	devel	38
devel_2884	devel	183
devel_2885	devel	207
devel_2886	devel	131
devel_2887	devel	19
devel_2888	devel	50
devel_2889	devel	81
devel_2890	devel	32
devel_2891	devel	107
devel_2892	devel	174
devel_2893	devel	127
devel_2894	devel	105
devel_2895	devel	56
devel_2896	devel	117
devel_2897	devel	162
devel_2898	devel	18
devel_2899	devel	116
devel_2900	devel	15
devel_2901	devel	185
devel_2902	devel	15
devel_2903	devel	15
devel_2904	devel	144
devel_2905	devel	78
devel_2906	devel	174
devel_2907	devel	55
devel_2908	devel	0
devel_2909	devel	185
devel_2910	devel	52
devel_2911	devel	149
devel_2912	devel	148
devel_2913	devel	83
devel_2914	devel	202
devel_2915	devel	85
devel_2916	devel	100
devel_2917	devel	16
devel_2918	devel	17
devel_2919	devel	148
devel_2920	devel	36
devel_2921	devel	86
devel_2922	devel	94
devel_2923	devel	60
devel_2924	devel	98
devel_2925	devel	99
devel_2926	devel	43
devel_2927	devel	176
devel_2928	devel	95
devel_2929	devel	148
devel_2930	devel	82
devel_2931	devel	192
devel_2932	devel	122
devel_2933	devel	129
devel_2934	devel	60
devel_2935	devel	140
devel_2936	devel	71
devel_2937	devel	185
devel_2938	devel	15
devel_2939	devel	165
devel_2940	devel	181
devel_2941	devel	88
devel_2942	devel	51
devel_2943	devel	131
devel_2944	devel	100
devel_2945	devel	19
devel_2946	devel	83
devel_2947	devel	174
devel_2948	devel	53
devel_2949	devel	206
devel_2950	devel	185
devel_2951	devel	16
devel_2952	devel	166
devel_2953	devel	201
devel_2954	devel	51
devel_2955	devel	36
devel_2956	devel	0
devel_2957	devel	98
devel_2958	devel	191
devel_2959	devel	94
devel_2960	devel	94
devel_2961	devel	27
devel_2962	devel	193
devel_2963	devel	29
devel_2964	devel	58
devel_2965	devel	166
devel_2966	devel	95
devel_2967	devel	113
devel_2968	devel	202
devel_2969	devel	75
devel_2970	devel	9
devel_2971	devel	203
devel_2972	devel	58
devel_2973	devel	15
devel_2974	devel	150
devel_2975	devel	52
devel_2976	devel	176
devel_2977	devel	98
devel_2978	devel	116
devel_2979	devel	64
devel_2980	devel	32
devel_2981	devel	88
devel_2982	devel	36
devel_2983	devel	60
devel_2984	devel	30
devel_2985	devel	99
devel_2986	devel	122
devel_2987	devel	117
devel_2988	devel	144
devel_2989	devel	1
devel_2990	devel	152
devel_2991	devel	144
devel_2992	devel	83
devel_2993	devel	30
devel_2994	devel	199
devel_2995	devel	154
devel_2996	devel	155
devel_2997	devel	113
devel_2998	devel	55
devel_2999	devel	148
devel_3000	devel	30
devel_3001	devel	163
devel_3002	devel	27
devel_3003	devel	96
devel_3004	devel	131
devel_3005	devel	87
devel_3006	devel	41
devel_3007	devel	198
devel_3008	devel	88
devel_3009	devel	187
devel_3010	devel	185
devel_3011	devel	199
devel_3012	devel	156
devel_3013	devel	16
devel_3014	devel	144
devel_3015	devel	60
devel_3016	devel	203
devel_3017	devel	78
devel_3018	devel	3
devel_3019	devel	100
devel_3020	devel	5
devel_3021	devel	181
devel_3022	devel	85
devel_3023	devel	41
devel_3024	devel	134
devel_3025	devel	94
devel_3026	devel	17
devel_3027	devel	185
devel_3028	devel	67
devel_3029	devel	94
devel_3030	devel	109
devel_3031	devel	94
devel_3032	devel	81
devel_3033	devel	109
devel_3034	devel	117
devel_3035	devel	39
devel_3036	devel	202
devel_3037	devel	201
devel_3038	devel	94
devel_3039	devel	149
devel_3040	devel	119
devel_3041	devel	52
devel_3042	devel	166
devel_3043	devel	100
devel_3044	devel	17
devel_3045	devel	67
devel_3046	devel	117
devel_3047	devel	152
devel_3048	devel	174
devel_3049	devel	120
devel_3050	devel	58
devel_3051	devel	50
devel_3052	devel	148
devel_3053	devel	132
devel_3054	devel	41
devel_3055	devel	32
devel_3056	devel	120
devel_3057	devel	192
devel_3058	devel	183
devel_3059	devel	113
devel_3060	devel	68
devel_3061	devel	44
devel_3062	devel	86
devel_3063	devel	153
devel_3064	devel	162
devel_3065	devel	54
devel_3066	devel	44
devel_3067	devel	140
devel_3068	devel	0
devel_3069	devel	39
devel_3070	devel	118
devel_3071	devel	24
devel_3072	devel	192
devel_3073	devel	93
devel_3074	devel	41
devel_3075	devel	150
devel_3076	devel	43
devel_3077	devel	18
devel_3078	devel	52
devel_3079	devel	30
devel_3080	devel	41
devel_3081	devel	36
devel_3082	devel	76
devel_3083	devel	0
devel_3084	devel	99
devel_3085	devel	181
devel_3086	devel	155
devel_3087	devel	52
devel_3088	devel	71
devel_3089	devel	174
devel_3090	devel	60
devel_3091	devel	185
devel_3092	devel	1
devel_3093	devel	129
devel_3094	devel	94
devel_3095	devel	100
devel_3096	devel	203
devel_3097	devel	93
devel_3098	devel	33
devel_3099	devel	192
devel_3100	devel	201
devel_3101	devel	4
devel_3102	devel	190
devel_3103	devel	75
devel_3104	devel	67
devel_3105	devel	99
devel_3106	devel	152
devel_3107	devel	36
devel_3108	devel	203
devel_3109	devel	190
devel_3110	devel	32
devel_3111	devel	99
devel_3112	devel	56
devel_3113	devel	206
devel_3114	devel	150
devel_3115	devel	52
devel_3116	devel	56
devel_3117	devel	203
devel_3118	devel	32
devel_3119	devel	172
devel_3120	devel	4
devel_3121	devel	44
devel_3122	devel	53
devel_3123	devel	16
devel_3124	devel	81
devel_3125	devel	24
devel_3126	devel	202
devel_3127	devel	113
devel_3128	devel	31
devel_3129	devel	152
devel_3130	devel	94
devel_3131	devel	51
devel_3132	devel	99
devel_3133	devel	183
devel_3134	devel	67
devel_3135	devel	41
devel_3136	devel	44
devel_3137	devel	5
devel_3138	devel	83
devel_3139	devel	27
devel_3140	devel	100
devel_3141	devel	38
devel_3142	devel	48
devel_3143	devel	68
devel_3144	devel	174
devel_3145	devel	27
devel_3146	devel	127
devel_3147	devel	41
devel_3148	devel	125
devel_3149	devel	76
devel_3150	devel	113
devel_3151	devel	75
devel_3152	devel	203
devel_3153	devel	99
devel_3154	devel	206
devel_3155	devel	113
devel_3156	devel	16
devel_3157	devel	3
devel_3158	devel	81
devel_3159	devel	155
devel_3160	devel	82
devel_3161	devel	15
devel_3162	devel	68
devel_3163	devel	141
devel_3164	devel	87
devel_3165	devel	60
devel_3166	devel	81
devel_3167	devel	98
devel_3168	devel	174
devel_3169	devel	30
devel_3170	devel	52
devel_3171	devel	9
devel_3172	devel	119
devel_3173	devel	30
devel_3174	devel	4
devel_3175	devel	203
devel_3176	devel	131
devel_3177	devel	63
devel_3178	devel	174
devel_3179	devel	99
devel_3180	devel	99
devel_3181	devel	122
devel_3182	devel	116
devel_3183	devel	113
devel_3184	devel	203
devel_3185	devel	64
devel_3186	devel	184
devel_3187	devel	174
devel_3188	devel	190
devel_3189	devel	148
devel_3190	devel	141
devel_3191	devel	43
devel_3192	devel	154
devel_3193	devel	81
devel_3194	devel	199
devel_3195	devel	48
devel_3196	devel	99
devel_3197	devel	4
devel_3198	devel	184
devel_3199	devel	95
devel_3200	devel	76
devel_3201	devel	41
devel_3202	devel	83
devel_3203	devel	98
devel_3204	devel	86
devel_3205	devel	88
devel_3206	devel	89
devel_3207	devel	93
devel_3208	devel	205
devel_3209	devel	206
devel_3210	devel	38
devel_3211	devel	1
devel_3212	devel	172
devel_3213	devel	31
devel_3214	devel	36
devel_3215	devel	31
devel_3216	devel	4
devel_3217	devel	32
devel_3218	devel	117
devel_3219	devel	68
devel_3220	devel	187
devel_3221	devel	71
devel_3222	devel	203
devel_3223	devel	156
devel_3224	devel	0
devel_3225	devel	36
devel_3226	devel	5
devel_3227	devel	165
devel_3228	devel	89
devel_3229	devel	38
devel_3230	devel	161
devel_3231	devel	5
devel_3232	devel	97
devel_3233	devel	65
devel_3234	devel	100
devel_3235	devel	99
devel_3236	devel	184
devel_3237	devel	162
devel_3238	devel	122
devel_3239	devel	203
devel_3240	devel	129
devel_3241	devel	127
devel_3242	devel	43
devel_3243	devel	94
devel_3244	devel	18
devel_3245	devel	65
devel_3246	devel	23
devel_3247	devel	5
devel_3248	devel	94
devel_3249	devel	122
devel_3250	devel	109
devel_3251	devel	148
devel_3252	devel	183
devel_3253	devel	162
devel_3254	devel	122
devel_3255	devel	94
devel_3256	devel	183
devel_3257	devel	154
devel_3258	devel	27
devel_3259	devel	202
devel_3260	devel	95
devel_3261	devel	137
devel_3262	devel	152
devel_3263	devel	48
devel_3264	devel	94
devel_3265	devel	125
devel_3266	devel	30
devel_3267	devel	203
devel_3268	devel	202
devel_3269	devel	29
devel_3270	devel	199
devel_3271	devel	39
devel_3272	devel	168
devel_3273	devel	38
devel_3274	devel	28
devel_3275	devel	145
devel_3276	devel	140
devel_3277	devel	152
devel_3278	devel	105
devel_3279	devel	183
devel_3280	devel	176
devel_3281	devel	86
devel_3282	devel	122
devel_3283	devel	113
devel_3284	devel	65
devel_3285	devel	173
devel_3286	devel	93
devel_3287	devel	141
devel_3288	devel	129
devel_3289	devel	18
devel_3290	devel	44
devel_3291	devel	131
devel_3292	devel	203
devel_3293	devel	129
devel_3294	devel	203
devel_3295	devel	36
devel_3296	devel	203
devel_3297	devel	3
devel_3298	devel	23
devel_3299	devel	65
devel_3300	devel	60
devel_3301	devel	27
devel_3302	devel	94
devel_3303	devel	185
devel_3304	devel	52
devel_3305	devel	152
devel_3306	devel	17
devel_3307	devel	201
devel_3308	devel	15
devel_3309	devel	70
devel_3310	devel	39
devel_3311	devel	176
devel_3312	devel	140
devel_3313	devel	122
devel_3314	devel	68
devel_3315	devel	50
devel_3316	devel	208
devel_3317	devel	54
devel_3318	devel	187
devel_3319	devel	162
devel_3320	devel	98
devel_3321	devel	51
devel_3322	devel	1
devel_3323	devel	131
devel_3324	devel	156
devel_3325	devel	4
devel_3326	devel	87
devel_3327	devel	184
devel_3328	devel	117
devel_3329	devel	116
devel_3330	devel	192
devel_3331	devel	67
devel_3332	devel	31
devel_3333	devel	113
devel_3334	devel	120
devel_3335	devel	1
devel_3336	devel	149
devel_3337	devel	58
devel_3338	devel	156
devel_3339	devel	78
devel_3340	devel	68
devel_3341	devel	81
devel_3342	devel	131
devel_3343	devel	202
devel_3344	devel	78
devel_3345	devel	74
devel_3346	devel	84
devel_3347	devel	162
devel_3348	devel	85
devel_3349	devel	54
devel_3350	devel	56
devel_3351	devel	23
devel_3352	devel	9
devel_3353	devel	18
devel_3354	devel	100
devel_3355	devel	9
devel_3356	devel	94
devel_3357	devel	93
devel_3358	devel	63
devel_3359	devel	120
devel_3360	devel	113
devel_3361	devel	9
devel_3362	devel	131
devel_3363	devel	78
devel_3364	devel	113
devel_3365	devel	81
devel_3366	devel	60
devel_3367	devel	166
devel_3368	devel	68
devel_3369	devel	46
devel_3370	devel	206
devel_3371	devel	208
devel_3372	devel	148
devel_3373	devel	178
devel_3374	devel	89
devel_3375	devel	144
devel_3376	devel	183
devel_3377	devel	68
devel_3378	devel	140
devel_3379	devel	56
devel_3380	devel	149
devel_3381	devel	144
devel_3382	devel	137
devel_3383	devel	194
devel_3384	devel	53
devel_3385	devel	122
devel_3386	devel	27
devel_3387	devel	44
devel_3388	devel	201
devel_3389	devel	98
devel_3390	devel	56
devel_3391	devel	86
devel_3392	devel	1
devel_3393	devel	176
devel_3394	devel	64
devel_3395	devel	78
devel_3396	devel	105
devel_3397	devel	137
devel_3398	devel	31
devel_3399	devel	68
devel_3400	devel	52
devel_3401	devel	55
devel_3402	devel	87
devel_3403	devel	28
devel_3404	devel	23
devel_3405	devel	68
devel_3406	devel	125
devel_3407	devel	205
devel_3408	devel	83
devel_3409	devel	97
devel_3410	devel	203
devel_3411	devel	172
devel_3412	devel	29
devel_3413	devel	112
devel_3414	devel	23
devel_3415	devel	109
devel_3416	devel	199
devel_3417	devel	15
devel_3418	devel	78
devel_3419	devel	109
devel_3420	devel	184
devel_3421	devel	56
devel_3422	devel	26
devel_3423	devel	53
devel_3424	devel	172
devel_3425	devel	60
devel_3426	devel	149
devel_3427	devel	89
devel_3428	devel	176
devel_3429	devel	173
devel_3430	devel	88
devel_3431	devel	86
devel_3432	devel	202
devel_3433	devel	122
devel_3434	devel	88
devel_3435	devel	67
devel_3436	devel	51
devel_3437	devel	83
devel_3438	devel	86
devel_3439	devel	24
devel_3440	devel	176
devel_3441	devel	91
devel_3442	devel	185
devel_3443	devel	187
devel_3444	devel	60
devel_3445	devel	122
devel_3446	devel	27
devel_3447	devel	94
devel_3448	devel	30
devel_3449	devel	194
devel_3450	devel	161
devel_3451	devel	23
devel_3452	devel	76
devel_3453	devel	94
devel_3454	devel	140
devel_3455	devel	29
devel_3456	devel	134
devel_3457	devel	122
devel_3458	devel	94
devel_3459	devel	199
devel_3460	devel	60
devel_3461	devel	3
devel_3462	devel	43
devel_3463	devel	176
devel_3464	devel	98
devel_3465	devel	131
devel_3466	devel	0
devel_3467	devel	105
devel_3468	devel	15
devel_3469	devel	17
devel_3470	devel	162
devel_3471	devel	0
devel_3472	devel	81
devel_3473	devel	119
devel_3474	devel	86
devel_3475	devel	29
devel_3476	devel	205
devel_3477	devel	32
devel_3478	devel	161
devel_3479	devel	174
devel_3480	devel	198
devel_3481	devel	36
devel_3482	devel	32
devel_3483	devel	162
devel_3484	devel	32
devel_3485	devel	105
devel_3486	devel	26
devel_3487	devel	93
devel_3488	devel	58
devel_3489	devel	176
devel_3490	devel	131
devel_3491	devel	82
devel_3492	devel	18
devel_3493	devel	105
devel_3494	devel	51
devel_3495	devel	187
devel_3496	devel	60
devel_3497	devel	50
devel_3498	devel	7
devel_3499	devel	76
devel_3500	devel	174
devel_3501	devel	122
devel_3502	devel	38
devel_3503	devel	199
devel_3504	devel	67
devel_3505	devel	207
devel_3506	devel	19
devel_3507	devel	154
devel_3508	devel	208
devel_3509	devel	117
devel_3510	devel	181
devel_3511	devel	122
devel_3512	devel	77
devel_3513	devel	1
devel_3514	devel	83
devel_3515	devel	29
devel_3516	devel	154
devel_3517	devel	203
devel_3518	devel	70
devel_3519	devel	29
devel_3520	devel	24
devel_3521	devel	141
devel_3522	devel	43
devel_3523	devel	192
devel_3524	devel	96
devel_3525	devel	137
devel_3526	devel	76
devel_3527	devel	30
devel_3528	devel	155
devel_3529	devel	185
devel_3530	devel	207
devel_3531	devel	95
devel_3532	devel	149
devel_3533	devel	60
devel_3534	devel	122
devel_3535	devel	131
devel_3536	devel	64
devel_3537	devel	18
devel_3538	devel	127
devel_3539	devel	93
devel_3540	devel	140
devel_3541	devel	178
devel_3542	devel	24
devel_3543	devel	99
devel_3544	devel	7
devel_3545	devel	52
devel_3546	devel	24
devel_3547	devel	39
devel_3548	devel	9
devel_3549	devel	46
devel_3550	devel	166
devel_3551	devel	32
devel_3552	devel	161
devel_3553	devel	39
devel_3554	devel	50
devel_3555	devel	5
devel_3556	devel	174
devel_3557	devel	202
devel_3558	devel	137
devel_3559	devel	98
devel_3560	devel	30
devel_3561	devel	53
devel_3562	devel	180
devel_3563	devel	134
devel_3564	devel	122
devel_3565	devel	116
devel_3566	devel	65
devel_3567	devel	41
devel_3568	devel	198
devel_3569	devel	52
devel_3570	devel	18
devel_3571	devel	100
devel_3572	devel	51
devel_3573	devel	152
devel_3574	devel	107
devel_3575	devel	71
devel_3576	devel	203
devel_3577	devel	60
devel_3578	devel	48
devel_3579	devel	97
devel_3580	devel	206
devel_3581	devel	134
devel_3582	devel	99
devel_3583	devel	54
devel_3584	devel	148
devel_3585	devel	94
devel_3586	devel	56
devel_3587	devel	94
devel_3588	devel	140
devel_3589	devel	52
devel_3590	devel	78
devel_3591	devel	125
devel_3592	devel	0
devel_3593	devel	166
devel_3594	devel	107
devel_3595	devel	58
devel_3596	devel	94
devel_3597	devel	50
devel_3598	devel	76
devel_3599	devel	176
devel_3600	devel	89
devel_3601	devel	109
devel_3602	devel	83
devel_3603	devel	32
devel_3604	devel	83
devel_3605	devel	94
devel_3606	devel	187
devel_3607	devel	75
devel_3608	devel	44
devel_3609	devel	67
devel_3610	devel	120
devel_3611	devel	176
devel_3612	devel	187
devel_3613	devel	95
devel_3614	devel	176
devel_3615	devel	161
devel_3616	devel	176
devel_3617	devel	32
devel_3618	devel	28
devel_3619	devel	191
devel_3620	devel	24
devel_3621	devel	94
devel_3622	devel	68
devel_3623	devel	33
devel_3624	devel	71
devel_3625	devel	78
devel_3626	devel	199
devel_3627	devel	30
devel_3628	devel	71
devel_3629	devel	132
devel_3630	devel	76
devel_3631	devel	113
devel_3632	devel	166
devel_3633	devel	9
devel_3634	devel	140
devel_3635	devel	76
devel_3636	devel	68
devel_3637	devel	68
devel_3638	devel	52
devel_3639	devel	198
devel_3640	devel	127
devel_3641	devel	81
devel_3642	devel	93
devel_3643	devel	107
devel_3644	devel	190
devel_3645	devel	149
devel_3646	devel	64
devel_3647	devel	95
devel_3648	devel	36
devel_3649	devel	5
devel_3650	devel	43
devel_3651	devel	78
devel_3652	devel	5
devel_3653	devel	15
devel_3654	devel	24
devel_3655	devel	168
devel_3656	devel	156
devel_3657	devel	46
devel_3658	devel	149
devel_3659	devel	68
devel_3660	devel	83
devel_3661	devel	202
devel_3662	devel	161
devel_3663	devel	82
devel_3664	devel	129
devel_3665	devel	56
devel_3666	devel	127
devel_3667	devel	46
devel_3668	devel	32
devel_3669	devel	148
devel_3670	devel	48
devel_3671	devel	122
devel_3672	devel	23
devel_3673	devel	125
devel_3674	devel	68
devel_3675	devel	52
devel_3676	devel	184
devel_3677	devel	117
devel_3678	devel	15
devel_3679	devel	201
devel_3680	devel	19
devel_3681	devel	137
devel_3682	devel	94
devel_3683	devel	87
devel_3684	devel	68
devel_3685	devel	48
devel_3686	devel	60
devel_3687	devel	53
devel_3688	devel	38
devel_3689	devel	203
devel_3690	devel	31
devel_3691	devel	4
devel_3692	devel	153
devel_3693	devel	153
devel_3694	devel	192
devel_3695	devel	38
devel_3696	devel	3
devel_3697	devel	149
devel_3698	devel	183
devel_3699	devel	153
devel_3700	devel	55
devel_3701	devel	71
devel_3702	devel	91
devel_3703	devel	91
devel_3704	devel	32
devel_3705	devel	116
devel_3706	devel	76
devel_3707	devel	86
devel_3708	devel	54
devel_3709	devel	64
devel_3710	devel	94
devel_3711	devel	87
devel_3712	devel	36
devel_3713	devel	70
devel_3714	devel	4
devel_3715	devel	118
devel_3716	devel	203
devel_3717	devel	41
devel_3718	devel	15
devel_3719	devel	18
devel_3720	devel	27
devel_3721	devel	1
devel_3722	devel	161
devel_3723	devel	205
devel_3724	devel	15
devel_3725	devel	53
devel_3726	devel	117
devel_3727	devel	149
devel_3728	devel	202
devel_3729	devel	168
devel_3730	devel	166
devel_3731	devel	122
devel_3732	devel	208
devel_3733	devel	30
devel_3734	devel	198
devel_3735	devel	70
devel_3736	devel	197
devel_3737	devel	43
devel_3738	devel	190
devel_3739	devel	41
devel_3740	devel	99
devel_3741	devel	36
devel_3742	devel	156
devel_3743	devel	203
devel_3744	devel	172
devel_3745	devel	48
devel_3746	devel	70
devel_3747	devel	85
devel_3748	devel	27
devel_3749	devel	122
devel_3750	devel	155
devel_3751	devel	208
devel_3752	devel	51
devel_3753	devel	51
devel_3754	devel	95
devel_3755	devel	39
devel_3756	devel	31
devel_3757	devel	44
devel_3758	devel	191
devel_3759	devel	32
devel_3760	devel	118
devel_3761	devel	208
devel_3762	devel	94
devel_3763	devel	48
devel_3764	devel	99
devel_3765	devel	58
devel_3766	devel	15
devel_3767	devel	163
devel_3768	devel	15
devel_3769	devel	149
devel_3770	devel	30
devel_3771	devel	148
devel_3772	devel	90
devel_3773	devel	148
devel_3774	devel	202
devel_3775	devel	1
devel_3776	devel	192
devel_3777	devel	70
devel_3778	devel	120
devel_3779	devel	120
devel_3780	devel	30
devel_3781	devel	116
devel_3782	devel	122
devel_3783	devel	113
devel_3784	devel	190
devel_3785	devel	52
devel_3786	devel	29
devel_3787	devel	51
devel_3788	devel	187
devel_3789	devel	150
devel_3790	devel	28
devel_3791	devel	9
devel_3792	devel	1
devel_3793	devel	127
devel_3794	devel	140
devel_3795	devel	184
devel_3796	devel	30
devel_3797	devel	52
devel_3798	devel	82
devel_3799	devel	207
devel_3800	devel	153
devel_3801	devel	19
devel_3802	devel	205
devel_3803	devel	76
devel_3804	devel	93
devel_3805	devel	105
devel_3806	devel	27
devel_3807	devel	117
devel_3808	devel	33
devel_3809	devel	29
devel_3810	devel	181
devel_3811	devel	73
devel_3812	devel	83
devel_3813	devel	168
devel_3814	devel	64
devel_3815	devel	187
devel_3816	devel	95
devel_3817	devel	119
devel_3818	devel	116
devel_3819	devel	149
devel_3820	devel	64
devel_3821	devel	41
devel_3822	devel	117
devel_3823	devel	28
devel_3824	devel	30
devel_3825	devel	21
devel_3826	devel	33
devel_3827	devel	119
devel_3828	devel	122
devel_3829	devel	16
devel_3830	devel	67
devel_3831	devel	129
devel_3832	devel	208
devel_3833	devel	193
devel_3834	devel	48
devel_3835	devel	141
devel_3836	devel	1
devel_3837	devel	44
devel_3838	devel	97
devel_3839	devel	55
devel_3840	devel	32
devel_3841	devel	44
devel_3842	devel	156
devel_3843	devel	83
devel_3844	devel	38
devel_3845	devel	140
devel_3846	devel	27
devel_3847	devel	81
devel_3848	devel	63
devel_3849	devel	48
devel_3850	devel	207
devel_3851	devel	127
devel_3852	devel	98
devel_3853	devel	68
devel_3854	devel	90
devel_3855	devel	172
devel_3856	devel	36
devel_3857	devel	190
devel_3858	devel	183
devel_3859	devel	30
devel_3860	devel	36
devel_3861	devel	63
devel_3862	devel	28
devel_3863	devel	89
devel_3864	devel	32
devel_3865	devel	41
devel_3866	devel	29
devel_3867	devel	54
devel_3868	devel	203
devel_3869	devel	198
devel_3870	devel	28
devel_3871	devel	94
devel_3872	devel	43
devel_3873	devel	119
devel_3874	devel	78
devel_3875	devel	194
devel_3876	devel	32
devel_3877	devel	207
devel_3878	devel	54
devel_3879	devel	54
devel_3880	devel	193
devel_3881	devel	97
devel_3882	devel	117
devel_3883	devel	60
devel_3884	devel	184
devel_3885	devel	197
devel_3886	devel	30
devel_3887	devel	129
devel_3888	devel	94
devel_3889	devel	93
devel_3890	devel	206
devel_3891	devel	60
devel_3892	devel	56
devel_3893	devel	190
devel_3894	devel	76
devel_3895	devel	36
devel_3896	devel	44
devel_3897	devel	207
devel_3898	devel	64
devel_3899	devel	203
devel_3900	devel	174
devel_3901	devel	100
devel_3902	devel	172
devel_3903	devel	149
devel_3904	devel	198
devel_3905	devel	145
devel_3906	devel	18
devel_3907	devel	176
devel_3908	devel	154
devel_3909	devel	109
devel_3910	devel	68
devel_3911	devel	154
devel_3912	devel	23
devel_3913	devel	68
devel_3914	devel	1
devel_3915	devel	52
devel_3916	devel	148
devel_3917	devel	98
devel_3918	devel	122
devel_3919	devel	129
devel_3920	devel	89
devel_3921	devel	125
devel_3922	devel	194
devel_3923	devel	208
devel_3924	devel	51
devel_3925	devel	163
devel_3926	devel	163
devel_3927	devel	91
devel_3928	devel	68
devel_3929	devel	150
devel_3930	devel	192
devel_3931	devel	94
devel_3932	devel	202
devel_3933	devel	36
devel_3934	devel	134
devel_3935	devel	112
devel_3936	devel	153
devel_3937	devel	173
devel_3938	devel	202
devel_3939	devel	109
devel_3940	devel	88
devel_3941	devel	203
devel_3942	devel	77
devel_3943	devel	181
devel_3944	devel	201
devel_3945	devel	166
devel_3946	devel	187
devel_3947	devel	173
devel_3948	devel	198
devel_3949	devel	207
devel_3950	devel	120
devel_3951	devel	31
devel_3952	devel	129
devel_3953	devel	76
devel_3954	devel	122
devel_3955	devel	117
devel_3956	devel	112
devel_3957	devel	21
devel_3958	devel	148
devel_3959	devel	60
devel_3960	devel	24
devel_3961	devel	198
devel_3962	devel	51
devel_3963	devel	127
devel_3964	devel	131
devel_3965	devel	162
devel_3966	devel	162
devel_3967	devel	134
devel_3968	devel	29
devel_3969	devel	129
devel_3970	devel	122
devel_3971	devel	1
devel_3972	devel	94
devel_3973	devel	63
devel_3974	devel	149
devel_3975	devel	153
devel_3976	devel	178
devel_3977	devel	203
devel_3978	devel	71
devel_3979	devel	60
devel_3980	devel	150
devel_3981	devel	39
devel_3982	devel	202
devel_3983	devel	193
devel_3984	devel	162
devel_3985	devel	83
devel_3986	devel	30
devel_3987	devel	95
devel_3988	devel	60
devel_3989	devel	162
devel_3990	devel	172
devel_3991	devel	208
devel_3992	devel	32
devel_3993	devel	125
devel_3994	devel	67
devel_3995	devel	183
devel_3996	devel	184
devel_3997	devel	173
devel_3998	devel	3
devel_3999	devel	192
devel_4000	devel	85
devel_4001	devel	68
devel_4002	devel	129
devel_4003	devel	18
devel_4004	devel	51
devel_4005	devel	117
devel_4006	devel	89
devel_4007	devel	58
devel_4008	devel	149
devel_4009	devel	199
devel_4010	devel	95
devel_4011	devel	140
devel_4012	devel	94
devel_4013	devel	109
devel_4014	devel	38
devel_4015	devel	174
devel_4016	devel	29
devel_4017	devel	127
devel_4018	devel	41
devel_4019	devel	187
devel_4020	devel	140
devel_4021	devel	127
devel_4022	devel	127
devel_4023	devel	174
devel_4024	devel	15
devel_4025	devel	64
devel_4026	devel	5
devel_4027	devel	41
devel_4028	devel	27
devel_4029	devel	174
devel_4030	devel	172
devel_4031	devel	95
devel_4032	devel	156
devel_4033	devel	201
devel_4034	devel	76
devel_4035	devel	98
devel_4036	devel	60
devel_4037	devel	90
devel_4038	devel	99
devel_4039	devel	148
devel_4040	devel	107
devel_4041	devel	131
devel_4042	devel	58
devel_4043	devel	150
devel_4044	devel	120
devel_4045	devel	31
devel_4046	devel	180
devel_4047	devel	120
devel_4048	devel	16
devel_4049	devel	174
devel_4050	devel	93
devel_4051	devel	93
devel_4052	devel	182
devel_4053	devel	27
devel_4054	devel	116
devel_4055	devel	24
devel_4056	devel	91
devel_4057	devel	32
devel_4058	devel	120
devel_4059	devel	24
devel_4060	devel	94
devel_4061	devel	50
devel_4062	devel	52
devel_4063	devel	173
devel_4064	devel	31
devel_4065	devel	43
devel_4066	devel	27
devel_4067	devel	149
devel_4068	devel	30
devel_4069	devel	120
devel_4070	devel	191
devel_4071	devel	178
devel_4072	devel	166
devel_4073	devel	15
devel_4074	devel	44
devel_4075	devel	15
devel_4076	devel	122
devel_4077	devel	100
devel_4078	devel	105
devel_4079	devel	107
devel_4080	devel	202
devel_4081	devel	41
devel_4082	devel	16
devel_4083	devel	153
devel_4084	devel	172
devel_4085	devel	94
devel_4086	devel	28
devel_4087	devel	15
devel_4088	devel	140
devel_4089	devel	81
devel_4090	devel	93
devel_4091	devel	16
devel_4092	devel	31
devel_4093	devel	113
devel_4094	devel	19
devel_4095	devel	161
devel_4096	devel	75
devel_4097	devel	97
devel_4098	devel	41
devel_4099	devel	163
devel_4100	devel	68
devel_4101	devel	78
devel_4102	devel	41
devel_4103	devel	16
devel_4104	devel	5
devel_4105	devel	48
devel_4106	devel	22
devel_4107	devel	39
devel_4108	devel	27
devel_4109	devel	54
devel_4110	devel	85
devel_4111	devel	91
devel_4112	devel	41
devel_4113	devel	71
devel_4114	devel	17
devel_4115	devel	36
devel_4116	devel	144
devel_4117	devel	161
devel_4118	devel	3
devel_4119	devel	97
devel_4120	devel	73
devel_4121	devel	17
devel_4122	devel	113
devel_4123	devel	90
devel_4124	devel	41
devel_4125	devel	48
devel_4126	devel	27
devel_4127	devel	68
devel_4128	devel	149
devel_4129	devel	119
devel_4130	devel	99
devel_4131	devel	183
devel_4132	devel	153
devel_4133	devel	172
devel_4134	devel	208
devel_4135	devel	116
devel_4136	devel	93
devel_4137	devel	31
devel_4138	devel	75
devel_4139	devel	72
devel_4140	devel	132
devel_4141	devel	0
devel_4142	devel	185
devel_4143	devel	64
devel_4144	devel	99
devel_4145	devel	202
devel_4146	devel	31
devel_4147	devel	148
devel_4148	devel	1
devel_4149	devel	178
devel_4150	devel	94
devel_4151	devel	163
devel_4152	devel	166
devel_4153	devel	30
devel_4154	devel	52
devel_4155	devel	5
devel_4156	devel	185
devel_4157	devel	140
devel_4158	devel	201
devel_4159	devel	64
devel_4160	devel	56
devel_4161	devel	83
devel_4162	devel	68
devel_4163	devel	113
devel_4164	devel	183
devel_4165	devel	190
devel_4166	devel	71
devel_4167	devel	183
devel_4168	devel	93
devel_4169	devel	86
devel_4170	devel	75
devel_4171	devel	183
devel_4172	devel	22
devel_4173	devel	100
devel_4174	devel	192
devel_4175	devel	27
devel_4176	devel	53
devel_4177	devel	122
devel_4178	devel	3
devel_4179	devel	0
devel_4180	devel	107
devel_4181	devel	154
devel_4182	devel	31
devel_4183	devel	182
devel_4184	devel	137
devel_4185	devel	162
devel_4186	devel	116
devel_4187	devel	99
devel_4188	devel	64
devel_4189	devel	94
devel_4190	devel	166
devel_4191	devel	120
devel_4192	devel	43
devel_4193	devel	129
devel_4194	devel	137
devel_4195	devel	149
devel_4196	devel	77
devel_4197	devel	122
devel_4198	devel	18
devel_4199	devel	156
devel_4200	devel	88
devel_4201	devel	60
devel_4202	devel	1
devel_4203	devel	161
devel_4204	devel	58
devel_4205	devel	70
devel_4206	devel	76
devel_4207	devel	206
devel_4208	devel	99
devel_4209	devel	153
devel_4210	devel	23
devel_4211	devel	54
devel_4212	devel	154
devel_4213	devel	18
devel_4214	devel	120
devel_4215	devel	174
devel_4216	devel	174
devel_4217	devel	17
devel_4218	devel	161
devel_4219	devel	9
devel_4220	devel	32
devel_4221	devel	64
devel_4222	devel	43
devel_4223	devel	43
devel_4224	devel	56
devel_4225	devel	55
devel_4226	devel	32
devel_4227	devel	82
devel_4228	devel	165
devel_4229	devel	83
devel_4230	devel	84
devel_4231	devel	140
devel_4232	devel	137
devel_4233	devel	1
devel_4234	devel	0
devel_4235	devel	16
devel_4236	devel	52
devel_4237	devel	75
devel_4238	devel	30
devel_4239	devel	153
devel_4240	devel	65
devel_4241	devel	93
devel_4242	devel	65
devel_4243	devel	122
devel_4244	devel	32
devel_4245	devel	27
devel_4246	devel	44
devel_4247	devel	208
devel_4248	devel	70
devel_4249	devel	60
devel_4250	devel	95
devel_4251	devel	31
devel_4252	devel	183
devel_4253	devel	174
devel_4254	devel	4
devel_4255	devel	161
devel_4256	devel	36
devel_4257	devel	31
devel_4258	devel	67
devel_4259	devel	15
devel_4260	devel	94
devel_4261	devel	107
devel_4262	devel	125
devel_4263	devel	181
devel_4264	devel	48
devel_4265	devel	207
devel_4266	devel	134
devel_4267	devel	95
devel_4268	devel	32
devel_4269	devel	148
devel_4270	devel	64
devel_4271	devel	26
devel_4272	devel	55
devel_4273	devel	15
devel_4274	devel	201
devel_4275	devel	191
devel_4276	devel	208
devel_4277	devel	98
devel_4278	devel	162
devel_4279	devel	153
devel_4280	devel	93
devel_4281	devel	192
devel_4282	devel	78
devel_4283	devel	203
devel_4284	devel	56
devel_4285	devel	105
devel_4286	devel	46
devel_4287	devel	30
devel_4288	devel	54
devel_4289	devel	28
devel_4290	devel	91
devel_4291	devel	134
devel_4292	devel	185
devel_4293	devel	161
devel_4294	devel	148
devel_4295	devel	44
devel_4296	devel	203
devel_4297	devel	100
devel_4298	devel	94
devel_4299	devel	32
devel_4300	devel	127
devel_4301	devel	68
devel_4302	devel	120
devel_4303	devel	198
devel_4304	devel	15
devel_4305	devel	202
devel_4306	devel	81
devel_4307	devel	182
devel_4308	devel	83
devel_4309	devel	17
devel_4310	devel	182
devel_4311	devel	205
devel_4312	devel	93
devel_4313	devel	145
devel_4314	devel	98
devel_4315	devel	117
devel_4316	devel	29
devel_4317	devel	65
devel_4318	devel	154
devel_4319	devel	90
devel_4320	devel	52
devel_4321	devel	60
devel_4322	devel	100
devel_4323	devel	125
devel_4324	devel	54
devel_4325	devel	23
devel_4326	devel	30
devel_4327	devel	113
devel_4328	devel	51
devel_4329	devel	97
devel_4330	devel	58
devel_4331	devel	27
devel_4332	devel	36
devel_4333	devel	122
devel_4334	devel	176
devel_4335	devel	43
devel_4336	devel	41
devel_4337	devel	78
devel_4338	devel	41
devel_4339	devel	120
devel_4340	devel	71
devel_4341	devel	78
devel_4342	devel	141
devel_4343	devel	141
devel_4344	devel	36
devel_4345	devel	203
devel_4346	devel	187
devel_4347	devel	27
devel_4348	devel	88
devel_4349	devel	163
devel_4350	devel	198
devel_4351	devel	91
devel_4352	devel	82
devel_4353	devel	75
devel_4354	devel	68
devel_4355	devel	185
devel_4356	devel	32
devel_4357	devel	203
devel_4358	devel	50
devel_4359	devel	91
devel_4360	devel	122
devel_4361	devel	60
devel_4362	devel	21
devel_4363	devel	120
devel_4364	devel	36
devel_4365	devel	51
devel_4366	devel	117
devel_4367	devel	201
devel_4368	devel	208
devel_4369	devel	85
devel_4370	devel	17
devel_4371	devel	15
devel_4372	devel	161
devel_4373	devel	26
devel_4374	devel	4
devel_4375	devel	32
devel_4376	devel	203
devel_4377	devel	93
devel_4378	devel	166
devel_4379	devel	207
devel_4380	devel	43
devel_4381	devel	99
devel_4382	devel	15
devel_4383	devel	193
devel_4384	devel	36
devel_4385	devel	19
devel_4386	devel	94
devel_4387	devel	166
devel_4388	devel	154
devel_4389	devel	28
devel_4390	devel	141
devel_4391	devel	156
devel_4392	devel	173
devel_4393	devel	1
devel_4394	devel	39
devel_4395	devel	56
devel_4396	devel	150
devel_4397	devel	140
devel_4398	devel	94
devel_4399	devel	32
devel_4400	devel	154
devel_4401	devel	199
devel_4402	devel	1
devel_4403	devel	71
devel_4404	devel	187
devel_4405	devel	83
devel_4406	devel	182
devel_4407	devel	91
devel_4408	devel	86
devel_4409	devel	153
devel_4410	devel	60
devel_4411	devel	18
devel_4412	devel	85
devel_4413	devel	144
devel_4414	devel	154
devel_4415	devel	16
devel_4416	devel	32
devel_4417	devel	84
devel_4418	devel	178
devel_4419	devel	192
devel_4420	devel	176
devel_4421	devel	194
devel_4422	devel	50
devel_4423	devel	56
devel_4424	devel	50
devel_4425	devel	86
devel_4426	devel	36
devel_4427	devel	0
devel_4428	devel	140
devel_4429	devel	3
devel_4430	devel	178
devel_4431	devel	127
devel_4432	devel	56
devel_4433	devel	107
devel_4434	devel	91
devel_4435	devel	185
devel_4436	devel	24
devel_4437	devel	58
devel_4438	devel	127
devel_4439	devel	122
devel_4440	devel	39
devel_4441	devel	46
devel_4442	devel	24
devel_4443	devel	36
devel_4444	devel	87
devel_4445	devel	113
devel_4446	devel	180
devel_4447	devel	203
devel_4448	devel	132
devel_4449	devel	55
devel_4450	devel	15
devel_4451	devel	178
devel_4452	devel	38
devel_4453	devel	68
devel_4454	devel	173
devel_4455	devel	33
devel_4456	devel	203
devel_4457	devel	140
devel_4458	devel	113
devel_4459	devel	154
devel_4460	devel	51
devel_4461	devel	15
devel_4462	devel	201
devel_4463	devel	127
devel_4464	devel	58
devel_4465	devel	32
devel_4466	devel	105
devel_4467	devel	0
devel_4468	devel	137
devel_4469	devel	60
devel_4470	devel	202
devel_4471	devel	198
devel_4472	devel	4
devel_4473	devel	185
devel_4474	devel	98
devel_4475	devel	95
devel_4476	devel	203
devel_4477	devel	191
devel_4478	devel	113
devel_4479	devel	36
devel_4480	devel	190
devel_4481	devel	122
devel_4482	devel	36
devel_4483	devel	94
devel_4484	devel	202
devel_4485	devel	99
devel_4486	devel	141
devel_4487	devel	109
devel_4488	devel	117
devel_4489	devel	63
devel_4490	devel	48
devel_4491	devel	192
devel_4492	devel	68
devel_4493	devel	39
devel_4494	devel	4
devel_4495	devel	64
devel_4496	devel	207
devel_4497	devel	203
devel_4498	devel	60
devel_4499	devel	53
devel_4500	devel	137
devel_4501	devel	53
devel_4502	devel	4
devel_4503	devel	181
devel_4504	devel	15
devel_4505	devel	162
devel_4506	devel	113
devel_4507	devel	161
devel_4508	devel	96
devel_4509	devel	105
devel_4510	devel	21
devel_4511	devel	22
devel_4512	devel	127
devel_4513	devel	152
devel_4514	devel	146
devel_4515	devel	109
devel_4516	devel	153
devel_4517	devel	203
devel_4518	devel	27
devel_4519	devel	30
devel_4520	devel	19
devel_4521	devel	0
devel_4522	devel	117
devel_4523	devel	78
devel_4524	devel	18
devel_4525	devel	193
devel_4526	devel	50
devel_4527	devel	109
devel_4528	devel	68
devel_4529	devel	52
devel_4530	devel	70
devel_4531	devel	58
devel_4532	devel	32
devel_4533	devel	5
devel_4534	devel	67
devel_4535	devel	148
devel_4536	devel	9
devel_4537	devel	68
devel_4538	devel	173
devel_4539	devel	185
devel_4540	devel	162
devel_4541	devel	184
devel_4542	devel	78
devel_4543	devel	27
devel_4544	devel	187
devel_4545	devel	82
devel_4546	devel	137
devel_4547	devel	122
devel_4548	devel	105
devel_4549	devel	77
devel_4550	devel	173
devel_4551	devel	28
devel_4552	devel	48
devel_4553	devel	48
devel_4554	devel	107
devel_4555	devel	18
devel_4556	devel	64
devel_4557	devel	94
devel_4558	devel	93
devel_4559	devel	58
devel_4560	devel	29
devel_4561	devel	44
devel_4562	devel	33
devel_4563	devel	50
devel_4564	devel	132
devel_4565	devel	117
devel_4566	devel	76
devel_4567	devel	178
devel_4568	devel	29
devel_4569	devel	3
devel_4570	devel	86
devel_4571	devel	56
devel_4572	devel	173
devel_4573	devel	117
devel_4574	devel	94
devel_4575	devel	116
devel_4576	devel	76
devel_4577	devel	44
devel_4578	devel	67
devel_4579	devel	83
devel_4580	devel	203
devel_4581	devel	120
devel_4582	devel	48
devel_4583	devel	127
devel_4584	devel	97
devel_4585	devel	148
devel_4586	devel	46
devel_4587	devel	9
devel_4588	devel	202
devel_4589	devel	97
devel_4590	devel	99
devel_4591	devel	181
devel_4592	devel	184
devel_4593	devel	100
devel_4594	devel	30
devel_4595	devel	202
devel_4596	devel	94
devel_4597	devel	93
devel_4598	devel	137
devel_4599	devel	116
devel_4600	devel	197
devel_4601	devel	43
devel_4602	devel	113
devel_4603	devel	178
devel_4604	devel	39
devel_4605	devel	21
devel_4606	devel	54
devel_4607	devel	122
devel_4608	devel	39
devel_4609	devel	173
devel_4610	devel	4
devel_4611	devel	194
devel_4612	devel	55
devel_4613	devel	4
devel_4614	devel	181
devel_4615	devel	144
devel_4616	devel	18
devel_4617	devel	190
devel_4618	devel	89
devel_4619	devel	64
devel_4620	devel	131
devel_4621	devel	110
devel_4622	devel	109
devel_4623	devel	183
devel_4624	devel	173
devel_4625	devel	125
devel_4626	devel	75
devel_4627	devel	71
devel_4628	devel	4
devel_4629	devel	118
devel_4630	devel	83
devel_4631	devel	99
devel_4632	devel	137
devel_4633	devel	134
devel_4634	devel	122
devel_4635	devel	174
devel_4636	devel	60
devel_4637	devel	36
devel_4638	devel	153
devel_4639	devel	71
devel_4640	devel	55
devel_4641	devel	161
devel_4642	devel	31
devel_4643	devel	27
devel_4644	devel	140
devel_4645	devel	206
devel_4646	devel	113
devel_4647	devel	208
devel_4648	devel	3
devel_4649	devel	176
devel_4650	devel	21
devel_4651	devel	32
devel_4652	devel	53
devel_4653	devel	38
devel_4654	devel	141
devel_4655	devel	100
devel_4656	devel	43
devel_4657	devel	152
devel_4658	devel	36
devel_4659	devel	82
devel_4660	devel	93
devel_4661	devel	24
devel_4662	devel	112
devel_4663	devel	85
devel_4664	devel	29
devel_4665	devel	88
devel_4666	devel	140
devel_4667	devel	203
devel_4668	devel	78
devel_4669	devel	43
devel_4670	devel	137
devel_4671	devel	63
devel_4672	devel	152
devel_4673	devel	88
devel_4674	devel	30
devel_4675	devel	38
devel_4676	devel	75
devel_4677	devel	24
devel_4678	devel	9
devel_4679	devel	26
devel_4680	devel	52
devel_4681	devel	107
devel_4682	devel	27
devel_4683	devel	86
devel_4684	devel	120
devel_4685	devel	89
devel_4686	devel	15
devel_4687	devel	19
devel_4688	devel	198
devel_4689	devel	161
devel_4690	devel	83
devel_4691	devel	48
devel_4692	devel	203
devel_4693	devel	43
devel_4694	devel	63
devel_4695	devel	150
devel_4696	devel	81
devel_4697	devel	55
devel_4698	devel	172
devel_4699	devel	60
devel_4700	devel	191
devel_4701	devel	76
devel_4702	devel	38
devel_4703	devel	117
devel_4704	devel	60
devel_4705	devel	30
devel_4706	devel	31
devel_4707	devel	60
devel_4708	devel	58
devel_4709	devel	192
devel_4710	devel	122
devel_4711	devel	43
devel_4712	devel	18
devel_4713	devel	161
devel_4714	devel	29
devel_4715	devel	207
devel_4716	devel	117
devel_4717	devel	112
devel_4718	devel	54
devel_4719	devel	153
devel_4720	devel	48
devel_4721	devel	67
devel_4722	devel	201
devel_4723	devel	205
devel_4724	devel	64
devel_4725	devel	44
devel_4726	devel	27
devel_4727	devel	24
devel_4728	devel	15
devel_4729	devel	117
devel_4730	devel	120
devel_4731	devel	94
devel_4732	devel	1
devel_4733	devel	184
devel_4734	devel	122
devel_4735	devel	113
devel_4736	devel	180
devel_4737	devel	161
devel_4738	devel	109
devel_4739	devel	55
devel_4740	devel	38
devel_4741	devel	93
devel_4742	devel	203
devel_4743	devel	100
devel_4744	devel	105
devel_4745	devel	86
devel_4746	devel	199
devel_4747	devel	64
devel_4748	devel	88
devel_4749	devel	32
devel_4750	devel	36
devel_4751	devel	113
devel_4752	devel	50
devel_4753	devel	95
devel_4754	devel	26
devel_4755	devel	162
devel_4756	devel	109
devel_4757	devel	71
devel_4758	devel	54
devel_4759	devel	41
devel_4760	devel	140
devel_4761	devel	113
devel_4762	devel	32
devel_4763	devel	194
devel_4764	devel	36
devel_4765	devel	122
devel_4766	devel	166
devel_4767	devel	191
devel_4768	devel	109
devel_4769	devel	83
devel_4770	devel	48
devel_4771	devel	67
devel_4772	devel	137
devel_4773	devel	43
devel_4774	devel	32
devel_4775	devel	56
devel_4776	devel	119
devel_4777	devel	172
devel_4778	devel	176
devel_4779	devel	127
devel_4780	devel	122
devel_4781	devel	202
devel_4782	devel	68
devel_4783	devel	149
devel_4784	devel	201
devel_4785	devel	129
devel_4786	devel	48
devel_4787	devel	117
devel_4788	devel	86
devel_4789	devel	109
devel_4790	devel	54
devel_4791	devel	95
devel_4792	devel	89
devel_4793	devel	44
devel_4794	devel	134
devel_4795	devel	144
devel_4796	devel	5
devel_4797	devel	174
devel_4798	devel	202
devel_4799	devel	41
devel_4800	devel	41
devel_4801	devel	140
devel_4802	devel	18
devel_4803	devel	19
devel_4804	devel	140
devel_4805	devel	54
devel_4806	devel	112
devel_4807	devel	190
devel_4808	devel	95
devel_4809	devel	145
devel_4810	devel	122
devel_4811	devel	99
devel_4812	devel	117
devel_4813	devel	38
devel_4814	devel	198
devel_4815	devel	17
devel_4816	devel	52
devel_4817	devel	23
devel_4818	devel	22
devel_4819	devel	202
devel_4820	devel	43
devel_4821	devel	166
devel_4822	devel	127
devel_4823	devel	107
devel_4824	devel	76
devel_4825	devel	82
devel_4826	devel	53
devel_4827	devel	187
devel_4828	devel	89
devel_4829	devel	30
devel_4830	devel	95
devel_4831	devel	122
devel_4832	devel	4
devel_4833	devel	89
devel_4834	devel	75
devel_4835	devel	201
devel_4836	devel	60
devel_4837	devel	97
devel_4838	devel	94
devel_4839	devel	1
devel_4840	devel	68
devel_4841	devel	201
devel_4842	devel	87
devel_4843	devel	68
devel_4844	devel	148
devel_4845	devel	122
devel_4846	devel	173
devel_4847	devel	16
devel_4848	devel	122
devel_4849	devel	94
devel_4850	devel	141
devel_4851	devel	192
devel_4852	devel	27
devel_4853	devel	153
devel_4854	devel	44
devel_4855	devel	63
devel_4856	devel	97
devel_4857	devel	144
devel_4858	devel	184
devel_4859	devel	9
devel_4860	devel	131
devel_4861	devel	93
devel_4862	devel	97
devel_4863	devel	86
devel_4864	devel	32
devel_4865	devel	28
devel_4866	devel	36
devel_4867	devel	98
devel_4868	devel	132
devel_4869	devel	86
devel_4870	devel	137
devel_4871	devel	198
devel_4872	devel	122
devel_4873	devel	3
devel_4874	devel	48
devel_4875	devel	52
devel_4876	devel	39
devel_4877	devel	19
devel_4878	devel	141
devel_4879	devel	94
devel_4880	devel	85
devel_4881	devel	26
devel_4882	devel	168
devel_4883	devel	152
devel_4884	devel	100
devel_4885	devel	43
devel_4886	devel	100
devel_4887	devel	24
devel_4888	devel	22
devel_4889	devel	154
devel_4890	devel	207
devel_4891	devel	141
devel_4892	devel	63
devel_4893	devel	127
devel_4894	devel	39
devel_4895	devel	1
devel_4896	devel	32
devel_4897	devel	27
devel_4898	devel	162
devel_4899	devel	203
devel_4900	devel	77
devel_4901	devel	53
devel_4902	devel	122
devel_4903	devel	4
devel_4904	devel	38
devel_4905	devel	191
devel_4906	devel	68
devel_4907	devel	88
devel_4908	devel	36
devel_4909	devel	30
devel_4910	devel	60
devel_4911	devel	85
devel_4912	devel	87
devel_4913	devel	117
devel_4914	devel	75
devel_4915	devel	77
devel_4916	devel	150
devel_4917	devel	141
devel_4918	devel	48
devel_4919	devel	85
devel_4920	devel	97
devel_4921	devel	191
devel_4922	devel	185
devel_4923	devel	134
devel_4924	devel	140
devel_4925	devel	141
devel_4926	devel	206
devel_4927	devel	94
devel_4928	devel	99
devel_4929	devel	162
devel_4930	devel	58
devel_4931	devel	41
devel_4932	devel	112
devel_4933	devel	93
devel_4934	devel	31
devel_4935	devel	39
devel_4936	devel	148
devel_4937	devel	48
devel_4938	devel	187
devel_4939	devel	137
devel_4940	devel	141
devel_4941	devel	107
devel_4942	devel	122
devel_4943	devel	185
devel_4944	devel	15
devel_4945	devel	140
devel_4946	devel	208
devel_4947	devel	36
devel_4948	devel	206
devel_4949	devel	131
devel_4950	devel	105
devel_4951	devel	36
devel_4952	devel	117
devel_4953	devel	60
devel_4954	devel	112
devel_4955	devel	94
devel_4956	devel	191
devel_4957	devel	162
devel_4958	devel	32
devel_4959	devel	24
devel_4960	devel	90
devel_4961	devel	39
devel_4962	devel	68
devel_4963	devel	86
devel_4964	devel	52
devel_4965	devel	81
devel_4966	devel	174
devel_4967	devel	30
devel_4968	devel	27
devel_4969	devel	162
devel_4970	devel	99
devel_4971	devel	129
devel_4972	devel	83
devel_4973	devel	86
devel_4974	devel	28
devel_4975	devel	21
devel_4976	devel	113
devel_4977	devel	27
devel_4978	devel	16
devel_4979	devel	30
devel_4980	devel	30
devel_4981	devel	89
devel_4982	devel	32
devel_4983	devel	41
devel_4984	devel	98
devel_4985	devel	78
devel_4986	devel	21
devel_4987	devel	68
devel_4988	devel	207
devel_4989	devel	28
devel_4990	devel	185
devel_4991	devel	112
devel_4992	devel	183
devel_4993	devel	76
devel_4994	devel	127
devel_4995	devel	98
devel_4996	devel	63
devel_4997	devel	95
devel_4998	devel	140
devel_4999	devel	36
devel_5000	devel	93
devel_5001	devel	163
devel_5002	devel	32
devel_5003	devel	18
devel_5004	devel	26
devel_5005	devel	105
devel_5006	devel	161
devel_5007	devel	201
devel_5008	devel	18
devel_5009	devel	168
devel_5010	devel	64
devel_5011	devel	89
devel_5012	devel	32
devel_5013	devel	176
devel_5014	devel	153
devel_5015	devel	3
devel_5016	devel	150
devel_5017	devel	98
devel_5018	devel	144
devel_5019	devel	44
devel_5020	devel	36
devel_5021	devel	77
devel_5022	devel	67
devel_5023	devel	9
devel_5024	devel	181
devel_5025	devel	148
devel_5026	devel	70
devel_5027	devel	146
devel_5028	devel	32
devel_5029	devel	54
devel_5030	devel	208
devel_5031	devel	50
devel_5032	devel	18
devel_5033	devel	99
devel_5034	devel	119
devel_5035	devel	116
devel_5036	devel	105
devel_5037	devel	27
devel_5038	devel	27
devel_5039	devel	38
devel_5040	devel	94
devel_5041	devel	162
devel_5042	devel	28
devel_5043	devel	53
devel_5044	devel	32
devel_5045	devel	64
devel_5046	devel	146
devel_5047	devel	134
devel_5048	devel	78
devel_5049	devel	94
devel_5050	devel	90
devel_5051	devel	18
devel_5052	devel	15
devel_5053	devel	28
devel_5054	devel	93
devel_5055	devel	180
devel_5056	devel	52
devel_5057	devel	54
devel_5058	devel	77
devel_5059	devel	119
devel_5060	devel	201
devel_5061	devel	166
devel_5062	devel	93
devel_5063	devel	39
devel_5064	devel	105
devel_5065	devel	39
devel_5066	devel	119
devel_5067	devel	64
devel_5068	devel	166
devel_5069	devel	22
devel_5070	devel	63
devel_5071	devel	56
devel_5072	devel	129
devel_5073	devel	81
devel_5074	devel	117
devel_5075	devel	168
devel_5076	devel	178
devel_5077	devel	77
devel_5078	devel	19
devel_5079	devel	0
devel_5080	devel	109
devel_5081	devel	44
devel_5082	devel	97
devel_5083	devel	41
devel_5084	devel	1
devel_5085	devel	183
devel_5086	devel	117
devel_5087	devel	21
devel_5088	devel	206
devel_5089	devel	4
devel_5090	devel	82
devel_5091	devel	42
devel_5092	devel	75
devel_5093	devel	166
devel_5094	devel	16
devel_5095	devel	206
devel_5096	devel	81
devel_5097	devel	109
devel_5098	devel	162
devel_5099	devel	15
devel_5100	devel	60
devel_5101	devel	76
devel_5102	devel	163
devel_5103	devel	31
devel_5104	devel	53
devel_5105	devel	105
devel_5106	devel	31
devel_5107	devel	100
devel_5108	devel	39
devel_5109	devel	18
devel_5110	devel	81
devel_5111	devel	86
devel_5112	devel	31
devel_5113	devel	192
devel_5114	devel	185
devel_5115	devel	44
devel_5116	devel	67
devel_5117	devel	16
devel_5118	devel	27
devel_5119	devel	1
devel_5120	devel	39
devel_5121	devel	137
devel_5122	devel	70
devel_5123	devel	24
devel_5124	devel	109
devel_5125	devel	85
devel_5126	devel	202
devel_5127	devel	5
devel_5128	devel	19
devel_5129	devel	53
devel_5130	devel	77
devel_5131	devel	78
devel_5132	devel	3
devel_5133	devel	183
devel_5134	devel	113
devel_5135	devel	122
devel_5136	devel	113
devel_5137	devel	134
devel_5138	devel	113
devel_5139	devel	120
devel_5140	devel	201
devel_5141	devel	32
devel_5142	devel	26
devel_5143	devel	31
devel_5144	devel	125
devel_5145	devel	44
devel_5146	devel	113
devel_5147	devel	52
devel_5148	devel	185
devel_5149	devel	122
devel_5150	devel	134
devel_5151	devel	168
devel_5152	devel	56
devel_5153	devel	134
devel_5154	devel	24
devel_5155	devel	50
devel_5156	devel	140
devel_5157	devel	77
devel_5158	devel	94
devel_5159	devel	41
devel_5160	devel	30
devel_5161	devel	153
devel_5162	devel	94
devel_5163	devel	19
devel_5164	devel	162
devel_5165	devel	31
devel_5166	devel	77
devel_5167	devel	178
devel_5168	devel	207
devel_5169	devel	91
devel_5170	devel	44
devel_5171	devel	52
devel_5172	devel	137
devel_5173	devel	127
devel_5174	devel	100
devel_5175	devel	192
devel_5176	devel	203
devel_5177	devel	173
devel_5178	devel	1
devel_5179	devel	94
devel_5180	devel	176
devel_5181	devel	199
devel_5182	devel	30
devel_5183	devel	95
devel_5184	devel	84
devel_5185	devel	21
devel_5186	devel	148
devel_5187	devel	94
devel_5188	devel	46
devel_5189	devel	145
devel_5190	devel	71
devel_5191	devel	4
devel_5192	devel	116
devel_5193	devel	4
devel_5194	devel	39
devel_5195	devel	27
devel_5196	devel	0
devel_5197	devel	107
devel_5198	devel	70
devel_5199	devel	148
devel_5200	devel	31
devel_5201	devel	116
devel_5202	devel	137
devel_5203	devel	152
devel_5204	devel	48
devel_5205	devel	86
devel_5206	devel	32
devel_5207	devel	202
devel_5208	devel	107
devel_5209	devel	107
devel_5210	devel	81
devel_5211	devel	145
devel_5212	devel	9
devel_5213	devel	125
devel_5214	devel	26
devel_5215	devel	39
devel_5216	devel	153
devel_5217	devel	207
devel_5218	devel	99
devel_5219	devel	205
devel_5220	devel	4
devel_5221	devel	75
devel_5222	devel	153
devel_5223	devel	174
devel_5224	devel	64
devel_5225	devel	98
devel_5226	devel	33
devel_5227	devel	198
devel_5228	devel	181
devel_5229	devel	190
devel_5230	devel	185
devel_5231	devel	36
devel_5232	devel	27
devel_5233	devel	140
devel_5234	devel	56
devel_5235	devel	68
devel_5236	devel	50
devel_5237	devel	153
devel_5238	devel	122
devel_5239	devel	131
devel_5240	devel	84
devel_5241	devel	150
devel_5242	devel	206
devel_5243	devel	93
devel_5244	devel	94
devel_5245	devel	185
devel_5246	devel	65
devel_5247	devel	134
devel_5248	devel	113
devel_5249	devel	16
devel_5250	devel	16
devel_5251	devel	94
devel_5252	devel	91
devel_5253	devel	127
devel_5254	devel	41
devel_5255	devel	184
devel_5256	devel	137
devel_5257	devel	109
devel_5258	devel	33
devel_5259	devel	156
devel_5260	devel	77
devel_5261	devel	152
devel_5262	devel	71
devel_5263	devel	182
devel_5264	devel	198
devel_5265	devel	68
devel_5266	devel	176
devel_5267	devel	201
devel_5268	devel	173
devel_5269	devel	208
devel_5270	devel	162
devel_5271	devel	131
devel_5272	devel	94
devel_5273	devel	127
devel_5274	devel	173
devel_5275	devel	99
devel_5276	devel	3
devel_5277	devel	43
devel_5278	devel	163
devel_5279	devel	94
devel_5280	devel	156
devel_5281	devel	94
devel_5282	devel	43
devel_5283	devel	16
devel_5284	devel	122
devel_5285	devel	127
devel_5286	devel	39
devel_5287	devel	36
devel_5288	devel	93
devel_5289	devel	27
devel_5290	devel	163
devel_5291	devel	78
devel_5292	devel	51
devel_5293	devel	208
devel_5294	devel	194
devel_5295	devel	184
devel_5296	devel	137
devel_5297	devel	93
devel_5298	devel	112
devel_5299	devel	180
devel_5300	devel	88
devel_5301	devel	163
devel_5302	devel	199
devel_5303	devel	58
devel_5304	devel	180
devel_5305	devel	100
devel_5306	devel	172
devel_5307	devel	166
devel_5308	devel	76
devel_5309	devel	17
devel_5310	devel	93
devel_5311	devel	31
devel_5312	devel	105
devel_5313	devel	94
devel_5314	devel	145
devel_5315	devel	41
devel_5316	devel	0
devel_5317	devel	140
devel_5318	devel	28
devel_5319	devel	77
devel_5320	devel	21
devel_5321	devel	18
devel_5322	devel	122
devel_5323	devel	172
devel_5324	devel	149
devel_5325	devel	36
devel_5326	devel	39
devel_5327	devel	173
devel_5328	devel	63
devel_5329	devel	21
devel_5330	devel	140
devel_5331	devel	75
devel_5332	devel	97
devel_5333	devel	94
devel_5334	devel	207
devel_5335	devel	52
devel_5336	devel	27
devel_5337	devel	67
devel_5338	devel	141
devel_5339	devel	16
devel_5340	devel	95
devel_5341	devel	199
devel_5342	devel	36
devel_5343	devel	53
devel_5344	devel	94
devel_5345	devel	201
devel_5346	devel	32
devel_5347	devel	74
devel_5348	devel	19
devel_5349	devel	93
devel_5350	devel	185
devel_5351	devel	53
devel_5352	devel	192
devel_5353	devel	156
devel_5354	devel	144
devel_5355	devel	140
devel_5356	devel	152
devel_5357	devel	95
devel_5358	devel	109
devel_5359	devel	154
devel_5360	devel	32
devel_5361	devel	94
devel_5362	devel	203
devel_5363	devel	29
devel_5364	devel	191
devel_5365	devel	152
devel_5366	devel	207
devel_5367	devel	154
devel_5368	devel	82
devel_5369	devel	85
devel_5370	devel	77
devel_5371	devel	31
devel_5372	devel	32
devel_5373	devel	184
devel_5374	devel	207
devel_5375	devel	68
devel_5376	devel	203
devel_5377	devel	202
devel_5378	devel	27
devel_5379	devel	64
devel_5380	devel	94
devel_5381	devel	53
devel_5382	devel	201
devel_5383	devel	68
devel_5384	devel	185
devel_5385	devel	205
devel_5386	devel	68
devel_5387	devel	162
devel_5388	devel	56
devel_5389	devel	93
devel_5390	devel	161
devel_5391	devel	81
devel_5392	devel	71
devel_5393	devel	162
devel_5394	devel	41
devel_5395	devel	27
devel_5396	devel	21
devel_5397	devel	60
devel_5398	devel	48
devel_5399	devel	85
devel_5400	devel	198
devel_5401	devel	202
devel_5402	devel	88
devel_5403	devel	185
devel_5404	devel	81
devel_5405	devel	201
devel_5406	devel	43
devel_5407	devel	24
devel_5408	devel	55
devel_5409	devel	181
devel_5410	devel	15
devel_5411	devel	199
devel_5412	devel	105
devel_5413	devel	203
devel_5414	devel	201
devel_5415	devel	119
devel_5416	devel	26
devel_5417	devel	162
devel_5418	devel	140
devel_5419	devel	85
devel_5420	devel	156
devel_5421	devel	165
devel_5422	devel	23
devel_5423	devel	28
devel_5424	devel	56
devel_5425	devel	198
devel_5426	devel	172
devel_5427	devel	194
devel_5428	devel	81
devel_5429	devel	118
devel_5430	devel	68
devel_5431	devel	77
devel_5432	devel	0
devel_5433	devel	88
devel_5434	devel	173
devel_5435	devel	56
devel_5436	devel	185
devel_5437	devel	117
devel_5438	devel	31
devel_5439	devel	116
devel_5440	devel	27
devel_5441	devel	144
devel_5442	devel	63
devel_5443	devel	191
devel_5444	devel	87
devel_5445	devel	78
devel_5446	devel	153
devel_5447	devel	149
devel_5448	devel	44
devel_5449	devel	99
devel_5450	devel	181
devel_5451	devel	81
devel_5452	devel	82
devel_5453	devel	81
devel_5454	devel	30
devel_5455	devel	18
devel_5456	devel	162
devel_5457	devel	173
devel_5458	devel	51
devel_5459	devel	94
devel_5460	devel	134
devel_5461	devel	42
devel_5462	devel	91
devel_5463	devel	22
devel_5464	devel	153
devel_5465	devel	15
devel_5466	devel	120
devel_5467	devel	52
devel_5468	devel	127
devel_5469	devel	18
devel_5470	devel	174
devel_5471	devel	67
devel_5472	devel	166
devel_5473	devel	39
devel_5474	devel	184
devel_5475	devel	77
devel_5476	devel	83
devel_5477	devel	95
devel_5478	devel	51
devel_5479	devel	144
devel_5480	devel	93
devel_5481	devel	58
devel_5482	devel	1
devel_5483	devel	116
devel_5484	devel	30
devel_5485	devel	148
devel_5486	devel	94
devel_5487	devel	41
devel_5488	devel	68
devel_5489	devel	46
devel_5490	devel	156
devel_5491	devel	192
devel_5492	devel	85
devel_5493	devel	153
devel_5494	devel	153
devel_5495	devel	83
devel_5496	devel	97
devel_5497	devel	105
devel_5498	devel	9
devel_5499	devel	53
devel_5500	devel	125
devel_5501	devel	58
devel_5502	devel	26
devel_5503	devel	113
devel_5504	devel	182
devel_5505	devel	192
devel_5506	devel	127
devel_5507	devel	185
devel_5508	devel	41
devel_5509	devel	46
devel_5510	devel	205
devel_5511	devel	109
devel_5512	devel	203
devel_5513	devel	86
devel_5514	devel	64
devel_5515	devel	113
devel_5516	devel	39
devel_5517	devel	90
devel_5518	devel	203
devel_5519	devel	88
devel_5520	devel	81
devel_5521	devel	41
devel_5522	devel	16
devel_5523	devel	109
devel_5524	devel	140
devel_5525	devel	119
devel_5526	devel	132
devel_5527	devel	113
devel_5528	devel	17
devel_5529	devel	99
devel_5530	devel	24
devel_5531	devel	26
devel_5532	devel	75
devel_5533	devel	97
devel_5534	devel	109
devel_5535	devel	55
devel_5536	devel	58
devel_5537	devel	52
devel_5538	devel	31
devel_5539	devel	75
devel_5540	devel	161
devel_5541	devel	203
devel_5542	devel	122
devel_5543	devel	120
devel_5544	devel	185
devel_5545	devel	127
devel_5546	devel	127
devel_5547	devel	181
devel_5548	devel	85
devel_5549	devel	146
devel_5550	devel	112
devel_5551	devel	127
devel_5552	devel	120
devel_5553	devel	172
devel_5554	devel	98
devel_5555	devel	199
devel_5556	devel	105
devel_5557	devel	31
devel_5558	devel	178
devel_5559	devel	16
devel_5560	devel	15
devel_5561	devel	29
devel_5562	devel	148
devel_5563	devel	68
devel_5564	devel	153
devel_5565	devel	174
devel_5566	devel	31
devel_5567	devel	50
devel_5568	devel	153
devel_5569	devel	23
devel_5570	devel	140
devel_5571	devel	32
devel_5572	devel	32
devel_5573	devel	178
devel_5574	devel	184
devel_5575	devel	198
devel_5576	devel	144
devel_5577	devel	15
devel_5578	devel	77
devel_5579	devel	109
devel_5580	devel	183
devel_5581	devel	119
devel_5582	devel	95
devel_5583	devel	105
devel_5584	devel	149
devel_5585	devel	191
devel_5586	devel	140
devel_5587	devel	105
devel_5588	devel	93
devel_5589	devel	187
devel_5590	devel	193
devel_5591	devel	131
devel_5592	devel	48
devel_5593	devel	152
devel_5594	devel	116
devel_5595	devel	55
devel_5596	devel	149
devel_5597	devel	9
devel_5598	devel	50
devel_5599	devel	38
devel_5600	devel	161
devel_5601	devel	94
devel_5602	devel	9
devel_5603	devel	82
devel_5604	devel	4
devel_5605	devel	68
devel_5606	devel	202
devel_5607	devel	107
devel_5608	devel	78
devel_5609	devel	141
devel_5610	devel	32
devel_5611	devel	192
devel_5612	devel	22
devel_5613	devel	137
devel_5614	devel	71
devel_5615	devel	38
devel_5616	devel	78
devel_5617	devel	68
devel_5618	devel	120
devel_5619	devel	100
devel_5620	devel	117
devel_5621	devel	180
devel_5622	devel	52
devel_5623	devel	99
devel_5624	devel	97
devel_5625	devel	176
devel_5626	devel	203
devel_5627	devel	117
devel_5628	devel	184
devel_5629	devel	93
devel_5630	devel	198
devel_5631	devel	129
devel_5632	devel	149
devel_5633	devel	203
devel_5634	devel	174
devel_5635	devel	153
devel_5636	devel	141
devel_5637	devel	91
devel_5638	devel	87
devel_5639	devel	95
devel_5640	devel	23
devel_5641	devel	44
devel_5642	devel	30
devel_5643	devel	26
devel_5644	devel	65
devel_5645	devel	192
devel_5646	devel	41
devel_5647	devel	15
devel_5648	devel	185
devel_5649	devel	30
devel_5650	devel	199
devel_5651	devel	149
devel_5652	devel	162
devel_5653	devel	113
devel_5654	devel	88
devel_5655	devel	67
devel_5656	devel	131
devel_5657	devel	192
devel_5658	devel	199
devel_5659	devel	152
devel_5660	devel	41
devel_5661	devel	173
devel_5662	devel	149
devel_5663	devel	90
devel_5664	devel	30
devel_5665	devel	0
devel_5666	devel	192
devel_5667	devel	127
devel_5668	devel	94
devel_5669	devel	140
devel_5670	devel	168
devel_5671	devel	185
devel_5672	devel	38
devel_5673	devel	48
devel_5674	devel	127
devel_5675	devel	26
devel_5676	devel	21
devel_5677	devel	3
devel_5678	devel	32
devel_5679	devel	63
devel_5680	devel	27
devel_5681	devel	201
devel_5682	devel	182
devel_5683	devel	67
devel_5684	devel	168
devel_5685	devel	208
devel_5686	devel	60
devel_5687	devel	0
devel_5688	devel	1
devel_5689	devel	75
devel_5690	devel	55
devel_5691	devel	140
devel_5692	devel	1
devel_5693	devel	48
devel_5694	devel	192
devel_5695	devel	78
devel_5696	devel	1
devel_5697	devel	1
devel_5698	devel	105
devel_5699	devel	150
devel_5700	devel	81
devel_5701	devel	203
devel_5702	devel	190
devel_5703	devel	134
devel_5704	devel	68
devel_5705	devel	85
devel_5706	devel	122
devel_5707	devel	122
devel_5708	devel	156
devel_5709	devel	31
devel_5710	devel	36
devel_5711	devel	183
devel_5712	devel	89
devel_5713	devel	173
devel_5714	devel	132
devel_5715	devel	21
devel_5716	devel	24
devel_5717	devel	32
devel_5718	devel	16
devel_5719	devel	4
devel_5720	devel	155
devel_5721	devel	134
devel_5722	devel	44
devel_5723	devel	68
devel_5724	devel	122
devel_5725	devel	67
devel_5726	devel	32
devel_5727	devel	60
devel_5728	devel	134
devel_5729	devel	85
devel_5730	devel	140
devel_5731	devel	52
devel_5732	devel	98
devel_5733	devel	208
devel_5734	devel	52
devel_5735	devel	15
devel_5736	devel	31
devel_5737	devel	137
devel_5738	devel	117
devel_5739	devel	137
devel_5740	devel	41
devel_5741	devel	31
devel_5742	devel	116
devel_5743	devel	53
devel_5744	devel	162
devel_5745	devel	77
devel_5746	devel	148
devel_5747	devel	113
devel_5748	devel	178
devel_5749	devel	120
devel_5750	devel	16
devel_5751	devel	19
devel_5752	devel	32
devel_5753	devel	16
devel_5754	devel	181
devel_5755	devel	19
devel_5756	devel	162
devel_5757	devel	134
devel_5758	devel	94
devel_5759	devel	97
devel_5760	devel	105
devel_5761	devel	152
devel_5762	devel	9
devel_5763	devel	152
devel_5764	devel	203
devel_5765	devel	21
devel_5766	devel	94
devel_5767	devel	182
devel_5768	devel	183
devel_5769	devel	53
devel_5770	devel	155
devel_5771	devel	38
devel_5772	devel	149
devel_5773	devel	64
devel_5774	devel	56
devel_5775	devel	15
devel_5776	devel	53
devel_5777	devel	30
devel_5778	devel	150
devel_5779	devel	137
devel_5780	devel	87
devel_5781	devel	145
devel_5782	devel	54
devel_5783	devel	183
devel_5784	devel	3
devel_5785	devel	36
devel_5786	devel	190
devel_5787	devel	64
devel_5788	devel	122
devel_5789	devel	60
devel_5790	devel	125
devel_5791	devel	94
devel_5792	devel	29
devel_5793	devel	29
devel_5794	devel	150
devel_5795	devel	109
devel_5796	devel	205
devel_5797	devel	94
devel_5798	devel	17
devel_5799	devel	68
devel_5800	devel	93
devel_5801	devel	41
devel_5802	devel	202
devel_5803	devel	19
devel_5804	devel	60
devel_5805	devel	53
devel_5806	devel	95
devel_5807	devel	98
devel_5808	devel	53
devel_5809	devel	131
devel_5810	devel	71
devel_5811	devel	120
devel_5812	devel	31
devel_5813	devel	38
devel_5814	devel	202
devel_5815	devel	176
devel_5816	devel	60
devel_5817	devel	38
devel_5818	devel	36
devel_5819	devel	190
devel_5820	devel	137
devel_5821	devel	17
devel_5822	devel	26
devel_5823	devel	97
devel_5824	devel	30
devel_5825	devel	199
devel_5826	devel	0
devel_5827	devel	94
devel_5828	devel	32
devel_5829	devel	194
devel_5830	devel	76
devel_5831	devel	32
devel_5832	devel	148
devel_5833	devel	31
devel_5834	devel	88
devel_5835	devel	9
devel_5836	devel	77
devel_5837	devel	94
devel_5838	devel	199
devel_5839	devel	162
devel_5840	devel	178
devel_5841	devel	90
devel_5842	devel	58
devel_5843	devel	68
devel_5844	devel	56
devel_5845	devel	82
devel_5846	devel	152
devel_5847	devel	172
devel_5848	devel	178
devel_5849	devel	29
devel_5850	devel	173
devel_5851	devel	131
devel_5852	devel	131
devel_5853	devel	122
devel_5854	devel	97
devel_5855	devel	162
devel_5856	devel	94
devel_5857	devel	41
devel_5858	devel	27
devel_5859	devel	202
devel_5860	devel	207
devel_5861	devel	44
devel_5862	devel	172
devel_5863	devel	156
devel_5864	devel	15
devel_5865	devel	105
devel_5866	devel	32
devel_5867	devel	54
devel_5868	devel	9
devel_5869	devel	192
devel_5870	devel	31
devel_5871	devel	119
devel_5872	devel	75
devel_5873	devel	174
devel_5874	devel	1
devel_5875	devel	52
devel_5876	devel	30
devel_5877	devel	65
devel_5878	devel	51
devel_5879	devel	192
devel_5880	devel	183
devel_5881	devel	50
devel_5882	devel	1
devel_5883	devel	39
devel_5884	devel	71
devel_5885	devel	44
devel_5886	devel	137
devel_5887	devel	119
devel_5888	devel	82
devel_5889	devel	91
devel_5890	devel	63
devel_5891	devel	60
devel_5892	devel	3
devel_5893	devel	153
devel_5894	devel	97
devel_5895	devel	18
devel_5896	devel	86
devel_5897	devel	134
devel_5898	devel	127
devel_5899	devel	29
devel_5900	devel	48
devel_5901	devel	82
devel_5902	devel	161
devel_5903	devel	190
devel_5904	devel	173
devel_5905	devel	68
devel_5906	devel	4
devel_5907	devel	0
devel_5908	devel	43
devel_5909	devel	203
devel_5910	devel	26
devel_5911	devel	163
devel_5912	devel	3
devel_5913	devel	1
devel_5914	devel	125
devel_5915	devel	60
devel_5916	devel	30
devel_5917	devel	36
devel_5918	devel	99
devel_5919	devel	202
devel_5920	devel	94
devel_5921	devel	98
devel_5922	devel	127
devel_5923	devel	24
devel_5924	devel	24
devel_5925	devel	64
devel_5926	devel	152
devel_5927	devel	137
devel_5928	devel	60
devel_5929	devel	99
devel_5930	devel	148
devel_5931	devel	197
devel_5932	devel	174
devel_5933	devel	67
devel_5934	devel	173
devel_5935	devel	36
devel_5936	devel	105
devel_5937	devel	56
devel_5938	devel	36
devel_5939	devel	39
devel_5940	devel	21
devel_5941	devel	193
devel_5942	devel	53
devel_5943	devel	54
devel_5944	devel	154
devel_5945	devel	27
devel_5946	devel	89
devel_5947	devel	71
devel_5948	devel	202
devel_5949	devel	122
devel_5950	devel	16
devel_5951	devel	134
devel_5952	devel	185
devel_5953	devel	120
devel_5954	devel	32
devel_5955	devel	43
devel_5956	devel	41
devel_5957	devel	174
devel_5958	devel	85
devel_5959	devel	68
devel_5960	devel	39
devel_5961	devel	183
devel_5962	devel	65
devel_5963	devel	199
devel_5964	devel	32
devel_5965	devel	23
devel_5966	devel	207
devel_5967	devel	176
devel_5968	devel	86
devel_5969	devel	30
devel_5970	devel	50
devel_5971	devel	201
devel_5972	devel	191
devel_5973	devel	194
devel_5974	devel	168
devel_5975	devel	54
devel_5976	devel	0
devel_5977	devel	22
devel_5978	devel	110
devel_5979	devel	58
devel_5980	devel	82
devel_5981	devel	30
devel_5982	devel	148
devel_5983	devel	83
devel_5984	devel	132
devel_5985	devel	68
devel_5986	devel	30
devel_5987	devel	90
devel_5988	devel	141
devel_5989	devel	202
devel_5990	devel	94
devel_5991	devel	168
devel_5992	devel	64
devel_5993	devel	109
devel_5994	devel	53
devel_5995	devel	27
devel_5996	devel	199
devel_5997	devel	137
devel_5998	devel	27
devel_5999	devel	1
devel_6000	devel	129
devel_6001	devel	78
devel_6002	devel	63
devel_6003	devel	86
devel_6004	devel	9
devel_6005	devel	122
devel_6006	devel	153
devel_6007	devel	105
devel_6008	devel	1
devel_6009	devel	60
devel_6010	devel	132
devel_6011	devel	120
devel_6012	devel	190
devel_6013	devel	205
devel_6014	devel	30
devel_6015	devel	0
devel_6016	devel	84
devel_6017	devel	172
devel_6018	devel	89
devel_6019	devel	85
devel_6020	devel	23
devel_6021	devel	183
devel_6022	devel	31
devel_6023	devel	117
devel_6024	devel	29
devel_6025	devel	205
devel_6026	devel	176
devel_6027	devel	58
devel_6028	devel	67
devel_6029	devel	15
devel_6030	devel	191
devel_6031	devel	193
devel_6032	devel	203
devel_6033	devel	46
devel_6034	devel	181
devel_6035	devel	206
devel_6036	devel	28
devel_6037	devel	54
devel_6038	devel	91
devel_6039	devel	44
devel_6040	devel	131
devel_6041	devel	39
devel_6042	devel	1
devel_6043	devel	208
devel_6044	devel	83
devel_6045	devel	166
devel_6046	devel	175
devel_6047	devel	94
devel_6048	devel	97
devel_6049	devel	30
devel_6050	devel	194
devel_6051	devel	181
devel_6052	devel	78
devel_6053	devel	203
devel_6054	devel	60
devel_6055	devel	91
devel_6056	devel	31
devel_6057	devel	64
devel_6058	devel	87
devel_6059	devel	85
devel_6060	devel	90
devel_6061	devel	206
devel_6062	devel	38
devel_6063	devel	75
devel_6064	devel	55
devel_6065	devel	122
devel_6066	devel	44
devel_6067	devel	93
devel_6068	devel	181
devel_6069	devel	183
devel_6070	devel	41
devel_6071	devel	173
devel_6072	devel	58
devel_6073	devel	75
devel_6074	devel	32
devel_6075	devel	44
devel_6076	devel	81
devel_6077	devel	56
devel_6078	devel	137
devel_6079	devel	27
devel_6080	devel	127
devel_6081	devel	19
devel_6082	devel	117
devel_6083	devel	41
devel_6084	devel	19
devel_6085	devel	201
devel_6086	devel	41
devel_6087	devel	23
devel_6088	devel	29
devel_6089	devel	156
devel_6090	devel	75
devel_6091	devel	51
devel_6092	devel	93
devel_6093	devel	43
devel_6094	devel	122
devel_6095	devel	105
devel_6096	devel	4
devel_6097	devel	190
devel_6098	devel	97
devel_6099	devel	36
devel_6100	devel	43
devel_6101	devel	60
devel_6102	devel	15
devel_6103	devel	32
devel_6104	devel	24
devel_6105	devel	141
devel_6106	devel	90
devel_6107	devel	154
devel_6108	devel	88
devel_6109	devel	41
devel_6110	devel	172
devel_6111	devel	134
devel_6112	devel	32
devel_6113	devel	100
devel_6114	devel	17
devel_6115	devel	183
devel_6116	devel	56
devel_6117	devel	4
devel_6118	devel	185
devel_6119	devel	41
devel_6120	devel	125
devel_6121	devel	50
devel_6122	devel	166
devel_6123	devel	119
devel_6124	devel	132
devel_6125	devel	109
devel_6126	devel	38
devel_6127	devel	64
devel_6128	devel	208
devel_6129	devel	174
devel_6130	devel	21
devel_6131	devel	148
devel_6132	devel	26
devel_6133	devel	162
devel_6134	devel	116
devel_6135	devel	52
devel_6136	devel	132
devel_6137	devel	187
devel_6138	devel	122
devel_6139	devel	24
devel_6140	devel	94
devel_6141	devel	141
devel_6142	devel	199
devel_6143	devel	120
devel_6144	devel	30
devel_6145	devel	44
devel_6146	devel	65
devel_6147	devel	44
devel_6148	devel	163
devel_6149	devel	134
devel_6150	devel	201
devel_6151	devel	67
devel_6152	devel	60
devel_6153	devel	153
devel_6154	devel	71
devel_6155	devel	52
devel_6156	devel	43
devel_6157	devel	38
devel_6158	devel	54
devel_6159	devel	63
devel_6160	devel	116
devel_6161	devel	52
devel_6162	devel	0
devel_6163	devel	15
devel_6164	devel	95
devel_6165	devel	17
devel_6166	devel	3
devel_6167	devel	36
devel_6168	devel	44
devel_6169	devel	32
devel_6170	devel	64
devel_6171	devel	68
devel_6172	devel	39
devel_6173	devel	68
devel_6174	devel	207
devel_6175	devel	192
devel_6176	devel	122
devel_6177	devel	78
devel_6178	devel	50
devel_6179	devel	9
devel_6180	devel	208
devel_6181	devel	1
devel_6182	devel	89
devel_6183	devel	163
devel_6184	devel	52
devel_6185	devel	165
devel_6186	devel	63
devel_6187	devel	100
devel_6188	devel	203
devel_6189	devel	166
devel_6190	devel	183
devel_6191	devel	203
devel_6192	devel	100
devel_6193	devel	63
devel_6194	devel	63
devel_6195	devel	203
devel_6196	devel	15
devel_6197	devel	161
devel_6198	devel	18
devel_6199	devel	202
devel_6200	devel	140
devel_6201	devel	41
devel_6202	devel	19
devel_6203	devel	168
devel_6204	devel	81
devel_6205	devel	36
devel_6206	devel	83
devel_6207	devel	154
devel_6208	devel	28
devel_6209	devel	77
devel_6210	devel	77
devel_6211	devel	19
devel_6212	devel	207
devel_6213	devel	41
devel_6214	devel	68
devel_6215	devel	58
devel_6216	devel	201
devel_6217	devel	87
devel_6218	devel	187
devel_6219	devel	144
devel_6220	devel	99
devel_6221	devel	87
devel_6222	devel	71
devel_6223	devel	205
devel_6224	devel	70
devel_6225	devel	60
devel_6226	devel	127
devel_6227	devel	192
devel_6228	devel	120
devel_6229	devel	15
devel_6230	devel	183
devel_6231	devel	39
devel_6232	devel	88
devel_6233	devel	134
devel_6234	devel	3
devel_6235	devel	51
devel_6236	devel	208
devel_6237	devel	176
devel_6238	devel	190
devel_6239	devel	51
devel_6240	devel	163
devel_6241	devel	94
devel_6242	devel	32
devel_6243	devel	120
devel_6244	devel	117
devel_6245	devel	129
devel_6246	devel	132
devel_6247	devel	94
devel_6248	devel	181
devel_6249	devel	166
devel_6250	devel	203
devel_6251	devel	109
devel_6252	devel	202
devel_6253	devel	17
devel_6254	devel	150
devel_6255	devel	51
devel_6256	devel	24
devel_6257	devel	134
devel_6258	devel	95
devel_6259	devel	58
devel_6260	devel	199
devel_6261	devel	152
devel_6262	devel	44
devel_6263	devel	1
devel_6264	devel	152
devel_6265	devel	65
devel_6266	devel	15
devel_6267	devel	54
devel_6268	devel	63
devel_6269	devel	44
devel_6270	devel	93
devel_6271	devel	15
devel_6272	devel	134
devel_6273	devel	127
devel_6274	devel	202
devel_6275	devel	60
devel_6276	devel	4
devel_6277	devel	15
devel_6278	devel	28
devel_6279	devel	44
devel_6280	devel	122
devel_6281	devel	149
devel_6282	devel	3
devel_6283	devel	94
devel_6284	devel	116
devel_6285	devel	29
devel_6286	devel	176
devel_6287	devel	202
devel_6288	devel	166
devel_6289	devel	203
devel_6290	devel	53
devel_6291	devel	19
devel_6292	devel	172
devel_6293	devel	15
devel_6294	devel	68
devel_6295	devel	39
devel_6296	devel	190
devel_6297	devel	140
devel_6298	devel	117
devel_6299	devel	19
devel_6300	devel	22
devel_6301	devel	100
devel_6302	devel	46
devel_6303	devel	202
devel_6304	devel	81
devel_6305	devel	89
devel_6306	devel	28
devel_6307	devel	132
devel_6308	devel	75
devel_6309	devel	64
devel_6310	devel	99
devel_6311	devel	16
devel_6312	devel	46
devel_6313	devel	18
devel_6314	devel	29
devel_6315	devel	191
devel_6316	devel	100
devel_6317	devel	178
devel_6318	devel	199
devel_6319	devel	41
devel_6320	devel	162
devel_6321	devel	63
devel_6322	devel	150
devel_6323	devel	125
devel_6324	devel	85
devel_6325	devel	166
devel_6326	devel	21
devel_6327	devel	100
devel_6328	devel	64
devel_6329	devel	95
devel_6330	devel	26
devel_6331	devel	105
devel_6332	devel	19
devel_6333	devel	172
devel_6334	devel	113
devel_6335	devel	122
devel_6336	devel	19
devel_6337	devel	125
devel_6338	devel	36
devel_6339	devel	43
devel_6340	devel	68
devel_6341	devel	191
devel_6342	devel	49
devel_6343	devel	81
devel_6344	devel	107
devel_6345	devel	201
devel_6346	devel	150
devel_6347	devel	148
devel_6348	devel	67
devel_6349	devel	176
devel_6350	devel	187
devel_6351	devel	120
devel_6352	devel	146
devel_6353	devel	1
devel_6354	devel	208
devel_6355	devel	77
devel_6356	devel	122
devel_6357	devel	85
devel_6358	devel	116
devel_6359	devel	185
devel_6360	devel	43
devel_6361	devel	32
devel_6362	devel	120
devel_6363	devel	36
devel_6364	devel	30
devel_6365	devel	174
devel_6366	devel	5
devel_6367	devel	31
devel_6368	devel	203
devel_6369	devel	113
devel_6370	devel	153
devel_6371	devel	44
devel_6372	devel	39
devel_6373	devel	0
devel_6374	devel	149
devel_6375	devel	88
devel_6376	devel	3
devel_6377	devel	148
devel_6378	devel	52
devel_6379	devel	116
devel_6380	devel	48
devel_6381	devel	67
devel_6382	devel	113
devel_6383	devel	44
devel_6384	devel	24
devel_6385	devel	141
devel_6386	devel	95
devel_6387	devel	16
devel_6388	devel	19
devel_6389	devel	97
devel_6390	devel	31
devel_6391	devel	68
devel_6392	devel	94
devel_6393	devel	43
devel_6394	devel	162
devel_6395	devel	27
devel_6396	devel	55
devel_6397	devel	64
devel_6398	devel	117
devel_6399	devel	183
devel_6400	devel	56
devel_6401	devel	27
devel_6402	devel	183
devel_6403	devel	100
devel_6404	devel	44
devel_6405	devel	116
devel_6406	devel	137
devel_6407	devel	107
devel_6408	devel	41
devel_6409	devel	187
devel_6410	devel	94
devel_6411	devel	54
devel_6412	devel	129
devel_6413	devel	176
devel_6414	devel	118
devel_6415	devel	56
devel_6416	devel	41
devel_6417	devel	44
devel_6418	devel	206
devel_6419	devel	166
devel_6420	devel	116
devel_6421	devel	36
devel_6422	devel	19
devel_6423	devel	53
devel_6424	devel	41
devel_6425	devel	18
devel_6426	devel	53
devel_6427	devel	94
devel_6428	devel	31
devel_6429	devel	94
devel_6430	devel	191
devel_6431	devel	149
devel_6432	devel	64
devel_6433	devel	173
devel_6434	devel	199
devel_6435	devel	19
devel_6436	devel	98
devel_6437	devel	134
devel_6438	devel	99
devel_6439	devel	172
devel_6440	devel	94
devel_6441	devel	107
devel_6442	devel	192
devel_6443	devel	1
devel_6444	devel	152
devel_6445	devel	154
devel_6446	devel	32
devel_6447	devel	95
devel_6448	devel	17
devel_6449	devel	207
devel_6450	devel	64
devel_6451	devel	153
devel_6452	devel	148
devel_6453	devel	71
devel_6454	devel	53
devel_6455	devel	131
devel_6456	devel	107
devel_6457	devel	120
devel_6458	devel	26
devel_6459	devel	81
devel_6460	devel	17
devel_6461	devel	148
devel_6462	devel	201
devel_6463	devel	89
devel_6464	devel	43
devel_6465	devel	16
devel_6466	devel	68
devel_6467	devel	30
devel_6468	devel	31
devel_6469	devel	176
devel_6470	devel	174
devel_6471	devel	99
devel_6472	devel	191
devel_6473	devel	75
devel_6474	devel	52
devel_6475	devel	206
devel_6476	devel	174
devel_6477	devel	185
devel_6478	devel	22
devel_6479	devel	206
devel_6480	devel	120
devel_6481	devel	30
devel_6482	devel	99
devel_6483	devel	203
devel_6484	devel	36
devel_6485	devel	21
devel_6486	devel	16
devel_6487	devel	42
devel_6488	devel	117
devel_6489	devel	122
devel_6490	devel	32
devel_6491	devel	91
devel_6492	devel	75
devel_6493	devel	173
devel_6494	devel	190
devel_6495	devel	93
devel_6496	devel	208
devel_6497	devel	122
devel_6498	devel	85
devel_6499	devel	152
devel_6500	devel	52
devel_6501	devel	18
devel_6502	devel	27
devel_6503	devel	187
devel_6504	devel	96
devel_6505	devel	23
devel_6506	devel	120
devel_6507	devel	30
devel_6508	devel	141
devel_6509	devel	19
devel_6510	devel	86
devel_6511	devel	23
devel_6512	devel	117
devel_6513	devel	202
devel_6514	devel	78
devel_6515	devel	1
devel_6516	devel	30
devel_6517	devel	17
devel_6518	devel	181
devel_6519	devel	18
devel_6520	devel	73
devel_6521	devel	9
devel_6522	devel	4
devel_6523	devel	68
devel_6524	devel	53
devel_6525	devel	131
devel_6526	devel	38
devel_6527	devel	81
devel_6528	devel	23
devel_6529	devel	76
devel_6530	devel	78
devel_6531	devel	85
devel_6532	devel	100
devel_6533	devel	119
devel_6534	devel	68
devel_6535	devel	173
devel_6536	devel	64
devel_6537	devel	63
devel_6538	devel	95
devel_6539	devel	38
devel_6540	devel	162
devel_6541	devel	30
devel_6542	devel	63
devel_6543	devel	18
devel_6544	devel	77
devel_6545	devel	105
devel_6546	devel	32
devel_6547	devel	16
devel_6548	devel	107
devel_6549	devel	83
devel_6550	devel	1
devel_6551	devel	117
devel_6552	devel	140
devel_6553	devel	9
devel_6554	devel	122
devel_6555	devel	27
devel_6556	devel	203
devel_6557	devel	58
devel_6558	devel	91
devel_6559	devel	149
devel_6560	devel	15
devel_6561	devel	81
devel_6562	devel	60
devel_6563	devel	28
devel_6564	devel	122
devel_6565	devel	31
devel_6566	devel	127
devel_6567	devel	127
devel_6568	devel	15
devel_6569	devel	166
devel_6570	devel	50
devel_6571	devel	94
devel_6572	devel	174
devel_6573	devel	18
devel_6574	devel	38
devel_6575	devel	166
devel_6576	devel	117
devel_6577	devel	122
devel_6578	devel	53
devel_6579	devel	94
devel_6580	devel	156
devel_6581	devel	120
devel_6582	devel	54
devel_6583	devel	5
devel_6584	devel	38
devel_6585	devel	148
devel_6586	devel	155
devel_6587	devel	85
devel_6588	devel	152
devel_6589	devel	184
devel_6590	devel	208
devel_6591	devel	95
devel_6592	devel	27
devel_6593	devel	137
devel_6594	devel	97
devel_6595	devel	150
devel_6596	devel	56
devel_6597	devel	82
devel_6598	devel	85
devel_6599	devel	67
devel_6600	devel	46
devel_6601	devel	94
devel_6602	devel	113
devel_6603	devel	50
devel_6604	devel	116
devel_6605	devel	81
devel_6606	devel	29
devel_6607	devel	182
devel_6608	devel	76
devel_6609	devel	43
devel_6610	devel	18
devel_6611	devel	53
devel_6612	devel	46
devel_6613	devel	91
devel_6614	devel	43
devel_6615	devel	100
devel_6616	devel	9
devel_6617	devel	68
devel_6618	devel	71
devel_6619	devel	50
devel_6620	devel	78
devel_6621	devel	1
devel_6622	devel	132
devel_6623	devel	137
devel_6624	devel	48
devel_6625	devel	44
devel_6626	devel	99
devel_6627	devel	26
devel_6628	devel	19
devel_6629	devel	198
devel_6630	devel	18
devel_6631	devel	122
devel_6632	devel	32
devel_6633	devel	68
devel_6634	devel	60
devel_6635	devel	5
devel_6636	devel	27
devel_6637	devel	67
devel_6638	devel	29
devel_6639	devel	44
devel_6640	devel	15
devel_6641	devel	119
devel_6642	devel	19
devel_6643	devel	91
devel_6644	devel	86
devel_6645	devel	203
devel_6646	devel	41
devel_6647	devel	23
devel_6648	devel	192
devel_6649	devel	192
devel_6650	devel	36
devel_6651	devel	94
devel_6652	devel	85
devel_6653	devel	162
devel_6654	devel	94
devel_6655	devel	94
devel_6656	devel	68
devel_6657	devel	122
devel_6658	devel	5
devel_6659	devel	95
devel_6660	devel	203
devel_6661	devel	19
devel_6662	devel	113
devel_6663	devel	24
devel_6664	devel	140
devel_6665	devel	122
devel_6666	devel	48
devel_6667	devel	60
devel_6668	devel	9
devel_6669	devel	90
devel_6670	devel	29
devel_6671	devel	36
devel_6672	devel	120
devel_6673	devel	78
devel_6674	devel	53
devel_6675	devel	117
devel_6676	devel	162
devel_6677	devel	181
devel_6678	devel	21
devel_6679	devel	94
devel_6680	devel	156
devel_6681	devel	187
devel_6682	devel	36
devel_6683	devel	154
devel_6684	devel	41
devel_6685	devel	168
devel_6686	devel	23
devel_6687	devel	105
devel_6688	devel	90
devel_6689	devel	15
devel_6690	devel	144
devel_6691	devel	182
devel_6692	devel	21
devel_6693	devel	207
devel_6694	devel	118
devel_6695	devel	3
devel_6696	devel	192
devel_6697	devel	64
devel_6698	devel	32
devel_6699	devel	58
devel_6700	devel	86
devel_6701	devel	30
devel_6702	devel	97
devel_6703	devel	156
devel_6704	devel	98
devel_6705	devel	50
devel_6706	devel	30
devel_6707	devel	53
devel_6708	devel	30
devel_6709	devel	156
devel_6710	devel	21
devel_6711	devel	132
devel_6712	devel	205
devel_6713	devel	172
devel_6714	devel	94
devel_6715	devel	15
devel_6716	devel	67
devel_6717	devel	32
devel_6718	devel	191
devel_6719	devel	48
devel_6720	devel	183
devel_6721	devel	203
devel_6722	devel	1
devel_6723	devel	156
devel_6724	devel	98
devel_6725	devel	180
devel_6726	devel	60
devel_6727	devel	72
devel_6728	devel	17
devel_6729	devel	166
devel_6730	devel	64
devel_6731	devel	140
devel_6732	devel	17
devel_6733	devel	140
devel_6734	devel	94
devel_6735	devel	148
devel_6736	devel	178
devel_6737	devel	30
devel_6738	devel	129
devel_6739	devel	119
devel_6740	devel	122
devel_6741	devel	166
devel_6742	devel	190
devel_6743	devel	203
devel_6744	devel	53
devel_6745	devel	5
devel_6746	devel	148
devel_6747	devel	125
devel_6748	devel	55
devel_6749	devel	190
devel_6750	devel	30
devel_6751	devel	52
devel_6752	devel	22
devel_6753	devel	41
devel_6754	devel	140
devel_6755	devel	109
devel_6756	devel	113
devel_6757	devel	118
devel_6758	devel	75
devel_6759	devel	26
devel_6760	devel	122
devel_6761	devel	198
devel_6762	devel	198
devel_6763	devel	113
devel_6764	devel	173
devel_6765	devel	94
devel_6766	devel	4
devel_6767	devel	71
devel_6768	devel	32
devel_6769	devel	3
devel_6770	devel	43
devel_6771	devel	153
devel_6772	devel	98
devel_6773	devel	154
devel_6774	devel	4
devel_6775	devel	109
devel_6776	devel	197
devel_6777	devel	125
devel_6778	devel	76
devel_6779	devel	206
devel_6780	devel	41
devel_6781	devel	55
devel_6782	devel	91
devel_6783	devel	94
devel_6784	devel	15
devel_6785	devel	70
devel_6786	devel	99
devel_6787	devel	44
devel_6788	devel	194
devel_6789	devel	119
devel_6790	devel	154
devel_6791	devel	85
devel_6792	devel	23
devel_6793	devel	187
devel_6794	devel	53
devel_6795	devel	120
devel_6796	devel	4
devel_6797	devel	77
devel_6798	devel	36
devel_6799	devel	82
devel_6800	devel	109
devel_6801	devel	122
devel_6802	devel	178
devel_6803	devel	9
devel_6804	devel	50
devel_6805	devel	18
devel_6806	devel	95
devel_6807	devel	89
devel_6808	devel	71
devel_6809	devel	172
devel_6810	devel	75
devel_6811	devel	31
devel_6812	devel	31
devel_6813	devel	88
devel_6814	devel	85
devel_6815	devel	36
devel_6816	devel	30
devel_6817	devel	109
devel_6818	devel	50
devel_6819	devel	30
devel_6820	devel	119
devel_6821	devel	22
devel_6822	devel	185
devel_6823	devel	203
devel_6824	devel	187
devel_6825	devel	32
devel_6826	devel	154
devel_6827	devel	148
devel_6828	devel	30
devel_6829	devel	48
devel_6830	devel	202
devel_6831	devel	205
devel_6832	devel	31
devel_6833	devel	55
devel_6834	devel	184
devel_6835	devel	141
devel_6836	devel	15
devel_6837	devel	82
devel_6838	devel	201
devel_6839	devel	174
devel_6840	devel	68
devel_6841	devel	19
devel_6842	devel	30
devel_6843	devel	152
devel_6844	devel	148
devel_6845	devel	192
devel_6846	devel	95
devel_6847	devel	3
devel_6848	devel	32
devel_6849	devel	184
devel_6850	devel	16
devel_6851	devel	99
devel_6852	devel	76
devel_6853	devel	68
devel_6854	devel	60
devel_6855	devel	203
devel_6856	devel	201
devel_6857	devel	97
devel_6858	devel	203
devel_6859	devel	30
devel_6860	devel	150
devel_6861	devel	64
devel_6862	devel	203
devel_6863	devel	95
devel_6864	devel	144
devel_6865	devel	81
devel_6866	devel	132
devel_6867	devel	52
devel_6868	devel	18
devel_6869	devel	91
devel_6870	devel	206
devel_6871	devel	60
devel_6872	devel	199
devel_6873	devel	64
devel_6874	devel	175
devel_6875	devel	134
devel_6876	devel	58
devel_6877	devel	131
devel_6878	devel	184
devel_6879	devel	52
devel_6880	devel	202
devel_6881	devel	39
devel_6882	devel	109
devel_6883	devel	140
devel_6884	devel	87
devel_6885	devel	85
devel_6886	devel	56
devel_6887	devel	97
devel_6888	devel	31
devel_6889	devel	202
devel_6890	devel	97
devel_6891	devel	86
devel_6892	devel	166
devel_6893	devel	83
devel_6894	devel	159
devel_6895	devel	156
devel_6896	devel	122
devel_6897	devel	201
devel_6898	devel	122
devel_6899	devel	9
devel_6900	devel	77
devel_6901	devel	4
devel_6902	devel	148
devel_6903	devel	94
devel_6904	devel	176
devel_6905	devel	27
devel_6906	devel	90
devel_6907	devel	32
devel_6908	devel	94
devel_6909	devel	26
devel_6910	devel	3
devel_6911	devel	206
devel_6912	devel	148
devel_6913	devel	18
devel_6914	devel	150
devel_6915	devel	203
devel_6916	devel	192
devel_6917	devel	140
devel_6918	devel	132
devel_6919	devel	68
devel_6920	devel	203
devel_6921	devel	48
devel_6922	devel	99
devel_6923	devel	30
devel_6924	devel	149
devel_6925	devel	203
devel_6926	devel	17
devel_6927	devel	150
devel_6928	devel	78
devel_6929	devel	166
devel_6930	devel	44
devel_6931	devel	30
devel_6932	devel	208
devel_6933	devel	51
devel_6934	devel	78
devel_6935	devel	42
devel_6936	devel	116
devel_6937	devel	58
devel_6938	devel	113
devel_6939	devel	88
devel_6940	devel	44
devel_6941	devel	68
devel_6942	devel	44
devel_6943	devel	125
devel_6944	devel	27
devel_6945	devel	3
devel_6946	devel	81
devel_6947	devel	17
devel_6948	devel	32
devel_6949	devel	166
devel_6950	devel	105
devel_6951	devel	184
devel_6952	devel	82
devel_6953	devel	41
devel_6954	devel	23
devel_6955	devel	15
devel_6956	devel	64
devel_6957	devel	67
devel_6958	devel	152
devel_6959	devel	32
devel_6960	devel	99
devel_6961	devel	140
devel_6962	devel	152
devel_6963	devel	178
devel_6964	devel	146
devel_6965	devel	58
devel_6966	devel	56
devel_6967	devel	68
devel_6968	devel	60
devel_6969	devel	56
devel_6970	devel	206
devel_6971	devel	93
devel_6972	devel	63
devel_6973	devel	198
devel_6974	devel	17
devel_6975	devel	4
devel_6976	devel	113
devel_6977	devel	15
devel_6978	devel	90
devel_6979	devel	87
devel_6980	devel	192
devel_6981	devel	122
devel_6982	devel	156
devel_6983	devel	75
devel_6984	devel	15
devel_6985	devel	28
devel_6986	devel	53
devel_6987	devel	140
devel_6988	devel	30
devel_6989	devel	127
devel_6990	devel	203
devel_6991	devel	75
devel_6992	devel	95
devel_6993	devel	60
devel_6994	devel	86
devel_6995	devel	60
devel_6996	devel	3
devel_6997	devel	31
devel_6998	devel	201
devel_6999	devel	131
devel_7000	devel	18
devel_7001	devel	187
devel_7002	devel	178
devel_7003	devel	58
devel_7004	devel	53
devel_7005	devel	137
devel_7006	devel	206
devel_7007	devel	202
devel_7008	devel	203
devel_7009	devel	30
devel_7010	devel	201
devel_7011	devel	91
devel_7012	devel	56
devel_7013	devel	99
devel_7014	devel	77
devel_7015	devel	166
devel_7016	devel	58
devel_7017	devel	145
devel_7018	devel	60
devel_7019	devel	156
devel_7020	devel	33
devel_7021	devel	134
devel_7022	devel	74
devel_7023	devel	105
devel_7024	devel	39
devel_7025	devel	202
devel_7026	devel	76
devel_7027	devel	112
devel_7028	devel	119
devel_7029	devel	5
devel_7030	devel	129
devel_7031	devel	64
devel_7032	devel	21
devel_7033	devel	172
devel_7034	devel	64
devel_7035	devel	44
devel_7036	devel	166
devel_7037	devel	192
devel_7038	devel	163
devel_7039	devel	64
devel_7040	devel	185
devel_7041	devel	56
devel_7042	devel	23
devel_7043	devel	4
devel_7044	devel	15
devel_7045	devel	32
devel_7046	devel	122
devel_7047	devel	131
devel_7048	devel	173
devel_7049	devel	9
devel_7050	devel	58
devel_7051	devel	208
devel_7052	devel	162
devel_7053	devel	15
devel_7054	devel	53
devel_7055	devel	94
devel_7056	devel	18
devel_7057	devel	183
devel_7058	devel	36
devel_7059	devel	31
devel_7060	devel	67
devel_7061	devel	94
devel_7062	devel	129
devel_7063	devel	124
devel_7064	devel	48
devel_7065	devel	94
devel_7066	devel	107
devel_7067	devel	43
devel_7068	devel	140
devel_7069	devel	32
devel_7070	devel	86
devel_7071	devel	5
devel_7072	devel	197
devel_7073	devel	16
devel_7074	devel	140
devel_7075	devel	63
devel_7076	devel	58
devel_7077	devel	36
devel_7078	devel	24
devel_7079	devel	56
devel_7080	devel	18
devel_7081	devel	36
devel_7082	devel	190
devel_7083	devel	174
devel_7084	devel	27
devel_7085	devel	145
devel_7086	devel	52
devel_7087	devel	190
devel_7088	devel	31
devel_7089	devel	43
devel_7090	devel	90
devel_7091	devel	93
devel_7092	devel	129
devel_7093	devel	74
devel_7094	devel	154
devel_7095	devel	162
devel_7096	devel	98
devel_7097	devel	203
devel_7098	devel	63
devel_7099	devel	94
devel_7100	devel	173
devel_7101	devel	55
devel_7102	devel	15
devel_7103	devel	5
devel_7104	devel	192
devel_7105	devel	27
devel_7106	devel	93
devel_7107	devel	94
devel_7108	devel	41
devel_7109	devel	140
devel_7110	devel	127
devel_7111	devel	16
devel_7112	devel	192
devel_7113	devel	78
devel_7114	devel	29
devel_7115	devel	154
devel_7116	devel	55
devel_7117	devel	203
devel_7118	devel	44
devel_7119	devel	83
devel_7120	devel	166
devel_7121	devel	184
devel_7122	devel	53
devel_7123	devel	39
devel_7124	devel	153
devel_7125	devel	174
devel_7126	devel	174
devel_7127	devel	154
devel_7128	devel	56
devel_7129	devel	117
devel_7130	devel	88
devel_7131	devel	24
devel_7132	devel	83
devel_7133	devel	94
devel_7134	devel	38
devel_7135	devel	30
devel_7136	devel	149
devel_7137	devel	113
devel_7138	devel	154
devel_7139	devel	75
devel_7140	devel	51
devel_7141	devel	1
devel_7142	devel	17
devel_7143	devel	134
devel_7144	devel	21
devel_7145	devel	207
devel_7146	devel	182
devel_7147	devel	90
devel_7148	devel	90
devel_7149	devel	29
devel_7150	devel	15
devel_7151	devel	122
devel_7152	devel	203
devel_7153	devel	202
devel_7154	devel	21
devel_7155	devel	16
devel_7156	devel	202
devel_7157	devel	36
devel_7158	devel	56
devel_7159	devel	88
devel_7160	devel	56
devel_7161	devel	183
devel_7162	devel	78
devel_7163	devel	18
devel_7164	devel	93
devel_7165	devel	21
devel_7166	devel	127
devel_7167	devel	132
devel_7168	devel	154
devel_7169	devel	63
devel_7170	devel	100
devel_7171	devel	88
devel_7172	devel	31
devel_7173	devel	52
devel_7174	devel	192
devel_7175	devel	107
devel_7176	devel	21
devel_7177	devel	78
devel_7178	devel	119
devel_7179	devel	18
devel_7180	devel	30
devel_7181	devel	53
devel_7182	devel	30
devel_7183	devel	72
devel_7184	devel	172
devel_7185	devel	9
devel_7186	devel	44
devel_7187	devel	110
devel_7188	devel	32
devel_7189	devel	113
devel_7190	devel	38
devel_7191	devel	206
devel_7192	devel	113
devel_7193	devel	120
devel_7194	devel	63
devel_7195	devel	27
devel_7196	devel	77
devel_7197	devel	182
devel_7198	devel	94
devel_7199	devel	1
devel_7200	devel	68
devel_7201	devel	27
devel_7202	devel	78
devel_7203	devel	94
devel_7204	devel	148
devel_7205	devel	27
devel_7206	devel	89
devel_7207	devel	67
devel_7208	devel	28
devel_7209	devel	127
devel_7210	devel	119
devel_7211	devel	75
devel_7212	devel	54
devel_7213	devel	18
devel_7214	devel	36
devel_7215	devel	24
devel_7216	devel	60
devel_7217	devel	28
devel_7218	devel	15
devel_7219	devel	152
devel_7220	devel	50
devel_7221	devel	166
devel_7222	devel	21
devel_7223	devel	208
devel_7224	devel	93
devel_7225	devel	36
devel_7226	devel	15
devel_7227	devel	129
devel_7228	devel	91
devel_7229	devel	36
devel_7230	devel	30
devel_7231	devel	125
devel_7232	devel	3
devel_7233	devel	202
devel_7234	devel	109
devel_7235	devel	94
devel_7236	devel	36
devel_7237	devel	52
devel_7238	devel	21
devel_7239	devel	41
devel_7240	devel	64
devel_7241	devel	203
devel_7242	devel	141
devel_7243	devel	113
devel_7244	devel	187
devel_7245	devel	174
devel_7246	devel	39
devel_7247	devel	182
devel_7248	devel	41
devel_7249	devel	15
devel_7250	devel	203
devel_7251	devel	86
devel_7252	devel	58
devel_7253	devel	19
devel_7254	devel	56
devel_7255	devel	30
devel_7256	devel	63
devel_7257	devel	44
devel_7258	devel	122
devel_7259	devel	181
devel_7260	devel	91
devel_7261	devel	48
devel_7262	devel	203
devel_7263	devel	63
devel_7264	devel	203
devel_7265	devel	28
devel_7266	devel	105
devel_7267	devel	5
devel_7268	devel	137
devel_7269	devel	155
devel_7270	devel	174
devel_7271	devel	122
devel_7272	devel	162
devel_7273	devel	105
devel_7274	devel	162
devel_7275	devel	9
devel_7276	devel	152
devel_7277	devel	152
devel_7278	devel	137
devel_7279	devel	162
devel_7280	devel	22
devel_7281	devel	78
devel_7282	devel	174
devel_7283	devel	166
devel_7284	devel	140
devel_7285	devel	51
devel_7286	devel	1
devel_7287	devel	98
devel_7288	devel	27
devel_7289	devel	30
devel_7290	devel	113
devel_7291	devel	137
devel_7292	devel	43
devel_7293	devel	178
devel_7294	devel	28
devel_7295	devel	120
devel_7296	devel	68
devel_7297	devel	36
devel_7298	devel	19
devel_7299	devel	41
devel_7300	devel	173
devel_7301	devel	84
devel_7302	devel	60
devel_7303	devel	192
devel_7304	devel	48
devel_7305	devel	38
devel_7306	devel	30
devel_7307	devel	183
devel_7308	devel	207
devel_7309	devel	190
devel_7310	devel	64
devel_7311	devel	116
devel_7312	devel	19
devel_7313	devel	166
devel_7314	devel	119
devel_7315	devel	51
devel_7316	devel	38
devel_7317	devel	184
devel_7318	devel	192
devel_7319	devel	146
devel_7320	devel	148
devel_7321	devel	28
devel_7322	devel	162
devel_7323	devel	3
devel_7324	devel	187
devel_7325	devel	28
devel_7326	devel	56
devel_7327	devel	54
devel_7328	devel	64
devel_7329	devel	119
devel_7330	devel	90
devel_7331	devel	85
devel_7332	devel	148
devel_7333	devel	168
devel_7334	devel	58
devel_7335	devel	112
devel_7336	devel	41
devel_7337	devel	146
devel_7338	devel	39
devel_7339	devel	181
devel_7340	devel	67
devel_7341	devel	94
devel_7342	devel	178
devel_7343	devel	152
devel_7344	devel	26
devel_7345	devel	176
devel_7346	devel	91
devel_7347	devel	84
devel_7348	devel	116
devel_7349	devel	120
devel_7350	devel	205
devel_7351	devel	78
devel_7352	devel	137
devel_7353	devel	178
devel_7354	devel	31
devel_7355	devel	44
devel_7356	devel	15
devel_7357	devel	4
devel_7358	devel	9
devel_7359	devel	85
devel_7360	devel	198
devel_7361	devel	107
devel_7362	devel	53
devel_7363	devel	32
devel_7364	devel	9
devel_7365	devel	56
devel_7366	devel	125
devel_7367	devel	3
devel_7368	devel	68
devel_7369	devel	60
devel_7370	devel	132
devel_7371	devel	166
devel_7372	devel	18
devel_7373	devel	18
devel_7374	devel	153
devel_7375	devel	140
devel_7376	devel	116
devel_7377	devel	113
devel_7378	devel	76
devel_7379	devel	94
devel_7380	devel	105
devel_7381	devel	203
devel_7382	devel	122
devel_7383	devel	81
devel_7384	devel	187
devel_7385	devel	41
devel_7386	devel	36
devel_7387	devel	70
devel_7388	devel	30
devel_7389	devel	16
devel_7390	devel	173
devel_7391	devel	39
devel_7392	devel	55
devel_7393	devel	178
devel_7394	devel	129
devel_7395	devel	178
devel_7396	devel	22
devel_7397	devel	1
devel_7398	devel	202
devel_7399	devel	88
devel_7400	devel	152
devel_7401	devel	29
devel_7402	devel	149
devel_7403	devel	77
devel_7404	devel	44
devel_7405	devel	174
devel_7406	devel	192
devel_7407	devel	38
devel_7408	devel	41
devel_7409	devel	194
devel_7410	devel	22
devel_7411	devel	71
devel_7412	devel	176
devel_7413	devel	68
devel_7414	devel	110
devel_7415	devel	99
devel_7416	devel	149
devel_7417	devel	185
devel_7418	devel	23
devel_7419	devel	46
devel_7420	devel	95
devel_7421	devel	185
devel_7422	devel	43
devel_7423	devel	29
devel_7424	devel	98
devel_7425	devel	53
devel_7426	devel	78
devel_7427	devel	53
devel_7428	devel	16
devel_7429	devel	21
devel_7430	devel	32
devel_7431	devel	17
devel_7432	devel	120
devel_7433	devel	32
devel_7434	devel	67
devel_7435	devel	174
devel_7436	devel	18
devel_7437	devel	46
devel_7438	devel	144
devel_7439	devel	131
devel_7440	devel	184
devel_7441	devel	94
devel_7442	devel	28
devel_7443	devel	41
devel_7444	devel	26
devel_7445	devel	1
devel_7446	devel	99
devel_7447	devel	39
devel_7448	devel	207
devel_7449	devel	75
devel_7450	devel	55
devel_7451	devel	58
devel_7452	devel	149
devel_7453	devel	17
devel_7454	devel	51
devel_7455	devel	117
devel_7456	devel	109
devel_7457	devel	31
devel_7458	devel	149
devel_7459	devel	48
devel_7460	devel	5
devel_7461	devel	100
devel_7462	devel	36
devel_7463	devel	184
devel_7464	devel	95
devel_7465	devel	9
devel_7466	devel	201
devel_7467	devel	24
devel_7468	devel	166
devel_7469	devel	26
devel_7470	devel	32
devel_7471	devel	24
devel_7472	devel	141
devel_7473	devel	154
devel_7474	devel	118
devel_7475	devel	53
devel_7476	devel	58
devel_7477	devel	155
devel_7478	devel	67
devel_7479	devel	144
devel_7480	devel	150
devel_7481	devel	98
devel_7482	devel	148
devel_7483	devel	172
devel_7484	devel	119
devel_7485	devel	86
devel_7486	devel	91
devel_7487	devel	113
devel_7488	devel	31
devel_7489	devel	68
devel_7490	devel	119
devel_7491	devel	17
devel_7492	devel	54
devel_7493	devel	88
devel_7494	devel	122
devel_7495	devel	87
devel_7496	devel	134
devel_7497	devel	134
devel_7498	devel	112
devel_7499	devel	109
devel_7500	devel	166
devel_7501	devel	28
devel_7502	devel	36
devel_7503	devel	32
devel_7504	devel	152
devel_7505	devel	58
devel_7506	devel	113
devel_7507	devel	191
devel_7508	devel	162
devel_7509	devel	15
devel_7510	devel	52
devel_7511	devel	117
devel_7512	devel	26
devel_7513	devel	145
devel_7514	devel	202
devel_7515	devel	148
devel_7516	devel	181
devel_7517	devel	94
devel_7518	devel	97
devel_7519	devel	15
devel_7520	devel	22
devel_7521	devel	119
devel_7522	devel	15
devel_7523	devel	109
devel_7524	devel	190
devel_7525	devel	154
devel_7526	devel	16
devel_7527	devel	94
devel_7528	devel	144
devel_7529	devel	119
devel_7530	devel	132
devel_7531	devel	88
devel_7532	devel	140
devel_7533	devel	15
devel_7534	devel	31
devel_7535	devel	88
devel_7536	devel	77
devel_7537	devel	81
devel_7538	devel	153
devel_7539	devel	82
devel_7540	devel	201
devel_7541	devel	129
devel_7542	devel	28
devel_7543	devel	127
devel_7544	devel	105
devel_7545	devel	52
devel_7546	devel	131
devel_7547	devel	15
devel_7548	devel	132
devel_7549	devel	166
devel_7550	devel	71
devel_7551	devel	173
devel_7552	devel	78
devel_7553	devel	3
devel_7554	devel	141
devel_7555	devel	60
devel_7556	devel	145
devel_7557	devel	83
devel_7558	devel	113
devel_7559	devel	32
devel_7560	devel	104
devel_7561	devel	63
devel_7562	devel	58
devel_7563	devel	141
devel_7564	devel	162
devel_7565	devel	127
devel_7566	devel	63
devel_7567	devel	23
devel_7568	devel	52
devel_7569	devel	63
devel_7570	devel	39
devel_7571	devel	152
devel_7572	devel	15
devel_7573	devel	21
devel_7574	devel	122
devel_7575	devel	94
devel_7576	devel	83
devel_7577	devel	30
devel_7578	devel	82
devel_7579	devel	5
devel_7580	devel	64
devel_7581	devel	75
devel_7582	devel	113
devel_7583	devel	207
devel_7584	devel	15
devel_7585	devel	184
devel_7586	devel	94
devel_7587	devel	26
devel_7588	devel	30
devel_7589	devel	88
devel_7590	devel	178
devel_7591	devel	60
devel_7592	devel	119
devel_7593	devel	129
devel_7594	devel	107
devel_7595	devel	0
devel_7596	devel	0
devel_7597	devel	127
devel_7598	devel	203
devel_7599	devel	28
devel_7600	devel	190
devel_7601	devel	41
devel_7602	devel	29
devel_7603	devel	55
devel_7604	devel	94
devel_7605	devel	113
devel_7606	devel	140
devel_7607	devel	60
devel_7608	devel	29
devel_7609	devel	54
devel_7610	devel	148
devel_7611	devel	63
devel_7612	devel	4
devel_7613	devel	202
devel_7614	devel	58
devel_7615	devel	58
devel_7616	devel	55
devel_7617	devel	129
devel_7618	devel	5
devel_7619	devel	156
devel_7620	devel	54
devel_7621	devel	56
devel_7622	devel	113
devel_7623	devel	30
devel_7624	devel	67
devel_7625	devel	0
devel_7626	devel	67
devel_7627	devel	97
devel_7628	devel	148
devel_7629	devel	86
devel_7630	devel	192
devel_7631	devel	86
devel_7632	devel	32
devel_7633	devel	56
devel_7634	devel	208
devel_7635	devel	67
devel_7636	devel	144
devel_7637	devel	122
devel_7638	devel	29
devel_7639	devel	58
devel_7640	devel	173
devel_7641	devel	203
devel_7642	devel	78
devel_7643	devel	178
devel_7644	devel	145
devel_7645	devel	137
devel_7646	devel	199
devel_7647	devel	83
devel_7648	devel	16
devel_7649	devel	76
devel_7650	devel	0
devel_7651	devel	81
devel_7652	devel	60
devel_7653	devel	208
devel_7654	devel	181
devel_7655	devel	176
devel_7656	devel	94
devel_7657	devel	31
devel_7658	devel	205
devel_7659	devel	44
devel_7660	devel	129
devel_7661	devel	193
devel_7662	devel	42
devel_7663	devel	68
devel_7664	devel	15
devel_7665	devel	0
devel_7666	devel	60
devel_7667	devel	100
devel_7668	devel	15
devel_7669	devel	152
devel_7670	devel	122
devel_7671	devel	178
devel_7672	devel	140
devel_7673	devel	172
devel_7674	devel	48
devel_7675	devel	97
devel_7676	devel	53
devel_7677	devel	60
devel_7678	devel	65
devel_7679	devel	21
devel_7680	devel	43
devel_7681	devel	187
devel_7682	devel	93
devel_7683	devel	166
devel_7684	devel	203
devel_7685	devel	141
devel_7686	devel	30
devel_7687	devel	99
devel_7688	devel	174
devel_7689	devel	27
devel_7690	devel	91
devel_7691	devel	32
devel_7692	devel	197
devel_7693	devel	122
devel_7694	devel	199
devel_7695	devel	53
devel_7696	devel	77
devel_7697	devel	32
devel_7698	devel	203
devel_7699	devel	203
devel_7700	devel	67
devel_7701	devel	125
devel_7702	devel	154
devel_7703	devel	15
devel_7704	devel	24
devel_7705	devel	206
devel_7706	devel	113
devel_7707	devel	41
devel_7708	devel	105
devel_7709	devel	181
devel_7710	devel	94
devel_7711	devel	4
devel_7712	devel	113
devel_7713	devel	32
devel_7714	devel	43
devel_7715	devel	122
devel_7716	devel	185
devel_7717	devel	90
devel_7718	devel	191
devel_7719	devel	153
devel_7720	devel	27
devel_7721	devel	78
devel_7722	devel	85
devel_7723	devel	27
devel_7724	devel	144
devel_7725	devel	53
devel_7726	devel	125
devel_7727	devel	194
devel_7728	devel	97
devel_7729	devel	174
devel_7730	devel	105
devel_7731	devel	21
devel_7732	devel	90
devel_7733	devel	1
devel_7734	devel	194
devel_7735	devel	202
devel_7736	devel	48
devel_7737	devel	19
devel_7738	devel	198
devel_7739	devel	15
devel_7740	devel	9
devel_7741	devel	24
devel_7742	devel	109
devel_7743	devel	132
devel_7744	devel	67
devel_7745	devel	28
devel_7746	devel	194
devel_7747	devel	129
devel_7748	devel	51
devel_7749	devel	27
devel_7750	devel	132
devel_7751	devel	88
devel_7752	devel	17
devel_7753	devel	208
devel_7754	devel	54
devel_7755	devel	75
devel_7756	devel	140
devel_7757	devel	113
devel_7758	devel	58
devel_7759	devel	86
devel_7760	devel	137
devel_7761	devel	191
devel_7762	devel	184
devel_7763	devel	81
devel_7764	devel	31
devel_7765	devel	152
devel_7766	devel	38
devel_7767	devel	87
devel_7768	devel	48
devel_7769	devel	17
devel_7770	devel	75
devel_7771	devel	120
devel_7772	devel	100
devel_7773	devel	55
devel_7774	devel	36
devel_7775	devel	134
devel_7776	devel	145
devel_7777	devel	16
devel_7778	devel	94
devel_7779	devel	168
devel_7780	devel	120
devel_7781	devel	73
devel_7782	devel	98
devel_7783	devel	105
devel_7784	devel	146
devel_7785	devel	183
devel_7786	devel	149
devel_7787	devel	52
devel_7788	devel	153
devel_7789	devel	118
devel_7790	devel	17
devel_7791	devel	199
devel_7792	devel	75
devel_7793	devel	190
devel_7794	devel	39
devel_7795	devel	74
devel_7796	devel	178
devel_7797	devel	107
devel_7798	devel	174
devel_7799	devel	58
devel_7800	devel	88
devel_7801	devel	65
devel_7802	devel	113
devel_7803	devel	187
devel_7804	devel	17
devel_7805	devel	31
devel_7806	devel	36
devel_7807	devel	9
devel_7808	devel	22
devel_7809	devel	201
devel_7810	devel	166
devel_7811	devel	153
devel_7812	devel	21
devel_7813	devel	129
devel_7814	devel	9
devel_7815	devel	24
devel_7816	devel	125
devel_7817	devel	18
devel_7818	devel	94
devel_7819	devel	58
devel_7820	devel	32
devel_7821	devel	93
devel_7822	devel	187
devel_7823	devel	52
devel_7824	devel	56
devel_7825	devel	93
devel_7826	devel	95
devel_7827	devel	31
devel_7828	devel	30
devel_7829	devel	131
devel_7830	devel	113
devel_7831	devel	32
devel_7832	devel	44
devel_7833	devel	183
devel_7834	devel	183
devel_7835	devel	84
devel_7836	devel	0
devel_7837	devel	99
devel_7838	devel	116
devel_7839	devel	4
devel_7840	devel	89
devel_7841	devel	15
devel_7842	devel	100
devel_7843	devel	81
devel_7844	devel	166
devel_7845	devel	67
devel_7846	devel	161
devel_7847	devel	185
devel_7848	devel	174
devel_7849	devel	1
devel_7850	devel	141
devel_7851	devel	77
devel_7852	devel	26
devel_7853	devel	67
devel_7854	devel	113
devel_7855	devel	32
devel_7856	devel	9
devel_7857	devel	52
devel_7858	devel	53
devel_7859	devel	105
devel_7860	devel	122
devel_7861	devel	154
devel_7862	devel	81
devel_7863	devel	183
devel_7864	devel	41
devel_7865	devel	5
devel_7866	devel	203
devel_7867	devel	203
devel_7868	devel	81
devel_7869	devel	78
devel_7870	devel	185
devel_7871	devel	41
devel_7872	devel	174
devel_7873	devel	174
devel_7874	devel	71
devel_7875	devel	15
devel_7876	devel	30
devel_7877	devel	39
devel_7878	devel	32
devel_7879	devel	201
devel_7880	devel	19
devel_7881	devel	100
devel_7882	devel	119
devel_7883	devel	120
devel_7884	devel	184
devel_7885	devel	85
devel_7886	devel	94
devel_7887	devel	53
devel_7888	devel	44
devel_7889	devel	94
devel_7890	devel	94
devel_7891	devel	15
devel_7892	devel	94
devel_7893	devel	83
devel_7894	devel	15
devel_7895	devel	201
devel_7896	devel	38
devel_7897	devel	64
devel_7898	devel	4
devel_7899	devel	74
devel_7900	devel	132
devel_7901	devel	120
devel_7902	devel	32
devel_7903	devel	15
devel_7904	devel	55
devel_7905	devel	137
devel_7906	devel	43
devel_7907	devel	28
devel_7908	devel	15
devel_7909	devel	208
devel_7910	devel	119
devel_7911	devel	125
devel_7912	devel	145
devel_7913	devel	18
devel_7914	devel	107
devel_7915	devel	141
devel_7916	devel	55
devel_7917	devel	131
devel_7918	devel	94
devel_7919	devel	64
devel_7920	devel	33
devel_7921	devel	113
devel_7922	devel	184
devel_7923	devel	94
devel_7924	devel	32
devel_7925	devel	97
devel_7926	devel	78
devel_7927	devel	122
devel_7928	devel	27
devel_7929	devel	122
devel_7930	devel	94
devel_7931	devel	3
devel_7932	devel	53
devel_7933	devel	77
devel_7934	devel	27
devel_7935	devel	166
devel_7936	devel	191
devel_7937	devel	199
devel_7938	devel	32
devel_7939	devel	125
devel_7940	devel	94
devel_7941	devel	168
devel_7942	devel	113
devel_7943	devel	176
devel_7944	devel	149
devel_7945	devel	38
devel_7946	devel	122
devel_7947	devel	27
devel_7948	devel	90
devel_7949	devel	163
devel_7950	devel	15
devel_7951	devel	52
devel_7952	devel	15
devel_7953	devel	175
devel_7954	devel	141
devel_7955	devel	183
devel_7956	devel	30
devel_7957	devel	83
devel_7958	devel	1
devel_7959	devel	132
devel_7960	devel	150
devel_7961	devel	56
devel_7962	devel	31
devel_7963	devel	190
devel_7964	devel	68
devel_7965	devel	203
devel_7966	devel	39
devel_7967	devel	94
devel_7968	devel	140
devel_7969	devel	31
devel_7970	devel	36
devel_7971	devel	140
devel_7972	devel	182
devel_7973	devel	15
devel_7974	devel	87
devel_7975	devel	5
devel_7976	devel	43
devel_7977	devel	90
devel_7978	devel	105
devel_7979	devel	116
devel_7980	devel	64
devel_7981	devel	105
devel_7982	devel	192
devel_7983	devel	148
devel_7984	devel	144
devel_7985	devel	68
devel_7986	devel	5
devel_7987	devel	1
devel_7988	devel	93
devel_7989	devel	116
devel_7990	devel	56
devel_7991	devel	15
devel_7992	devel	17
devel_7993	devel	64
devel_7994	devel	125
devel_7995	devel	0
devel_7996	devel	30
devel_7997	devel	206
devel_7998	devel	75
devel_7999	devel	100
devel_8000	devel	41
devel_8001	devel	43
devel_8002	devel	3
devel_8003	devel	64
devel_8004	devel	63
devel_8005	devel	60
devel_8006	devel	152
devel_8007	devel	154
devel_8008	devel	82
devel_8009	devel	78
devel_8010	devel	95
devel_8011	devel	65
devel_8012	devel	172
devel_8013	devel	29
devel_8014	devel	83
devel_8015	devel	83
devel_8016	devel	75
devel_8017	devel	137
devel_8018	devel	113
devel_8019	devel	88
devel_8020	devel	44
devel_8021	devel	31
devel_8022	devel	146
devel_8023	devel	88
devel_8024	devel	44
devel_8025	devel	162
devel_8026	devel	93
devel_8027	devel	198
devel_8028	devel	199
devel_8029	devel	55
devel_8030	devel	48
devel_8031	devel	36
devel_8032	devel	18
devel_8033	devel	172
devel_8034	devel	185
devel_8035	devel	119
devel_8036	devel	98
devel_8037	devel	93
devel_8038	devel	54
devel_8039	devel	27
devel_8040	devel	24
devel_8041	devel	82
devel_8042	devel	131
devel_8043	devel	38
devel_8044	devel	26
devel_8045	devel	202
devel_8046	devel	141
devel_8047	devel	82
devel_8048	devel	98
devel_8049	devel	32
devel_8050	devel	27
devel_8051	devel	85
devel_8052	devel	203
devel_8053	devel	2
devel_8054	devel	94
devel_8055	devel	116
devel_8056	devel	125
devel_8057	devel	68
devel_8058	devel	32
devel_8059	devel	190
devel_8060	devel	53
devel_8061	devel	29
devel_8062	devel	94
devel_8063	devel	58
devel_8064	devel	74
devel_8065	devel	83
devel_8066	devel	41
devel_8067	devel	184
devel_8068	devel	184
devel_8069	devel	199
devel_8070	devel	15
devel_8071	devel	116
devel_8072	devel	148
devel_8073	devel	32
devel_8074	devel	18
devel_8075	devel	129
devel_8076	devel	162
devel_8077	devel	60
devel_8078	devel	181
devel_8079	devel	131
devel_8080	devel	122
devel_8081	devel	203
devel_8082	devel	77
devel_8083	devel	178
devel_8084	devel	175
devel_8085	devel	201
devel_8086	devel	44
devel_8087	devel	18
devel_8088	devel	17
devel_8089	devel	194
devel_8090	devel	58
devel_8091	devel	127
devel_8092	devel	132
devel_8093	devel	5
devel_8094	devel	199
devel_8095	devel	54
devel_8096	devel	68
devel_8097	devel	134
devel_8098	devel	4
devel_8099	devel	97
devel_8100	devel	64
devel_8101	devel	197
devel_8102	devel	44
devel_8103	devel	18
devel_8104	devel	208
devel_8105	devel	75
devel_8106	devel	97
devel_8107	devel	43
devel_8108	devel	9
devel_8109	devel	134
devel_8110	devel	107
devel_8111	devel	82
devel_8112	devel	91
devel_8113	devel	36
devel_8114	devel	166
devel_8115	devel	60
devel_8116	devel	26
devel_8117	devel	19
devel_8118	devel	54
devel_8119	devel	18
devel_8120	devel	38
devel_8121	devel	178
devel_8122	devel	68
devel_8123	devel	30
devel_8124	devel	198
devel_8125	devel	95
devel_8126	devel	94
devel_8127	devel	150
devel_8128	devel	64
devel_8129	devel	85
devel_8130	devel	193
devel_8131	devel	75
devel_8132	devel	18
devel_8133	devel	36
devel_8134	devel	18
devel_8135	devel	172
devel_8136	devel	94
devel_8137	devel	36
devel_8138	devel	191
devel_8139	devel	183
devel_8140	devel	199
devel_8141	devel	4
devel_8142	devel	83
devel_8143	devel	76
devel_8144	devel	68
devel_8145	devel	199
devel_8146	devel	18
devel_8147	devel	60
devel_8148	devel	56
devel_8149	devel	162
devel_8150	devel	88
devel_8151	devel	107
devel_8152	devel	140
devel_8153	devel	173
devel_8154	devel	18
devel_8155	devel	153
devel_8156	devel	125
devel_8157	devel	203
devel_8158	devel	30
devel_8159	devel	78
devel_8160	devel	15
devel_8161	devel	187
devel_8162	devel	180
devel_8163	devel	178
devel_8164	devel	9
devel_8165	devel	15
devel_8166	devel	9
devel_8167	devel	18
devel_8168	devel	140
devel_8169	devel	3
devel_8170	devel	185
devel_8171	devel	30
devel_8172	devel	1
devel_8173	devel	88
devel_8174	devel	9
devel_8175	devel	55
devel_8176	devel	100
devel_8177	devel	172
devel_8178	devel	15
devel_8179	devel	208
devel_8180	devel	95
devel_8181	devel	120
devel_8182	devel	23
devel_8183	devel	60
devel_8184	devel	184
devel_8185	devel	23
devel_8186	devel	145
devel_8187	devel	154
devel_8188	devel	31
devel_8189	devel	21
devel_8190	devel	1
devel_8191	devel	187
devel_8192	devel	91
devel_8193	devel	182
devel_8194	devel	201
devel_8195	devel	50
devel_8196	devel	44
devel_8197	devel	83
devel_8198	devel	43
devel_8199	devel	117
devel_8200	devel	94
devel_8201	devel	134
devel_8202	devel	58
devel_8203	devel	60
devel_8204	devel	144
devel_8205	devel	82
devel_8206	devel	148
devel_8207	devel	125
devel_8208	devel	60
devel_8209	devel	53
devel_8210	devel	53
devel_8211	devel	58
devel_8212	devel	38
devel_8213	devel	30
devel_8214	devel	94
devel_8215	devel	26
devel_8216	devel	161
devel_8217	devel	17
devel_8218	devel	70
devel_8219	devel	0
devel_8220	devel	174
devel_8221	devel	145
devel_8222	devel	63
devel_8223	devel	53
devel_8224	devel	32
devel_8225	devel	122
devel_8226	devel	199
devel_8227	devel	201
devel_8228	devel	41
devel_8229	devel	27
devel_8230	devel	197
devel_8231	devel	166
devel_8232	devel	153
devel_8233	devel	39
devel_8234	devel	68
devel_8235	devel	73
devel_8236	devel	125
devel_8237	devel	64
devel_8238	devel	30
devel_8239	devel	203
devel_8240	devel	30
devel_8241	devel	122
devel_8242	devel	82
devel_8243	devel	145
devel_8244	devel	1
devel_8245	devel	109
devel_8246	devel	9
devel_8247	devel	32
devel_8248	devel	86
devel_8249	devel	161
devel_8250	devel	76
devel_8251	devel	99
devel_8252	devel	27
devel_8253	devel	100
devel_8254	devel	173
devel_8255	devel	97
devel_8256	devel	27
devel_8257	devel	88
devel_8258	devel	36
devel_8259	devel	99
devel_8260	devel	67
devel_8261	devel	39
devel_8262	devel	9
devel_8263	devel	182
devel_8264	devel	3
devel_8265	devel	174
devel_8266	devel	17
devel_8267	devel	23
devel_8268	devel	173
devel_8269	devel	70
devel_8270	devel	203
devel_8271	devel	31
devel_8272	devel	113
devel_8273	devel	174
devel_8274	devel	168
devel_8275	devel	43
devel_8276	devel	32
devel_8277	devel	132
devel_8278	devel	71
devel_8279	devel	75
devel_8280	devel	199
devel_8281	devel	31
devel_8282	devel	44
devel_8283	devel	141
devel_8284	devel	190
devel_8285	devel	127
devel_8286	devel	148
devel_8287	devel	203
devel_8288	devel	76
devel_8289	devel	185
devel_8290	devel	105
devel_8291	devel	152
devel_8292	devel	21
devel_8293	devel	23
devel_8294	devel	48
devel_8295	devel	122
devel_8296	devel	99
devel_8297	devel	41
devel_8298	devel	98
devel_8299	devel	32
devel_8300	devel	203
devel_8301	devel	77
devel_8302	devel	85
devel_8303	devel	153
devel_8304	devel	71
devel_8305	devel	38
devel_8306	devel	26
devel_8307	devel	94
devel_8308	devel	208
devel_8309	devel	162
devel_8310	devel	38
devel_8311	devel	181
devel_8312	devel	31
devel_8313	devel	50
devel_8314	devel	100
devel_8315	devel	43
devel_8316	devel	68
devel_8317	devel	183
devel_8318	devel	149
devel_8319	devel	30
devel_8320	devel	18
devel_8321	devel	105
devel_8322	devel	1
devel_8323	devel	78
devel_8324	devel	94
devel_8325	devel	152
devel_8326	devel	87
devel_8327	devel	201
devel_8328	devel	191
devel_8329	devel	68
devel_8330	devel	201
devel_8331	devel	71
devel_8332	devel	85
devel_8333	devel	32
devel_8334	devel	75
devel_8335	devel	17
devel_8336	devel	109
devel_8337	devel	203
devel_8338	devel	53
devel_8339	devel	181
devel_8340	devel	41
devel_8341	devel	85
devel_8342	devel	53
devel_8343	devel	161
devel_8344	devel	166
devel_8345	devel	30
devel_8346	devel	93
devel_8347	devel	28
devel_8348	devel	85
devel_8349	devel	18
devel_8350	devel	148
devel_8351	devel	68
devel_8352	devel	27
devel_8353	devel	48
devel_8354	devel	185
devel_8355	devel	55
devel_8356	devel	172
devel_8357	devel	56
devel_8358	devel	207
devel_8359	devel	75
devel_8360	devel	165
devel_8361	devel	36
devel_8362	devel	148
devel_8363	devel	3
devel_8364	devel	51
devel_8365	devel	9
devel_8366	devel	203
devel_8367	devel	65
devel_8368	devel	131
devel_8369	devel	107
devel_8370	devel	187
devel_8371	devel	58
devel_8372	devel	93
devel_8373	devel	30
devel_8374	devel	52
devel_8375	devel	173
devel_8376	devel	39
devel_8377	devel	94
devel_8378	devel	27
devel_8379	devel	42
devel_8380	devel	83
devel_8381	devel	132
devel_8382	devel	54
devel_8383	devel	203
devel_8384	devel	53
devel_8385	devel	208
devel_8386	devel	119
devel_8387	devel	75
devel_8388	devel	94
devel_8389	devel	71
devel_8390	devel	192
devel_8391	devel	181
devel_8392	devel	30
devel_8393	devel	32
devel_8394	devel	27
devel_8395	devel	116
devel_8396	devel	125
devel_8397	devel	134
devel_8398	devel	93
devel_8399	devel	116
devel_8400	devel	3
devel_8401	devel	43
devel_8402	devel	72
devel_8403	devel	185
devel_8404	devel	109
devel_8405	devel	15
devel_8406	devel	89
devel_8407	devel	60
devel_8408	devel	154
devel_8409	devel	78
devel_8410	devel	30
devel_8411	devel	53
devel_8412	devel	166
devel_8413	devel	43
devel_8414	devel	89
devel_8415	devel	23
devel_8416	devel	94
devel_8417	devel	172
devel_8418	devel	140
devel_8419	devel	86
devel_8420	devel	94
devel_8421	devel	184
devel_8422	devel	15
devel_8423	devel	88
devel_8424	devel	15
devel_8425	devel	77
devel_8426	devel	94
devel_8427	devel	85
devel_8428	devel	65
devel_8429	devel	24
devel_8430	devel	202
devel_8431	devel	97
devel_8432	devel	31
devel_8433	devel	71
devel_8434	devel	94
devel_8435	devel	32
devel_8436	devel	67
devel_8437	devel	39
devel_8438	devel	91
devel_8439	devel	153
devel_8440	devel	129
devel_8441	devel	4
devel_8442	devel	82
devel_8443	devel	60
devel_8444	devel	152
devel_8445	devel	5
devel_8446	devel	180
devel_8447	devel	21
devel_8448	devel	58
devel_8449	devel	140
devel_8450	devel	127
devel_8451	devel	181
devel_8452	devel	85
devel_8453	devel	77
devel_8454	devel	48
devel_8455	devel	18
devel_8456	devel	183
devel_8457	devel	32
devel_8458	devel	117
devel_8459	devel	15
devel_8460	devel	109
devel_8461	devel	113
devel_8462	devel	91
devel_8463	devel	44
devel_8464	devel	75
devel_8465	devel	38
devel_8466	devel	60
devel_8467	devel	140
devel_8468	devel	203
devel_8469	devel	56
devel_8470	devel	97
devel_8471	devel	166
devel_8472	devel	91
devel_8473	devel	141
devel_8474	devel	208
devel_8475	devel	78
devel_8476	devel	94
devel_8477	devel	93
devel_8478	devel	105
devel_8479	devel	16
devel_8480	devel	27
devel_8481	devel	14
devel_8482	devel	4
devel_8483	devel	148
devel_8484	devel	55
devel_8485	devel	78
devel_8486	devel	119
devel_8487	devel	178
devel_8488	devel	67
devel_8489	devel	122
devel_8490	devel	85
devel_8491	devel	82
devel_8492	devel	166
devel_8493	devel	28
devel_8494	devel	181
devel_8495	devel	129
devel_8496	devel	176
devel_8497	devel	100
devel_8498	devel	44
devel_8499	devel	58
devel_8500	devel	182
devel_8501	devel	89
devel_8502	devel	95
devel_8503	devel	3
devel_8504	devel	99
devel_8505	devel	161
devel_8506	devel	58
devel_8507	devel	3
devel_8508	devel	82
devel_8509	devel	98
devel_8510	devel	149
devel_8511	devel	203
devel_8512	devel	190
devel_8513	devel	172
devel_8514	devel	54
devel_8515	devel	129
devel_8516	devel	122
devel_8517	devel	137
devel_8518	devel	94
devel_8519	devel	86
devel_8520	devel	100
devel_8521	devel	88
devel_8522	devel	44
devel_8523	devel	36
devel_8524	devel	39
devel_8525	devel	86
devel_8526	devel	122
devel_8527	devel	18
devel_8528	devel	3
devel_8529	devel	208
devel_8530	devel	76
devel_8531	devel	107
devel_8532	devel	105
devel_8533	devel	56
devel_8534	devel	75
devel_8535	devel	29
devel_8536	devel	109
devel_8537	devel	118
devel_8538	devel	113
devel_8539	devel	60
devel_8540	devel	141
devel_8541	devel	208
devel_8542	devel	161
devel_8543	devel	93
devel_8544	devel	44
devel_8545	devel	21
devel_8546	devel	203
devel_8547	devel	86
devel_8548	devel	97
devel_8549	devel	5
devel_8550	devel	148
devel_8551	devel	153
devel_8552	devel	68
devel_8553	devel	58
devel_8554	devel	60
devel_8555	devel	32
devel_8556	devel	27
devel_8557	devel	162
devel_8558	devel	36
devel_8559	devel	88
devel_8560	devel	75
devel_8561	devel	107
devel_8562	devel	129
devel_8563	devel	183
devel_8564	devel	23
devel_8565	devel	27
devel_8566	devel	187
devel_8567	devel	56
devel_8568	devel	16
devel_8569	devel	91
devel_8570	devel	132
devel_8571	devel	107
devel_8572	devel	9
devel_8573	devel	94
devel_8574	devel	113
devel_8575	devel	53
devel_8576	devel	86
devel_8577	devel	9
devel_8578	devel	119
devel_8579	devel	77
devel_8580	devel	166
devel_8581	devel	41
devel_8582	devel	86
devel_8583	devel	181
devel_8584	devel	131
devel_8585	devel	14
devel_8586	devel	53
devel_8587	devel	64
devel_8588	devel	60
devel_8589	devel	198
devel_8590	devel	55
devel_8591	devel	117
devel_8592	devel	178
devel_8593	devel	28
devel_8594	devel	83
devel_8595	devel	166
devel_8596	devel	32
devel_8597	devel	78
devel_8598	devel	166
devel_8599	devel	181
devel_8600	devel	132
devel_8601	devel	15
devel_8602	devel	90
devel_8603	devel	60
devel_8604	devel	116
devel_8605	devel	113
devel_8606	devel	41
devel_8607	devel	129
devel_8608	devel	122
devel_8609	devel	86
devel_8610	devel	82
devel_8611	devel	41
devel_8612	devel	161
devel_8613	devel	83
devel_8614	devel	198
devel_8615	devel	9
devel_8616	devel	82
devel_8617	devel	67
devel_8618	devel	94
devel_8619	devel	109
devel_8620	devel	131
devel_8621	devel	109
devel_8622	devel	50
devel_8623	devel	67
devel_8624	devel	32
devel_8625	devel	172
devel_8626	devel	100
devel_8627	devel	1
devel_8628	devel	181
devel_8629	devel	127
devel_8630	devel	63
devel_8631	devel	95
devel_8632	devel	32
devel_8633	devel	152
devel_8634	devel	203
devel_8635	devel	32
devel_8636	devel	15
devel_8637	devel	88
devel_8638	devel	94
devel_8639	devel	55
devel_8640	devel	18
devel_8641	devel	60
devel_8642	devel	122
devel_8643	devel	94
devel_8644	devel	95
devel_8645	devel	26
devel_8646	devel	148
devel_8647	devel	199
devel_8648	devel	149
devel_8649	devel	163
devel_8650	devel	91
devel_8651	devel	31
devel_8652	devel	44
devel_8653	devel	131
devel_8654	devel	51
devel_8655	devel	203
devel_8656	devel	3
devel_8657	devel	202
devel_8658	devel	86
devel_8659	devel	94
devel_8660	devel	156
devel_8661	devel	24
devel_8662	devel	191
devel_8663	devel	129
devel_8664	devel	208
devel_8665	devel	15
devel_8666	devel	50
devel_8667	devel	140
devel_8668	devel	15
devel_8669	devel	118
devel_8670	devel	148
devel_8671	devel	52
devel_8672	devel	33
devel_8673	devel	32
devel_8674	devel	203
devel_8675	devel	88
devel_8676	devel	16
devel_8677	devel	17
devel_8678	devel	202
devel_8679	devel	76
devel_8680	devel	36
devel_8681	devel	166
devel_8682	devel	105
devel_8683	devel	190
devel_8684	devel	148
devel_8685	devel	77
devel_8686	devel	41
devel_8687	devel	163
devel_8688	devel	97
devel_8689	devel	43
devel_8690	devel	183
devel_8691	devel	173
devel_8692	devel	75
devel_8693	devel	15
devel_8694	devel	17
devel_8695	devel	30
devel_8696	devel	41
devel_8697	devel	68
devel_8698	devel	145
devel_8699	devel	38
devel_8700	devel	28
devel_8701	devel	163
devel_8702	devel	161
devel_8703	devel	122
devel_8704	devel	39
devel_8705	devel	163
devel_8706	devel	27
devel_8707	devel	174
devel_8708	devel	144
devel_8709	devel	129
devel_8710	devel	166
devel_8711	devel	100
devel_8712	devel	91
devel_8713	devel	173
devel_8714	devel	204
devel_8715	devel	120
devel_8716	devel	50
devel_8717	devel	137
devel_8718	devel	9
devel_8719	devel	152
devel_8720	devel	19
devel_8721	devel	64
devel_8722	devel	48
devel_8723	devel	51
devel_8724	devel	64
devel_8725	devel	127
devel_8726	devel	105
devel_8727	devel	65
devel_8728	devel	15
devel_8729	devel	152
devel_8730	devel	91
devel_8731	devel	75
devel_8732	devel	22
devel_8733	devel	58
devel_8734	devel	68
devel_8735	devel	32
devel_8736	devel	206
devel_8737	devel	43
devel_8738	devel	178
devel_8739	devel	78
devel_8740	devel	32
devel_8741	devel	32
devel_8742	devel	21
devel_8743	devel	178
devel_8744	devel	152
devel_8745	devel	172
devel_8746	devel	191
devel_8747	devel	113
devel_8748	devel	30
devel_8749	devel	58
devel_8750	devel	78
devel_8751	devel	31
devel_8752	devel	202
devel_8753	devel	58
devel_8754	devel	194
devel_8755	devel	131
devel_8756	devel	63
devel_8757	devel	129
devel_8758	devel	161
devel_8759	devel	27
devel_8760	devel	27
devel_8761	devel	28
devel_8762	devel	199
devel_8763	devel	48
devel_8764	devel	17
devel_8765	devel	140
devel_8766	devel	29
devel_8767	devel	97
devel_8768	devel	131
devel_8769	devel	17
devel_8770	devel	152
devel_8771	devel	141
devel_8772	devel	202
devel_8773	devel	60
devel_8774	devel	100
devel_8775	devel	117
devel_8776	devel	1
devel_8777	devel	194
devel_8778	devel	39
devel_8779	devel	83
devel_8780	devel	19
devel_8781	devel	192
devel_8782	devel	119
devel_8783	devel	178
devel_8784	devel	56
devel_8785	devel	30
devel_8786	devel	107
devel_8787	devel	30
devel_8788	devel	58
devel_8789	devel	15
devel_8790	devel	94
devel_8791	devel	30
devel_8792	devel	144
devel_8793	devel	97
devel_8794	devel	117
devel_8795	devel	86
devel_8796	devel	91
devel_8797	devel	9
devel_8798	devel	41
devel_8799	devel	53
devel_8800	devel	86
devel_8801	devel	185
devel_8802	devel	15
devel_8803	devel	76
devel_8804	devel	73
devel_8805	devel	41
devel_8806	devel	116
devel_8807	devel	64
devel_8808	devel	78
devel_8809	devel	192
devel_8810	devel	82
devel_8811	devel	16
devel_8812	devel	68
devel_8813	devel	19
devel_8814	devel	203
devel_8815	devel	87
devel_8816	devel	100
devel_8817	devel	88
devel_8818	devel	27
devel_8819	devel	109
devel_8820	devel	31
devel_8821	devel	24
devel_8822	devel	68
devel_8823	devel	98
devel_8824	devel	41
devel_8825	devel	166
devel_8826	devel	29
devel_8827	devel	67
devel_8828	devel	131
devel_8829	devel	24
devel_8830	devel	65
devel_8831	devel	176
devel_8832	devel	68
devel_8833	devel	15
devel_8834	devel	185
devel_8835	devel	17
devel_8836	devel	193
devel_8837	devel	192
devel_8838	devel	206
devel_8839	devel	113
devel_8840	devel	153
devel_8841	devel	86
devel_8842	devel	117
devel_8843	devel	23
devel_8844	devel	134
devel_8845	devel	206
devel_8846	devel	100
devel_8847	devel	116
devel_8848	devel	27
devel_8849	devel	77
devel_8850	devel	107
devel_8851	devel	140
devel_8852	devel	22
devel_8853	devel	140
devel_8854	devel	203
devel_8855	devel	120
devel_8856	devel	129
devel_8857	devel	31
devel_8858	devel	41
devel_8859	devel	122
devel_8860	devel	23
devel_8861	devel	53
devel_8862	devel	88
devel_8863	devel	166
devel_8864	devel	129
devel_8865	devel	54
devel_8866	devel	187
devel_8867	devel	162
devel_8868	devel	98
devel_8869	devel	178
devel_8870	devel	154
devel_8871	devel	187
devel_8872	devel	36
devel_8873	devel	58
devel_8874	devel	208
devel_8875	devel	77
devel_8876	devel	181
devel_8877	devel	153
devel_8878	devel	18
devel_8879	devel	48
devel_8880	devel	192
devel_8881	devel	58
devel_8882	devel	23
devel_8883	devel	53
devel_8884	devel	41
devel_8885	devel	29
devel_8886	devel	44
devel_8887	devel	1
devel_8888	devel	27
devel_8889	devel	28
devel_8890	devel	148
devel_8891	devel	77
devel_8892	devel	89
devel_8893	devel	85
devel_8894	devel	30
devel_8895	devel	58
devel_8896	devel	86
devel_8897	devel	55
devel_8898	devel	154
devel_8899	devel	137
devel_8900	devel	198
devel_8901	devel	107
devel_8902	devel	16
devel_8903	devel	161
devel_8904	devel	63
devel_8905	devel	156
devel_8906	devel	153
devel_8907	devel	150
devel_8908	devel	203
devel_8909	devel	17
devel_8910	devel	18
devel_8911	devel	152
devel_8912	devel	32
devel_8913	devel	152
devel_8914	devel	16
devel_8915	devel	89
devel_8916	devel	85
devel_8917	devel	122
devel_8918	devel	95
devel_8919	devel	105
devel_8920	devel	94
devel_8921	devel	28
devel_8922	devel	15
devel_8923	devel	166
devel_8924	devel	46
devel_8925	devel	32
devel_8926	devel	50
devel_8927	devel	98
devel_8928	devel	15
devel_8929	devel	162
devel_8930	devel	4
devel_8931	devel	109
devel_8932	devel	132
devel_8933	devel	29
devel_8934	devel	58
devel_8935	devel	1
devel_8936	devel	41
devel_8937	devel	185
devel_8938	devel	16
devel_8939	devel	116
devel_8940	devel	63
devel_8941	devel	60
devel_8942	devel	26
devel_8943	devel	71
devel_8944	devel	99
devel_8945	devel	88
devel_8946	devel	89
devel_8947	devel	30
devel_8948	devel	53
devel_8949	devel	1
devel_8950	devel	129
devel_8951	devel	36
devel_8952	devel	113
devel_8953	devel	203
devel_8954	devel	122
devel_8955	devel	148
devel_8956	devel	140
devel_8957	devel	78
devel_8958	devel	44
devel_8959	devel	95
devel_8960	devel	41
devel_8961	devel	30
devel_8962	devel	41
devel_8963	devel	122
devel_8964	devel	68
devel_8965	devel	15
devel_8966	devel	44
devel_8967	devel	50
devel_8968	devel	93
devel_8969	devel	202
devel_8970	devel	173
devel_8971	devel	94
devel_8972	devel	163
devel_8973	devel	152
devel_8974	devel	55
devel_8975	devel	198
devel_8976	devel	30
devel_8977	devel	201
devel_8978	devel	68
devel_8979	devel	3
devel_8980	devel	89
devel_8981	devel	24
devel_8982	devel	82
devel_8983	devel	94
devel_8984	devel	65
devel_8985	devel	198
devel_8986	devel	94
devel_8987	devel	31
devel_8988	devel	39
devel_8989	devel	141
devel_8990	devel	21
devel_8991	devel	17
devel_8992	devel	120
devel_8993	devel	29
devel_8994	devel	68
devel_8995	devel	68
devel_8996	devel	43
devel_8997	devel	94
devel_8998	devel	15
devel_8999	devel	32
devel_9000	devel	88
devel_9001	devel	203
devel_9002	devel	99
devel_9003	devel	94
devel_9004	devel	27
devel_9005	devel	166
devel_9006	devel	29
devel_9007	devel	202
devel_9008	devel	145
devel_9009	devel	148
devel_9010	devel	190
devel_9011	devel	17
devel_9012	devel	161
devel_9013	devel	191
devel_9014	devel	166
devel_9015	devel	70
devel_9016	devel	116
devel_9017	devel	78
devel_9018	devel	105
devel_9019	devel	203
devel_9020	devel	140
devel_9021	devel	94
devel_9022	devel	32
devel_9023	devel	119
devel_9024	devel	15
devel_9025	devel	94
devel_9026	devel	122
devel_9027	devel	165
devel_9028	devel	46
devel_9029	devel	27
devel_9030	devel	175
devel_9031	devel	43
devel_9032	devel	116
devel_9033	devel	109
devel_9034	devel	152
devel_9035	devel	94
devel_9036	devel	140
devel_9037	devel	41
devel_9038	devel	53
devel_9039	devel	30
devel_9040	devel	52
devel_9041	devel	63
devel_9042	devel	132
devel_9043	devel	31
devel_9044	devel	78
devel_9045	devel	119
devel_9046	devel	198
devel_9047	devel	48
devel_9048	devel	32
devel_9049	devel	16
devel_9050	devel	44
devel_9051	devel	50
devel_9052	devel	78
devel_9053	devel	174
devel_9054	devel	76
devel_9055	devel	31
devel_9056	devel	96
devel_9057	devel	190
devel_9058	devel	51
devel_9059	devel	174
devel_9060	devel	161
devel_9061	devel	29
devel_9062	devel	29
devel_9063	devel	95
devel_9064	devel	36
devel_9065	devel	24
devel_9066	devel	172
devel_9067	devel	109
devel_9068	devel	38
devel_9069	devel	187
devel_9070	devel	94
devel_9071	devel	30
devel_9072	devel	183
devel_9073	devel	95
devel_9074	devel	44
devel_9075	devel	202
devel_9076	devel	31
devel_9077	devel	166
devel_9078	devel	202
devel_9079	devel	140
devel_9080	devel	76
devel_9081	devel	192
devel_9082	devel	64
devel_9083	devel	137
devel_9084	devel	162
devel_9085	devel	104
devel_9086	devel	27
devel_9087	devel	154
devel_9088	devel	81
devel_9089	devel	27
devel_9090	devel	48
devel_9091	devel	116
devel_9092	devel	140
devel_9093	devel	120
devel_9094	devel	144
devel_9095	devel	94
devel_9096	devel	78
devel_9097	devel	141
devel_9098	devel	31
devel_9099	devel	89
devel_9100	devel	155
devel_9101	devel	50
devel_9102	devel	9
devel_9103	devel	192
devel_9104	devel	109
devel_9105	devel	190
devel_9106	devel	131
devel_9107	devel	116
devel_9108	devel	94
devel_9109	devel	41
devel_9110	devel	91
devel_9111	devel	22
devel_9112	devel	125
devel_9113	devel	75
devel_9114	devel	24
devel_9115	devel	149
devel_9116	devel	149
devel_9117	devel	95
devel_9118	devel	174
devel_9119	devel	178
devel_9120	devel	181
devel_9121	devel	161
devel_9122	devel	105
devel_9123	devel	1
devel_9124	devel	27
devel_9125	devel	187
devel_9126	devel	44
devel_9127	devel	88
devel_9128	devel	44
devel_9129	devel	184
devel_9130	devel	32
devel_9131	devel	203
devel_9132	devel	31
devel_9133	devel	31
devel_9134	devel	122
devel_9135	devel	122
devel_9136	devel	67
devel_9137	devel	58
devel_9138	devel	91
devel_9139	devel	75
devel_9140	devel	63
devel_9141	devel	87
devel_9142	devel	9
devel_9143	devel	29
devel_9144	devel	3
devel_9145	devel	190
devel_9146	devel	4
devel_9147	devel	140
devel_9148	devel	148
devel_9149	devel	162
devel_9150	devel	71
devel_9151	devel	172
devel_9152	devel	60
devel_9153	devel	178
devel_9154	devel	60
devel_9155	devel	21
devel_9156	devel	0
devel_9157	devel	173
devel_9158	devel	71
devel_9159	devel	119
devel_9160	devel	68
devel_9161	devel	97
devel_9162	devel	44
devel_9163	devel	18
devel_9164	devel	52
devel_9165	devel	140
devel_9166	devel	94
devel_9167	devel	105
devel_9168	devel	18
devel_9169	devel	152
devel_9170	devel	9
devel_9171	devel	78
devel_9172	devel	122
devel_9173	devel	0
devel_9174	devel	55
devel_9175	devel	9
devel_9176	devel	67
devel_9177	devel	163
devel_9178	devel	7
devel_9179	devel	140
devel_9180	devel	52
devel_9181	devel	203
devel_9182	devel	122
devel_9183	devel	201
devel_9184	devel	190
devel_9185	devel	137
devel_9186	devel	125
devel_9187	devel	203
devel_9188	devel	131
devel_9189	devel	208
devel_9190	devel	172
devel_9191	devel	63
devel_9192	devel	15
devel_9193	devel	3
devel_9194	devel	154
devel_9195	devel	32
devel_9196	devel	122
devel_9197	devel	105
devel_9198	devel	125
devel_9199	devel	4
devel_9200	devel	30
devel_9201	devel	173
devel_9202	devel	60
devel_9203	devel	18
devel_9204	devel	166
devel_9205	devel	168
devel_9206	devel	198
devel_9207	devel	192
devel_9208	devel	198
devel_9209	devel	97
devel_9210	devel	36
devel_9211	devel	203
devel_9212	devel	185
devel_9213	devel	94
devel_9214	devel	27
devel_9215	devel	38
devel_9216	devel	184
devel_9217	devel	23
devel_9218	devel	183
devel_9219	devel	125
devel_9220	devel	94
devel_9221	devel	203
devel_9222	devel	129
devel_9223	devel	36
devel_9224	devel	129
devel_9225	devel	78
devel_9226	devel	51
devel_9227	devel	15
devel_9228	devel	86
devel_9229	devel	85
devel_9230	devel	52
devel_9231	devel	68
devel_9232	devel	32
devel_9233	devel	39
devel_9234	devel	153
devel_9235	devel	36
devel_9236	devel	27
devel_9237	devel	78
devel_9238	devel	41
devel_9239	devel	60
devel_9240	devel	144
devel_9241	devel	183
devel_9242	devel	182
devel_9243	devel	72
devel_9244	devel	173
devel_9245	devel	26
devel_9246	devel	144
devel_9247	devel	70
devel_9248	devel	1
devel_9249	devel	32
devel_9250	devel	117
devel_9251	devel	36
devel_9252	devel	202
devel_9253	devel	33
devel_9254	devel	198
devel_9255	devel	172
devel_9256	devel	43
devel_9257	devel	176
devel_9258	devel	203
devel_9259	devel	94
devel_9260	devel	94
devel_9261	devel	18
devel_9262	devel	31
devel_9263	devel	32
devel_9264	devel	116
devel_9265	devel	95
devel_9266	devel	122
devel_9267	devel	17
devel_9268	devel	145
devel_9269	devel	73
devel_9270	devel	44
devel_9271	devel	29
devel_9272	devel	23
devel_9273	devel	77
devel_9274	devel	91
devel_9275	devel	191
devel_9276	devel	23
devel_9277	devel	73
devel_9278	devel	19
devel_9279	devel	9
devel_9280	devel	3
devel_9281	devel	64
devel_9282	devel	156
devel_9283	devel	3
devel_9284	devel	4
devel_9285	devel	36
devel_9286	devel	32
devel_9287	devel	119
devel_9288	devel	166
devel_9289	devel	18
devel_9290	devel	122
devel_9291	devel	194
devel_9292	devel	141
devel_9293	devel	68
devel_9294	devel	0
devel_9295	devel	27
devel_9296	devel	65
devel_9297	devel	22
devel_9298	devel	30
devel_9299	devel	16
devel_9300	devel	109
devel_9301	devel	75
devel_9302	devel	107
devel_9303	devel	3
devel_9304	devel	38
devel_9305	devel	58
devel_9306	devel	26
devel_9307	devel	30
devel_9308	devel	51
devel_9309	devel	44
devel_9310	devel	4
devel_9311	devel	191
devel_9312	devel	93
devel_9313	devel	203
devel_9314	devel	117
devel_9315	devel	64
devel_9316	devel	15
devel_9317	devel	152
devel_9318	devel	50
devel_9319	devel	149
devel_9320	devel	174
devel_9321	devel	16
devel_9322	devel	53
devel_9323	devel	173
devel_9324	devel	81
devel_9325	devel	91
devel_9326	devel	82
devel_9327	devel	127
devel_9328	devel	15
devel_9329	devel	150
devel_9330	devel	36
devel_9331	devel	207
devel_9332	devel	187
devel_9333	devel	94
devel_9334	devel	44
devel_9335	devel	199
devel_9336	devel	116
devel_9337	devel	75
devel_9338	devel	156
devel_9339	devel	174
devel_9340	devel	18
devel_9341	devel	90
devel_9342	devel	65
devel_9343	devel	22
devel_9344	devel	9
devel_9345	devel	90
devel_9346	devel	58
devel_9347	devel	173
devel_9348	devel	113
devel_9349	devel	83
devel_9350	devel	63
devel_9351	devel	173
devel_9352	devel	156
devel_9353	devel	29
devel_9354	devel	67
devel_9355	devel	141
devel_9356	devel	30
devel_9357	devel	190
devel_9358	devel	32
devel_9359	devel	75
devel_9360	devel	122
devel_9361	devel	94
devel_9362	devel	32
devel_9363	devel	36
devel_9364	devel	183
devel_9365	devel	176
devel_9366	devel	3
devel_9367	devel	91
devel_9368	devel	33
devel_9369	devel	207
devel_9370	devel	58
devel_9371	devel	91
devel_9372	devel	184
devel_9373	devel	41
devel_9374	devel	65
devel_9375	devel	153
devel_9376	devel	134
devel_9377	devel	175
devel_9378	devel	26
devel_9379	devel	31
devel_9380	devel	41
devel_9381	devel	176
devel_9382	devel	91
devel_9383	devel	86
devel_9384	devel	140
devel_9385	devel	97
devel_9386	devel	15
devel_9387	devel	129
devel_9388	devel	15
devel_9389	devel	181
devel_9390	devel	122
devel_9391	devel	53
devel_9392	devel	81
devel_9393	devel	58
devel_9394	devel	56
devel_9395	devel	94
devel_9396	devel	185
devel_9397	devel	36
devel_9398	devel	52
devel_9399	devel	208
devel_9400	devel	105
devel_9401	devel	53
devel_9402	devel	87
devel_9403	devel	53
devel_9404	devel	67
devel_9405	devel	91
devel_9406	devel	32
devel_9407	devel	148
devel_9408	devel	56
devel_9409	devel	23
devel_9410	devel	191
devel_9411	devel	198
devel_9412	devel	17
devel_9413	devel	153
devel_9414	devel	90
devel_9415	devel	75
devel_9416	devel	75
devel_9417	devel	15
devel_9418	devel	145
devel_9419	devel	184
devel_9420	devel	154
devel_9421	devel	122
devel_9422	devel	0
devel_9423	devel	64
devel_9424	devel	36
devel_9425	devel	183
devel_9426	devel	1
devel_9427	devel	52
devel_9428	devel	87
devel_9429	devel	77
devel_9430	devel	41
devel_9431	devel	36
devel_9432	devel	60
devel_9433	devel	153
devel_9434	devel	71
devel_9435	devel	140
devel_9436	devel	30
devel_9437	devel	28
devel_9438	devel	58
devel_9439	devel	176
devel_9440	devel	202
devel_9441	devel	55
devel_9442	devel	50
devel_9443	devel	1
devel_9444	devel	38
devel_9445	devel	41
devel_9446	devel	86
devel_9447	devel	117
devel_9448	devel	154
devel_9449	devel	109
devel_9450	devel	86
devel_9451	devel	192
devel_9452	devel	117
devel_9453	devel	181
devel_9454	devel	100
devel_9455	devel	156
devel_9456	devel	83
devel_9457	devel	166
devel_9458	devel	68
devel_9459	devel	118
devel_9460	devel	205
devel_9461	devel	207
devel_9462	devel	63
devel_9463	devel	202
devel_9464	devel	64
devel_9465	devel	181
devel_9466	devel	118
devel_9467	devel	203
devel_9468	devel	30
devel_9469	devel	32
devel_9470	devel	15
devel_9471	devel	105
devel_9472	devel	190
devel_9473	devel	74
devel_9474	devel	43
devel_9475	devel	194
devel_9476	devel	94
devel_9477	devel	39
devel_9478	devel	125
devel_9479	devel	94
devel_9480	devel	75
devel_9481	devel	105
devel_9482	devel	199
devel_9483	devel	86
devel_9484	devel	95
devel_9485	devel	175
devel_9486	devel	109
devel_9487	devel	16
devel_9488	devel	185
devel_9489	devel	51
devel_9490	devel	19
devel_9491	devel	97
devel_9492	devel	43
devel_9493	devel	96
devel_9494	devel	185
devel_9495	devel	15
devel_9496	devel	41
devel_9497	devel	48
devel_9498	devel	153
devel_9499	devel	109
devel_9500	devel	105
devel_9501	devel	32
devel_9502	devel	44
devel_9503	devel	18
devel_9504	devel	52
devel_9505	devel	3
devel_9506	devel	148
devel_9507	devel	156
devel_9508	devel	43
devel_9509	devel	150
devel_9510	devel	173
devel_9511	devel	199
devel_9512	devel	94
devel_9513	devel	149
devel_9514	devel	91
devel_9515	devel	32
devel_9516	devel	3
devel_9517	devel	58
devel_9518	devel	182
devel_9519	devel	50
devel_9520	devel	5
devel_9521	devel	43
devel_9522	devel	86
devel_9523	devel	68
devel_9524	devel	122
devel_9525	devel	24
devel_9526	devel	184
devel_9527	devel	43
devel_9528	devel	205
devel_9529	devel	90
devel_9530	devel	27
devel_9531	devel	107
devel_9532	devel	202
devel_9533	devel	98
devel_9534	devel	77
devel_9535	devel	44
devel_9536	devel	78
devel_9537	devel	56
devel_9538	devel	5
devel_9539	devel	119
devel_9540	devel	207
devel_9541	devel	32
devel_9542	devel	205
devel_9543	devel	120
devel_9544	devel	198
devel_9545	devel	48
devel_9546	devel	15
devel_9547	devel	36
devel_9548	devel	144
devel_9549	devel	87
devel_9550	devel	193
devel_9551	devel	201
devel_9552	devel	23
devel_9553	devel	94
devel_9554	devel	202
devel_9555	devel	36
devel_9556	devel	208
devel_9557	devel	89
devel_9558	devel	91
devel_9559	devel	84
devel_9560	devel	125
devel_9561	devel	94
devel_9562	devel	166
devel_9563	devel	0
devel_9564	devel	199
devel_9565	devel	134
devel_9566	devel	41
devel_9567	devel	44
devel_9568	devel	113
devel_9569	devel	202
devel_9570	devel	18
devel_9571	devel	44
devel_9572	devel	173
devel_9573	devel	199
devel_9574	devel	30
devel_9575	devel	113
devel_9576	devel	22
devel_9577	devel	19
devel_9578	devel	117
devel_9579	devel	4
devel_9580	devel	185
devel_9581	devel	32
devel_9582	devel	15
devel_9583	devel	203
devel_9584	devel	85
devel_9585	devel	75
devel_9586	devel	9
devel_9587	devel	23
devel_9588	devel	181
devel_9589	devel	53
devel_9590	devel	88
devel_9591	devel	187
devel_9592	devel	82
devel_9593	devel	150
devel_9594	devel	15
devel_9595	devel	95
devel_9596	devel	113
