file_stem	split	cluster
train_0001	train	20
train_0002	train	144
train_0003	train	91
train_0004	train	120
train_0005	train	288
train_0006	train	127
train_0007	train	17
train_0008	train	397
train_0009	train	107
train_0010	train	191
train_0011	train	337
train_0012	train	74
train_0013	train	201
train_0014	train	203
train_0015	train	182
train_0016	train	158
train_0017	train	201
train_0018	train	14
train_0019	train	46
train_0020	train	381
train_0021	train	351
train_0022	train	377
train_0023	train	208
train_0024	train	156
train_0025	train	256
train_0026	train	204
train_0027	train	270
train_0028	train	101
train_0029	train	126
train_0030	train	133
train_0031	train	237
train_0032	train	203
train_0033	train	68
train_0034	train	150
train_0035	train	20
train_0036	train	23
train_0037	train	346
train_0038	train	241
train_0039	train	120
train_0040	train	204
train_0041	train	125
train_0042	train	112
train_0043	train	61
train_0044	train	258
train_0045	train	65
train_0046	train	240
train_0047	train	21
train_0048	train	165
train_0049	train	165
train_0050	train	333
train_0051	train	102
train_0052	train	235
train_0053	train	18
train_0054	train	184
train_0055	train	28
train_0056	train	240
train_0057	train	200
train_0058	train	355
train_0059	train	85
train_0060	train	197
train_0061	train	349
train_0062	train	104
train_0063	train	84
train_0064	train	207
train_0065	train	249
train_0066	train	355
train_0067	train	99
train_0068	train	290
train_0069	train	86
train_0070	train	293
train_0071	train	10
train_0072	train	346
train_0073	train	101
train_0074	train	134
train_0075	train	14
train_0076	train	270
train_0077	train	14
train_0078	train	298
train_0079	train	126
train_0080	train	125
train_0081	train	182
train_0082	train	165
train_0083	train	142
train_0084	train	245
train_0085	train	366
train_0086	train	155
train_0087	train	237
train_0088	train	291
train_0089	train	386
train_0090	train	156
train_0091	train	67
train_0092	train	85
train_0093	train	178
train_0094	train	288
train_0095	train	184
train_0096	train	408
train_0097	train	56
train_0098	train	240
train_0099	train	351
train_0100	train	112
train_0101	train	95
train_0102	train	315
train_0103	train	208
train_0104	train	401
train_0105	train	41
train_0106	train	165
train_0107	train	61
train_0108	train	112
train_0109	train	18
train_0110	train	299
train_0111	train	126
train_0112	train	356
train_0113	train	119
train_0114	train	178
train_0115	train	197
train_0116	train	393
train_0117	train	73
train_0118	train	28
train_0119	train	305
train_0120	train	10
train_0121	train	56
train_0122	train	67
train_0123	train	207
train_0124	train	74
train_0125	train	165
train_0126	train	303
train_0127	train	134
train_0128	train	48
train_0129	train	86
train_0130	train	188
train_0131	train	242
train_0132	train	67
train_0133	train	163
train_0134	train	191
train_0135	train	75
train_0136	train	107
train_0137	train	157
train_0138	train	401
train_0139	train	407
train_0140	train	84
train_0141	train	317
train_0142	train	28
train_0143	train	168
train_0144	train	390
train_0145	train	355
train_0146	train	59
train_0147	train	23
train_0148	train	310
train_0149	train	278
train_0150	train	200
train_0151	train	358
train_0152	train	79
train_0153	train	165
train_0154	train	104
train_0155	train	368
train_0156	train	40
train_0157	train	40
train_0158	train	397
train_0159	train	259
train_0160	train	61
train_0161	train	335
train_0162	train	278
train_0163	train	305
train_0164	train	6
train_0165	train	355
train_0166	train	75
train_0167	train	358
train_0168	train	46
train_0169	train	150
train_0170	train	185
train_0171	train	138
train_0172	train	17
train_0173	train	17
train_0174	train	40
train_0175	train	303
train_0176	train	1
train_0177	train	101
train_0178	train	126
train_0179	train	207
train_0180	train	142
train_0181	train	374
train_0182	train	366
train_0183	train	156
train_0184	train	1
train_0185	train	18
train_0186	train	32
train_0187	train	416
train_0188	train	144
train_0189	train	79
train_0190	train	327
train_0191	train	157
train_0192	train	197
train_0193	train	74
train_0194	train	93
train_0195	train	70
train_0196	train	1
train_0197	train	245
train_0198	train	141
train_0199	train	275
train_0200	train	239
train_0201	train	231
train_0202	train	340
train_0203	train	305
train_0204	train	49
train_0205	train	68
train_0206	train	48
train_0207	train	317
train_0208	train	1
train_0209	train	305
train_0210	train	1
train_0211	train	85
train_0212	train	200
train_0213	train	181
train_0214	train	2
train_0215	train	359
train_0216	train	309
train_0217	train	270
train_0218	train	240
train_0219	train	156
train_0220	train	138
train_0221	train	291
train_0222	train	104
train_0223	train	142
train_0224	train	300
train_0225	train	89
train_0226	train	249
train_0227	train	68
train_0228	train	256
train_0229	train	300
train_0230	train	126
train_0231	train	319
train_0232	train	102
train_0233	train	123
train_0234	train	275
train_0235	train	65
train_0236	train	14
train_0237	train	181
train_0238	train	62
train_0239	train	91
train_0240	train	277
train_0241	train	407
train_0242	train	159
train_0243	train	155
train_0244	train	144
train_0245	train	144
train_0246	train	327
train_0247	train	413
train_0248	train	65
train_0249	train	213
train_0250	train	185
train_0251	train	18
train_0252	train	178
train_0253	train	86
train_0254	train	197
train_0255	train	1
train_0256	train	372
train_0257	train	99
train_0258	train	208
train_0259	train	23
train_0260	train	17
train_0261	train	178
train_0262	train	182
train_0263	train	181
train_0264	train	160
train_0265	train	120
train_0266	train	102
train_0267	train	249
train_0268	train	119
train_0269	train	104
train_0270	train	240
train_0271	train	20
train_0272	train	310
train_0273	train	59
train_0274	train	348
train_0275	train	18
train_0276	train	235
train_0277	train	68
train_0278	train	142
train_0279	train	10
train_0280	train	207
train_0281	train	197
train_0282	train	74
train_0283	train	208
train_0284	train	159
train_0285	train	327
train_0286	train	37
train_0287	train	333
train_0288	train	298
train_0289	train	74
train_0290	train	160
train_0291	train	27
train_0292	train	231
train_0293	train	178
train_0294	train	405
train_0295	train	113
train_0296	train	204
train_0297	train	123
train_0298	train	395
train_0299	train	203
train_0300	train	116
train_0301	train	66
train_0302	train	65
train_0303	train	208
train_0304	train	389
train_0305	train	317
train_0306	train	327
train_0307	train	144
train_0308	train	18
train_0309	train	126
train_0310	train	125
train_0311	train	7
train_0312	train	259
train_0313	train	158
train_0314	train	181
train_0315	train	49
train_0316	train	120
train_0317	train	300
train_0318	train	86
train_0319	train	20
train_0320	train	62
train_0321	train	18
train_0322	train	389
train_0323	train	123
train_0324	train	414
train_0325	train	79
train_0326	train	104
train_0327	train	178
train_0328	train	133
train_0329	train	403
train_0330	train	84
train_0331	train	160
train_0332	train	407
train_0333	train	239
train_0334	train	62
train_0335	train	172
train_0336	train	14
train_0337	train	286
train_0338	train	134
train_0339	train	144
train_0340	train	63
train_0341	train	158
train_0342	train	18
train_0343	train	419
train_0344	train	85
train_0345	train	381
train_0346	train	374
train_0347	train	208
train_0348	train	34
train_0349	train	58
train_0350	train	208
train_0351	train	372
train_0352	train	49
train_0353	train	86
train_0354	train	68
train_0355	train	326
train_0356	train	65
train_0357	train	53
train_0358	train	119
train_0359	train	290
train_0360	train	74
train_0361	train	17
train_0362	train	68
train_0363	train	407
train_0364	train	166
train_0365	train	123
train_0366	train	208
train_0367	train	327
train_0368	train	354
train_0369	train	401
train_0370	train	82
train_0371	train	138
train_0372	train	37
train_0373	train	404
train_0374	train	172
train_0375	train	395
train_0376	train	298
train_0377	train	53
train_0378	train	86
train_0379	train	241
train_0380	train	119
train_0381	train	20
train_0382	train	20
train_0383	train	86
train_0384	train	241
train_0385	train	335
train_0386	train	21
train_0387	train	127
train_0388	train	66
train_0389	train	41
train_0390	train	112
train_0391	train	66
train_0392	train	287
train_0393	train	181
train_0394	train	79
train_0395	train	79
train_0396	train	335
train_0397	train	28
train_0398	train	85
train_0399	train	361
train_0400	train	49
train_0401	train	258
train_0402	train	154
train_0403	train	141
train_0404	train	173
train_0405	train	141
train_0406	train	305
train_0407	train	116
train_0408	train	346
train_0409	train	275
train_0410	train	351
train_0411	train	74
train_0412	train	240
train_0413	train	163
train_0414	train	101
train_0415	train	346
train_0416	train	163
train_0417	train	207
train_0418	train	374
train_0419	train	404
train_0420	train	235
train_0421	train	377
train_0422	train	66
train_0423	train	249
train_0424	train	74
train_0425	train	203
train_0426	train	119
train_0427	train	288
train_0428	train	56
train_0429	train	310
train_0430	train	116
train_0431	train	37
train_0432	train	335
train_0433	train	134
train_0434	train	188
train_0435	train	74
train_0436	train	366
train_0437	train	374
train_0438	train	138
train_0439	train	1
train_0440	train	166
train_0441	train	156
train_0442	train	156
train_0443	train	366
train_0444	train	297
train_0445	train	413
train_0446	train	73
train_0447	train	389
train_0448	train	104
train_0449	train	144
train_0450	train	102
train_0451	train	125
train_0452	train	188
train_0453	train	300
train_0454	train	293
train_0455	train	201
train_0456	train	7
train_0457	train	313
train_0458	train	58
train_0459	train	178
train_0460	train	14
train_0461	train	120
train_0462	train	299
train_0463	train	141
train_0464	train	48
train_0465	train	203
train_0466	train	142
train_0467	train	405
train_0468	train	356
train_0469	train	13
train_0470	train	356
train_0471	train	335
train_0472	train	67
train_0473	train	151
train_0474	train	361
train_0475	train	286
train_0476	train	163
train_0477	train	327
train_0478	train	302
train_0479	train	83
train_0480	train	408
train_0481	train	21
train_0482	train	346
train_0483	train	23
train_0484	train	416
train_0485	train	59
train_0486	train	377
train_0487	train	73
train_0488	train	86
train_0489	train	17
train_0490	train	305
train_0491	train	297
train_0492	train	126
train_0493	train	419
train_0494	train	79
train_0495	train	297
train_0496	train	102
train_0497	train	248
train_0498	train	278
train_0499	train	107
train_0500	train	151
train_0501	train	208
train_0502	train	40
train_0503	train	120
train_0504	train	253
train_0505	train	297
train_0506	train	163
train_0507	train	7
train_0508	train	217
train_0509	train	249
train_0510	train	126
train_0511	train	156
train_0512	train	59
train_0513	train	2
train_0514	train	141
train_0515	train	313
train_0516	train	305
train_0517	train	85
train_0518	train	102
train_0519	train	53
train_0520	train	39
train_0521	train	46
train_0522	train	315
train_0523	train	305
train_0524	train	357
train_0525	train	49
train_0526	train	403
train_0527	train	73
train_0528	train	84
train_0529	train	263
train_0530	train	263
train_0531	train	293
train_0532	train	156
train_0533	train	366
train_0534	train	355
train_0535	train	14
train_0536	train	79
train_0537	train	182
train_0538	train	369
train_0539	train	158
train_0540	train	14
train_0541	train	357
train_0542	train	180
train_0543	train	366
train_0544	train	305
train_0545	train	134
train_0546	train	174
train_0547	train	293
train_0548	train	68
train_0549	train	259
train_0550	train	107
train_0551	train	32
train_0552	train	53
train_0553	train	142
train_0554	train	394
train_0555	train	185
train_0556	train	122
train_0557	train	111
train_0558	train	305
train_0559	train	17
train_0560	train	305
train_0561	train	228
train_0562	train	99
train_0563	train	191
train_0564	train	303
train_0565	train	372
train_0566	train	241
train_0567	train	300
train_0568	train	163
train_0569	train	305
train_0570	train	119
train_0571	train	188
train_0572	train	120
train_0573	train	208
train_0574	train	369
train_0575	train	188
train_0576	train	213
train_0577	train	18
train_0578	train	253
train_0579	train	323
train_0580	train	160
train_0581	train	79
train_0582	train	93
train_0583	train	53
train_0584	train	288
train_0585	train	68
train_0586	train	174
train_0587	train	327
train_0588	train	178
train_0589	train	188
train_0590	train	405
train_0591	train	185
train_0592	train	157
train_0593	train	126
train_0594	train	360
train_0595	train	159
train_0596	train	23
train_0597	train	67
train_0598	train	85
train_0599	train	386
train_0600	train	288
train_0601	train	144
train_0602	train	154
train_0603	train	127
train_0604	train	319
train_0605	train	182
train_0606	train	156
train_0607	train	49
train_0608	train	79
train_0609	train	70
train_0610	train	65
train_0611	train	270
train_0612	train	337
train_0613	train	13
train_0614	train	116
train_0615	train	83
train_0616	train	17
train_0617	train	172
train_0618	train	197
train_0619	train	83
train_0620	train	256
train_0621	train	123
train_0622	train	178
train_0623	train	53
train_0624	train	157
train_0625	train	40
train_0626	train	67
train_0627	train	28
train_0628	train	241
train_0629	train	402
train_0630	train	360
train_0631	train	160
train_0632	train	46
train_0633	train	330
train_0634	train	85
train_0635	train	318
train_0636	train	155
train_0637	train	62
train_0638	train	297
train_0639	train	46
train_0640	train	189
train_0641	train	416
train_0642	train	107
train_0643	train	82
train_0644	train	89
train_0645	train	158
train_0646	train	278
train_0647	train	201
train_0648	train	107
train_0649	train	120
train_0650	train	104
train_0651	train	327
train_0652	train	79
train_0653	train	351
train_0654	train	184
train_0655	train	122
train_0656	train	197
train_0657	train	184
train_0658	train	213
train_0659	train	134
train_0660	train	18
train_0661	train	315
train_0662	train	355
train_0663	train	378
train_0664	train	49
train_0665	train	111
train_0666	train	101
train_0667	train	242
train_0668	train	377
train_0669	train	7
train_0670	train	142
train_0671	train	53
train_0672	train	188
train_0673	train	18
train_0674	train	404
train_0675	train	188
train_0676	train	1
train_0677	train	366
train_0678	train	134
train_0679	train	377
train_0680	train	49
train_0681	train	155
train_0682	train	408
train_0683	train	150
train_0684	train	65
train_0685	train	150
train_0686	train	356
train_0687	train	67
train_0688	train	40
train_0689	train	2
train_0690	train	159
train_0691	train	374
train_0692	train	258
train_0693	train	416
train_0694	train	335
train_0695	train	178
train_0696	train	134
train_0697	train	41
train_0698	train	248
train_0699	train	318
train_0700	train	235
train_0701	train	107
train_0702	train	407
train_0703	train	150
train_0704	train	158
train_0705	train	91
train_0706	train	34
train_0707	train	61
train_0708	train	317
train_0709	train	405
train_0710	train	240
train_0711	train	1
train_0712	train	160
train_0713	train	228
train_0714	train	74
train_0715	train	322
train_0716	train	53
train_0717	train	160
train_0718	train	220
train_0719	train	154
train_0720	train	258
train_0721	train	85
train_0722	train	133
train_0723	train	213
train_0724	train	40
train_0725	train	86
train_0726	train	224
train_0727	train	93
train_0728	train	125
train_0729	train	278
train_0730	train	56
train_0731	train	165
train_0732	train	172
train_0733	train	303
train_0734	train	191
train_0735	train	203
train_0736	train	30
train_0737	train	178
train_0738	train	56
train_0739	train	102
train_0740	train	18
train_0741	train	213
train_0742	train	74
train_0743	train	185
train_0744	train	163
train_0745	train	83
train_0746	train	356
train_0747	train	61
train_0748	train	356
train_0749	train	40
train_0750	train	142
train_0751	train	395
train_0752	train	156
train_0753	train	298
train_0754	train	141
train_0755	train	160
train_0756	train	14
train_0757	train	353
train_0758	train	165
train_0759	train	111
train_0760	train	134
train_0761	train	28
train_0762	train	302
train_0763	train	40
train_0764	train	366
train_0765	train	397
train_0766	train	293
train_0767	train	239
train_0768	train	79
train_0769	train	86
train_0770	train	351
train_0771	train	120
train_0772	train	23
train_0773	train	298
train_0774	train	408
train_0775	train	165
train_0776	train	381
train_0777	train	142
train_0778	train	53
train_0779	train	305
train_0780	train	23
train_0781	train	23
train_0782	train	17
train_0783	train	200
train_0784	train	2
train_0785	train	112
train_0786	train	23
train_0787	train	101
train_0788	train	6
train_0789	train	203
train_0790	train	174
train_0791	train	278
train_0792	train	374
train_0793	train	249
train_0794	train	319
train_0795	train	68
train_0796	train	290
train_0797	train	20
train_0798	train	288
train_0799	train	369
train_0800	train	156
train_0801	train	300
train_0802	train	14
train_0803	train	208
train_0804	train	408
train_0805	train	75
train_0806	train	83
train_0807	train	259
train_0808	train	277
train_0809	train	197
train_0810	train	23
train_0811	train	333
train_0812	train	259
train_0813	train	158
train_0814	train	178
train_0815	train	197
train_0816	train	335
train_0817	train	82
train_0818	train	313
train_0819	train	303
train_0820	train	313
train_0821	train	1
train_0822	train	348
train_0823	train	357
train_0824	train	381
train_0825	train	240
train_0826	train	119
train_0827	train	120
train_0828	train	37
train_0829	train	142
train_0830	train	240
train_0831	train	62
train_0832	train	156
train_0833	train	40
train_0834	train	178
train_0835	train	70
train_0836	train	249
train_0837	train	159
train_0838	train	208
train_0839	train	163
train_0840	train	155
train_0841	train	178
train_0842	train	61
train_0843	train	300
train_0844	train	27
train_0845	train	59
train_0846	train	378
train_0847	train	83
train_0848	train	73
train_0849	train	241
train_0850	train	68
train_0851	train	242
train_0852	train	156
train_0853	train	207
train_0854	train	259
train_0855	train	62
train_0856	train	405
train_0857	train	337
train_0858	train	184
train_0859	train	270
train_0860	train	178
train_0861	train	390
train_0862	train	195
train_0863	train	286
train_0864	train	336
train_0865	train	119
train_0866	train	337
train_0867	train	337
train_0868	train	127
train_0869	train	351
train_0870	train	354
train_0871	train	317
train_0872	train	20
train_0873	train	197
train_0874	train	126
train_0875	train	228
train_0876	train	290
train_0877	train	236
train_0878	train	157
train_0879	train	200
train_0880	train	28
train_0881	train	178
train_0882	train	313
train_0883	train	256
train_0884	train	235
train_0885	train	395
train_0886	train	174
train_0887	train	134
train_0888	train	386
train_0889	train	353
train_0890	train	386
train_0891	train	213
train_0892	train	336
train_0893	train	386
train_0894	train	241
train_0895	train	134
train_0896	train	336
train_0897	train	27
train_0898	train	389
train_0899	train	93
train_0900	train	21
train_0901	train	7
train_0902	train	141
train_0903	train	237
train_0904	train	330
train_0905	train	70
train_0906	train	133
train_0907	train	408
train_0908	train	20
train_0909	train	402
train_0910	train	361
train_0911	train	133
train_0912	train	17
train_0913	train	89
train_0914	train	39
train_0915	train	91
train_0916	train	126
train_0917	train	18
train_0918	train	21
train_0919	train	123
train_0920	train	381
train_0921	train	122
train_0922	train	217
train_0923	train	49
train_0924	train	235
train_0925	train	46
train_0926	train	208
train_0927	train	381
train_0928	train	150
train_0929	train	397
train_0930	train	125
train_0931	train	65
train_0932	train	346
train_0933	train	18
train_0934	train	1
train_0935	train	201
train_0936	train	155
train_0937	train	188
train_0938	train	160
train_0939	train	49
train_0940	train	68
train_0941	train	313
train_0942	train	14
train_0943	train	336
train_0944	train	2
train_0945	train	163
train_0946	train	1
train_0947	train	101
train_0948	train	286
train_0949	train	85
train_0950	train	290
train_0951	train	48
train_0952	train	241
train_0953	train	122
train_0954	train	237
train_0955	train	220
train_0956	train	85
train_0957	train	155
train_0958	train	317
train_0959	train	407
train_0960	train	401
train_0961	train	235
train_0962	train	7
train_0963	train	318
train_0964	train	23
train_0965	train	356
train_0966	train	403
train_0967	train	150
train_0968	train	141
train_0969	train	240
train_0970	train	189
train_0971	train	156
train_0972	train	67
train_0973	train	107
train_0974	train	203
train_0975	train	119
train_0976	train	142
train_0977	train	407
train_0978	train	141
train_0979	train	97
train_0980	train	360
train_0981	train	405
train_0982	train	111
train_0983	train	138
train_0984	train	144
train_0985	train	318
train_0986	train	67
train_0987	train	91
train_0988	train	62
train_0989	train	17
train_0990	train	41
train_0991	train	174
train_0992	train	188
train_0993	train	122
train_0994	train	403
train_0995	train	120
train_0996	train	348
train_0997	train	102
train_0998	train	53
train_0999	train	75
train_1000	train	112
train_1001	train	315
train_1002	train	374
train_1003	train	213
train_1004	train	154
train_1005	train	259
train_1006	train	313
train_1007	train	346
train_1008	train	65
train_1009	train	258
train_1010	train	112
train_1011	train	172
train_1012	train	93
train_1013	train	74
train_1014	train	185
train_1015	train	309
train_1016	train	61
train_1017	train	14
train_1018	train	20
train_1019	train	298
train_1020	train	89
train_1021	train	374
train_1022	train	39
train_1023	train	82
train_1024	train	91
train_1025	train	327
train_1026	train	381
train_1027	train	239
train_1028	train	95
train_1029	train	91
train_1030	train	358
train_1031	train	322
train_1032	train	151
train_1033	train	37
train_1034	train	178
train_1035	train	97
train_1036	train	300
train_1037	train	144
train_1038	train	104
train_1039	train	101
train_1040	train	239
train_1041	train	65
train_1042	train	112
train_1043	train	134
train_1044	train	49
train_1045	train	158
train_1046	train	403
train_1047	train	93
train_1048	train	327
train_1049	train	378
train_1050	train	20
train_1051	train	172
train_1052	train	89
train_1053	train	208
train_1054	train	397
train_1055	train	200
train_1056	train	56
train_1057	train	122
train_1058	train	20
train_1059	train	141
train_1060	train	61
train_1061	train	159
train_1062	train	111
train_1063	train	61
train_1064	train	86
train_1065	train	364
train_1066	train	85
train_1067	train	204
train_1068	train	180
train_1069	train	95
train_1070	train	142
train_1071	train	413
train_1072	train	101
train_1073	train	288
train_1074	train	237
train_1075	train	119
train_1076	train	366
train_1077	train	163
train_1078	train	41
train_1079	train	144
train_1080	train	49
train_1081	train	70
train_1082	train	413
train_1083	train	82
train_1084	train	413
train_1085	train	116
train_1086	train	101
train_1087	train	327
train_1088	train	288
train_1089	train	126
train_1090	train	127
train_1091	train	419
train_1092	train	278
train_1093	train	242
train_1094	train	304
train_1095	train	150
train_1096	train	317
train_1097	train	18
train_1098	train	119
train_1099	train	7
train_1100	train	134
train_1101	train	141
train_1102	train	203
train_1103	train	300
train_1104	train	378
train_1105	train	89
train_1106	train	402
train_1107	train	419
train_1108	train	97
train_1109	train	157
train_1110	train	112
train_1111	train	237
train_1112	train	99
train_1113	train	37
train_1114	train	138
train_1115	train	31
train_1116	train	159
train_1117	train	125
train_1118	train	174
train_1119	train	303
train_1120	train	142
train_1121	train	53
train_1122	train	123
train_1123	train	150
train_1124	train	348
train_1125	train	390
train_1126	train	277
train_1127	train	79
train_1128	train	390
train_1129	train	84
train_1130	train	178
train_1131	train	39
train_1132	train	353
train_1133	train	203
train_1134	train	7
train_1135	train	99
train_1136	train	311
train_1137	train	315
train_1138	train	364
train_1139	train	365
train_1140	train	101
train_1141	train	62
train_1142	train	358
train_1143	train	32
train_1144	train	242
train_1145	train	204
train_1146	train	235
train_1147	train	174
train_1148	train	14
train_1149	train	101
train_1150	train	150
train_1151	train	74
train_1152	train	84
train_1153	train	160
train_1154	train	40
train_1155	train	144
train_1156	train	14
train_1157	train	326
train_1158	train	256
train_1159	train	99
train_1160	train	403
train_1161	train	403
train_1162	train	180
train_1163	train	31
train_1164	train	394
train_1165	train	368
train_1166	train	322
train_1167	train	112
train_1168	train	300
train_1169	train	234
train_1170	train	188
train_1171	train	242
train_1172	train	163
train_1173	train	53
train_1174	train	7
train_1175	train	181
train_1176	train	322
train_1177	train	302
train_1178	train	41
train_1179	train	95
train_1180	train	349
train_1181	train	157
train_1182	train	65
train_1183	train	278
train_1184	train	201
train_1185	train	119
train_1186	train	122
train_1187	train	366
train_1188	train	292
train_1189	train	390
train_1190	train	40
train_1191	train	150
train_1192	train	305
train_1193	train	291
train_1194	train	142
train_1195	train	66
train_1196	train	68
train_1197	train	99
train_1198	train	102
train_1199	train	144
train_1200	train	127
train_1201	train	49
train_1202	train	2
train_1203	train	101
train_1204	train	112
train_1205	train	184
train_1206	train	82
train_1207	train	275
train_1208	train	309
train_1209	train	188
train_1210	train	419
train_1211	train	231
train_1212	train	185
train_1213	train	366
train_1214	train	258
train_1215	train	83
train_1216	train	413
train_1217	train	310
train_1218	train	416
train_1219	train	236
train_1220	train	185
train_1221	train	407
train_1222	train	208
train_1223	train	122
train_1224	train	82
train_1225	train	256
train_1226	train	66
train_1227	train	270
train_1228	train	253
train_1229	train	297
train_1230	train	197
train_1231	train	28
train_1232	train	302
train_1233	train	23
train_1234	train	385
train_1235	train	237
train_1236	train	7
train_1237	train	407
train_1238	train	160
train_1239	train	404
train_1240	train	82
train_1241	train	326
train_1242	train	75
train_1243	train	302
train_1244	train	53
train_1245	train	390
train_1246	train	253
train_1247	train	180
train_1248	train	318
train_1249	train	288
train_1250	train	125
train_1251	train	93
train_1252	train	418
train_1253	train	113
train_1254	train	30
train_1255	train	56
train_1256	train	178
train_1257	train	95
train_1258	train	18
train_1259	train	142
train_1260	train	178
train_1261	train	241
train_1262	train	327
train_1263	train	413
train_1264	train	315
train_1265	train	6
train_1266	train	7
train_1267	train	27
train_1268	train	73
train_1269	train	231
train_1270	train	207
train_1271	train	240
train_1272	train	258
train_1273	train	356
train_1274	train	18
train_1275	train	104
train_1276	train	37
train_1277	train	31
train_1278	train	403
train_1279	train	386
train_1280	train	141
train_1281	train	335
train_1282	train	224
train_1283	train	180
train_1284	train	419
train_1285	train	154
train_1286	train	319
train_1287	train	21
train_1288	train	99
train_1289	train	163
train_1290	train	389
train_1291	train	84
train_1292	train	65
train_1293	train	326
train_1294	train	188
train_1295	train	184
train_1296	train	151
train_1297	train	163
train_1298	train	180
train_1299	train	313
train_1300	train	188
train_1301	train	207
train_1302	train	97
train_1303	train	366
train_1304	train	310
train_1305	train	17
train_1306	train	241
train_1307	train	116
train_1308	train	300
train_1309	train	101
train_1310	train	408
train_1311	train	97
train_1312	train	155
train_1313	train	153
train_1314	train	242
train_1315	train	258
train_1316	train	356
train_1317	train	53
train_1318	train	89
train_1319	train	407
train_1320	train	151
train_1321	train	200
train_1322	train	241
train_1323	train	104
train_1324	train	155
train_1325	train	374
train_1326	train	258
train_1327	train	59
train_1328	train	123
train_1329	train	181
train_1330	train	68
train_1331	train	151
train_1332	train	173
train_1333	train	309
train_1334	train	213
train_1335	train	201
train_1336	train	151
train_1337	train	73
train_1338	train	401
train_1339	train	79
train_1340	train	368
train_1341	train	369
train_1342	train	385
train_1343	train	413
train_1344	train	134
train_1345	train	256
train_1346	train	188
train_1347	train	46
train_1348	train	89
train_1349	train	2
train_1350	train	91
train_1351	train	402
train_1352	train	258
train_1353	train	18
train_1354	train	111
train_1355	train	208
train_1356	train	394
train_1357	train	74
train_1358	train	61
train_1359	train	185
train_1360	train	21
train_1361	train	99
train_1362	train	159
train_1363	train	394
train_1364	train	360
train_1365	train	150
train_1366	train	156
train_1367	train	174
train_1368	train	360
train_1369	train	83
train_1370	train	182
train_1371	train	144
train_1372	train	278
train_1373	train	248
train_1374	train	122
train_1375	train	401
train_1376	train	290
train_1377	train	241
train_1378	train	305
train_1379	train	275
train_1380	train	91
train_1381	train	48
train_1382	train	48
train_1383	train	200
train_1384	train	58
train_1385	train	322
train_1386	train	237
train_1387	train	21
train_1388	train	14
train_1389	train	275
train_1390	train	201
train_1391	train	14
train_1392	train	374
train_1393	train	99
train_1394	train	372
train_1395	train	405
train_1396	train	208
train_1397	train	67
train_1398	train	300
train_1399	train	327
train_1400	train	298
train_1401	train	159
train_1402	train	122
train_1403	train	288
train_1404	train	165
train_1405	train	119
train_1406	train	20
train_1407	train	323
train_1408	train	65
train_1409	train	290
train_1410	train	327
train_1411	train	303
train_1412	train	17
train_1413	train	258
train_1414	train	84
train_1415	train	65
train_1416	train	297
train_1417	train	180
train_1418	train	127
train_1419	train	70
train_1420	train	401
train_1421	train	386
train_1422	train	322
train_1423	train	270
train_1424	train	113
train_1425	train	156
train_1426	train	86
train_1427	train	263
train_1428	train	185
train_1429	train	239
train_1430	train	335
train_1431	train	200
train_1432	train	65
train_1433	train	330
train_1434	train	327
train_1435	train	355
train_1436	train	101
train_1437	train	189
train_1438	train	416
train_1439	train	18
train_1440	train	253
train_1441	train	21
train_1442	train	107
train_1443	train	102
train_1444	train	120
train_1445	train	275
train_1446	train	85
train_1447	train	125
train_1448	train	86
train_1449	train	405
train_1450	train	23
train_1451	train	113
train_1452	train	155
train_1453	train	1
train_1454	train	28
train_1455	train	319
train_1456	train	364
train_1457	train	85
train_1458	train	173
train_1459	train	207
train_1460	train	374
train_1461	train	18
train_1462	train	270
train_1463	train	201
train_1464	train	17
train_1465	train	134
train_1466	train	62
train_1467	train	46
train_1468	train	185
train_1469	train	2
train_1470	train	150
train_1471	train	349
train_1472	train	27
train_1473	train	141
train_1474	train	133
train_1475	train	126
train_1476	train	68
train_1477	train	86
train_1478	train	189
train_1479	train	337
train_1480	train	120
train_1481	train	85
train_1482	train	122
train_1483	train	174
train_1484	train	20
train_1485	train	156
train_1486	train	150
train_1487	train	61
train_1488	train	116
train_1489	train	10
train_1490	train	224
train_1491	train	241
train_1492	train	93
train_1493	train	34
train_1494	train	163
train_1495	train	288
train_1496	train	83
train_1497	train	17
train_1498	train	290
train_1499	train	67
train_1500	train	395
train_1501	train	59
train_1502	train	419
train_1503	train	74
train_1504	train	34
train_1505	train	300
train_1506	train	293
train_1507	train	156
train_1508	train	86
train_1509	train	157
train_1510	train	107
train_1511	train	386
train_1512	train	300
train_1513	train	348
train_1514	train	65
train_1515	train	83
train_1516	train	107
train_1517	train	126
train_1518	train	381
train_1519	train	34
train_1520	train	403
train_1521	train	333
train_1522	train	356
train_1523	train	150
train_1524	train	46
train_1525	train	275
train_1526	train	277
train_1527	train	84
train_1528	train	89
train_1529	train	399
train_1530	train	304
train_1531	train	46
train_1532	train	83
train_1533	train	165
train_1534	train	119
train_1535	train	165
train_1536	train	93
train_1537	train	241
train_1538	train	63
train_1539	train	305
train_1540	train	99
train_1541	train	173
train_1542	train	389
train_1543	train	49
train_1544	train	300
train_1545	train	403
train_1546	train	201
train_1547	train	37
train_1548	train	355
train_1549	train	56
train_1550	train	224
train_1551	train	224
train_1552	train	46
train_1553	train	95
train_1554	train	59
train_1555	train	14
train_1556	train	290
train_1557	train	84
train_1558	train	86
train_1559	train	46
train_1560	train	189
train_1561	train	204
train_1562	train	141
train_1563	train	112
train_1564	train	82
train_1565	train	346
train_1566	train	63
train_1567	train	6
train_1568	train	404
train_1569	train	374
train_1570	train	204
train_1571	train	240
train_1572	train	374
train_1573	train	2
train_1574	train	46
train_1575	train	34
train_1576	train	337
train_1577	train	37
train_1578	train	2
train_1579	train	156
train_1580	train	259
train_1581	train	65
train_1582	train	404
train_1583	train	104
train_1584	train	337
train_1585	train	10
train_1586	train	20
train_1587	train	288
train_1588	train	385
train_1589	train	40
train_1590	train	413
train_1591	train	201
train_1592	train	315
train_1593	train	364
train_1594	train	397
train_1595	train	155
train_1596	train	204
train_1597	train	154
train_1598	train	40
train_1599	train	185
train_1600	train	20
train_1601	train	241
train_1602	train	79
train_1603	train	40
train_1604	train	184
train_1605	train	101
train_1606	train	37
train_1607	train	151
train_1608	train	313
train_1609	train	408
train_1610	train	7
train_1611	train	407
train_1612	train	84
train_1613	train	156
train_1614	train	188
train_1615	train	141
train_1616	train	37
train_1617	train	302
train_1618	train	107
train_1619	train	397
train_1620	train	390
train_1621	train	201
train_1622	train	150
train_1623	train	102
train_1624	train	56
train_1625	train	319
train_1626	train	59
train_1627	train	403
train_1628	train	73
train_1629	train	18
train_1630	train	163
train_1631	train	49
train_1632	train	162
train_1633	train	21
train_1634	train	111
train_1635	train	180
train_1636	train	377
train_1637	train	93
train_1638	train	20
train_1639	train	142
train_1640	train	319
train_1641	train	125
train_1642	train	368
train_1643	train	416
train_1644	train	240
train_1645	train	340
train_1646	train	59
train_1647	train	111
train_1648	train	374
train_1649	train	174
train_1650	train	366
train_1651	train	48
train_1652	train	126
train_1653	train	207
train_1654	train	277
train_1655	train	93
train_1656	train	351
train_1657	train	366
train_1658	train	235
train_1659	train	83
train_1660	train	326
train_1661	train	275
train_1662	train	74
train_1663	train	144
train_1664	train	116
train_1665	train	224
train_1666	train	390
train_1667	train	275
train_1668	train	85
train_1669	train	400
train_1670	train	37
train_1671	train	305
train_1672	train	414
train_1673	train	241
train_1674	train	159
train_1675	train	407
train_1676	train	83
train_1677	train	208
train_1678	train	357
train_1679	train	156
train_1680	train	48
train_1681	train	104
train_1682	train	127
train_1683	train	82
train_1684	train	333
train_1685	train	73
train_1686	train	18
train_1687	train	364
train_1688	train	101
train_1689	train	73
train_1690	train	315
train_1691	train	335
train_1692	train	213
train_1693	train	208
train_1694	train	305
train_1695	train	40
train_1696	train	155
train_1697	train	65
train_1698	train	407
train_1699	train	242
train_1700	train	356
train_1701	train	119
train_1702	train	62
train_1703	train	68
train_1704	train	178
train_1705	train	89
train_1706	train	249
train_1707	train	86
train_1708	train	53
train_1709	train	166
train_1710	train	188
train_1711	train	180
train_1712	train	368
train_1713	train	150
train_1714	train	185
train_1715	train	68
train_1716	train	70
train_1717	train	305
train_1718	train	303
train_1719	train	188
train_1720	train	300
train_1721	train	277
train_1722	train	53
train_1723	train	309
train_1724	train	2
train_1725	train	288
train_1726	train	374
train_1727	train	189
train_1728	train	166
train_1729	train	21
train_1730	train	156
train_1731	train	6
train_1732	train	317
train_1733	train	82
train_1734	train	66
train_1735	train	224
train_1736	train	73
train_1737	train	7
train_1738	train	120
train_1739	train	207
train_1740	train	191
train_1741	train	53
train_1742	train	151
train_1743	train	322
train_1744	train	155
train_1745	train	259
train_1746	train	237
train_1747	train	32
train_1748	train	83
train_1749	train	348
train_1750	train	95
train_1751	train	184
train_1752	train	73
train_1753	train	372
train_1754	train	408
train_1755	train	358
train_1756	train	142
train_1757	train	111
train_1758	train	119
train_1759	train	65
train_1760	train	68
train_1761	train	91
train_1762	train	414
train_1763	train	120
train_1764	train	95
train_1765	train	18
train_1766	train	249
train_1767	train	107
train_1768	train	235
train_1769	train	138
train_1770	train	236
train_1771	train	2
train_1772	train	61
train_1773	train	73
train_1774	train	13
train_1775	train	75
train_1776	train	400
train_1777	train	65
train_1778	train	7
train_1779	train	27
train_1780	train	91
train_1781	train	104
train_1782	train	390
train_1783	train	180
train_1784	train	125
train_1785	train	107
train_1786	train	68
train_1787	train	303
train_1788	train	185
train_1789	train	181
train_1790	train	56
train_1791	train	125
train_1792	train	173
train_1793	train	142
train_1794	train	326
train_1795	train	142
train_1796	train	300
train_1797	train	348
train_1798	train	319
train_1799	train	2
train_1800	train	300
train_1801	train	188
train_1802	train	305
train_1803	train	253
train_1804	train	142
train_1805	train	62
train_1806	train	40
train_1807	train	207
train_1808	train	133
train_1809	train	317
train_1810	train	253
train_1811	train	144
train_1812	train	335
train_1813	train	275
train_1814	train	337
train_1815	train	188
train_1816	train	224
train_1817	train	154
train_1818	train	208
train_1819	train	17
train_1820	train	290
train_1821	train	319
train_1822	train	125
train_1823	train	407
train_1824	train	180
train_1825	train	303
train_1826	train	62
train_1827	train	14
train_1828	train	407
train_1829	train	178
train_1830	train	302
train_1831	train	116
train_1832	train	116
train_1833	train	317
train_1834	train	300
train_1835	train	245
train_1836	train	208
train_1837	train	191
train_1838	train	10
train_1839	train	82
train_1840	train	182
train_1841	train	402
train_1842	train	85
train_1843	train	203
train_1844	train	116
train_1845	train	125
train_1846	train	101
train_1847	train	207
train_1848	train	89
train_1849	train	116
train_1850	train	122
train_1851	train	394
train_1852	train	2
train_1853	train	99
train_1854	train	203
train_1855	train	242
train_1856	train	85
train_1857	train	14
train_1858	train	155
train_1859	train	2
train_1860	train	17
train_1861	train	31
train_1862	train	141
train_1863	train	315
train_1864	train	85
train_1865	train	107
train_1866	train	68
train_1867	train	134
train_1868	train	91
train_1869	train	95
train_1870	train	133
train_1871	train	160
train_1872	train	385
train_1873	train	82
train_1874	train	156
train_1875	train	348
train_1876	train	18
train_1877	train	65
train_1878	train	317
train_1879	train	7
train_1880	train	393
train_1881	train	163
train_1882	train	86
train_1883	train	178
train_1884	train	204
train_1885	train	83
train_1886	train	144
train_1887	train	40
train_1888	train	48
train_1889	train	2
train_1890	train	150
train_1891	train	7
train_1892	train	256
train_1893	train	18
train_1894	train	101
train_1895	train	181
train_1896	train	89
train_1897	train	156
train_1898	train	310
train_1899	train	160
train_1900	train	337
train_1901	train	231
train_1902	train	99
train_1903	train	63
train_1904	train	133
train_1905	train	404
train_1906	train	184
train_1907	train	144
train_1908	train	21
train_1909	train	134
train_1910	train	418
train_1911	train	101
train_1912	train	37
train_1913	train	357
train_1914	train	93
train_1915	train	304
train_1916	train	63
train_1917	train	1
train_1918	train	366
train_1919	train	181
train_1920	train	197
train_1921	train	67
train_1922	train	258
train_1923	train	62
train_1924	train	125
train_1925	train	159
train_1926	train	413
train_1927	train	93
train_1928	train	46
train_1929	train	65
train_1930	train	150
train_1931	train	293
train_1932	train	302
train_1933	train	239
train_1934	train	122
train_1935	train	404
train_1936	train	319
train_1937	train	82
train_1938	train	220
train_1939	train	68
train_1940	train	278
train_1941	train	86
train_1942	train	82
train_1943	train	125
train_1944	train	235
train_1945	train	150
train_1946	train	239
train_1947	train	89
train_1948	train	200
train_1949	train	203
train_1950	train	14
train_1951	train	348
train_1952	train	134
train_1953	train	125
train_1954	train	86
train_1955	train	2
train_1956	train	28
train_1957	train	107
train_1958	train	97
train_1959	train	173
train_1960	train	141
train_1961	train	286
train_1962	train	310
train_1963	train	150
train_1964	train	28
train_1965	train	86
train_1966	train	407
train_1967	train	239
train_1968	train	141
train_1969	train	184
train_1970	train	18
train_1971	train	203
train_1972	train	156
train_1973	train	397
train_1974	train	349
train_1975	train	163
train_1976	train	37
train_1977	train	207
train_1978	train	28
train_1979	train	242
train_1980	train	61
train_1981	train	236
train_1982	train	208
train_1983	train	65
train_1984	train	377
train_1985	train	184
train_1986	train	174
train_1987	train	126
train_1988	train	101
train_1989	train	191
train_1990	train	355
train_1991	train	104
train_1992	train	85
train_1993	train	360
train_1994	train	48
train_1995	train	313
train_1996	train	300
train_1997	train	17
train_1998	train	41
train_1999	train	323
train_2000	train	322
train_2001	train	184
train_2002	train	49
train_2003	train	21
train_2004	train	327
train_2005	train	346
train_2006	train	28
train_2007	train	39
train_2008	train	20
train_2009	train	403
train_2010	train	366
train_2011	train	17
train_2012	train	327
train_2013	train	123
train_2014	train	188
train_2015	train	133
train_2016	train	56
train_2017	train	191
train_2018	train	144
train_2019	train	270
train_2020	train	288
train_2021	train	163
train_2022	train	111
train_2023	train	111
train_2024	train	275
train_2025	train	166
train_2026	train	158
train_2027	train	200
train_2028	train	213
train_2029	train	413
train_2030	train	28
train_2031	train	150
train_2032	train	73
train_2033	train	293
train_2034	train	381
train_2035	train	14
train_2036	train	93
train_2037	train	21
train_2038	train	85
train_2039	train	21
train_2040	train	305
train_2041	train	297
train_2042	train	163
train_2043	train	235
train_2044	train	374
train_2045	train	215
train_2046	train	21
train_2047	train	39
train_2048	train	305
train_2049	train	394
train_2050	train	207
train_2051	train	7
train_2052	train	93
train_2053	train	178
train_2054	train	112
train_2055	train	1
train_2056	train	125
train_2057	train	75
train_2058	train	348
train_2059	train	37
train_2060	train	134
train_2061	train	163
train_2062	train	184
train_2063	train	404
train_2064	train	91
train_2065	train	241
train_2066	train	309
train_2067	train	360
train_2068	train	112
train_2069	train	393
train_2070	train	355
train_2071	train	32
train_2072	train	323
train_2073	train	134
train_2074	train	305
train_2075	train	21
train_2076	train	141
train_2077	train	123
train_2078	train	256
train_2079	train	120
train_2080	train	91
train_2081	train	113
train_2082	train	197
train_2083	train	293
train_2084	train	286
train_2085	train	144
train_2086	train	150
train_2087	train	208
train_2088	train	27
train_2089	train	248
train_2090	train	37
train_2091	train	372
train_2092	train	127
train_2093	train	75
train_2094	train	144
train_2095	train	356
train_2096	train	249
train_2097	train	142
train_2098	train	125
train_2099	train	407
train_2100	train	159
train_2101	train	101
train_2102	train	178
train_2103	train	155
train_2104	train	20
train_2105	train	70
train_2106	train	74
train_2107	train	119
train_2108	train	181
train_2109	train	390
train_2110	train	163
train_2111	train	191
train_2112	train	23
train_2113	train	178
train_2114	train	178
train_2115	train	122
train_2116	train	245
train_2117	train	91
train_2118	train	236
train_2119	train	126
train_2120	train	133
train_2121	train	358
train_2122	train	49
train_2123	train	372
train_2124	train	201
train_2125	train	116
train_2126	train	407
train_2127	train	7
train_2128	train	172
train_2129	train	207
train_2130	train	249
train_2131	train	201
train_2132	train	102
train_2133	train	394
train_2134	train	374
train_2135	train	258
train_2136	train	61
train_2137	train	397
train_2138	train	82
train_2139	train	18
train_2140	train	239
train_2141	train	155
train_2142	train	327
train_2143	train	258
train_2144	train	142
train_2145	train	93
train_2146	train	48
train_2147	train	305
train_2148	train	67
train_2149	train	178
train_2150	train	278
train_2151	train	84
train_2152	train	73
train_2153	train	275
train_2154	train	37
train_2155	train	366
train_2156	train	56
train_2157	train	39
train_2158	train	7
train_2159	train	374
train_2160	train	207
train_2161	train	355
train_2162	train	204
train_2163	train	165
train_2164	train	27
train_2165	train	56
train_2166	train	377
train_2167	train	346
train_2168	train	99
train_2169	train	335
train_2170	train	165
train_2171	train	241
train_2172	train	159
train_2173	train	163
train_2174	train	253
train_2175	train	173
train_2176	train	277
train_2177	train	89
train_2178	train	240
train_2179	train	127
train_2180	train	14
train_2181	train	82
train_2182	train	91
train_2183	train	165
train_2184	train	224
train_2185	train	239
train_2186	train	101
train_2187	train	104
train_2188	train	86
train_2189	train	28
train_2190	train	335
train_2191	train	41
train_2192	train	32
train_2193	train	125
train_2194	train	231
train_2195	train	185
train_2196	train	21
train_2197	train	304
train_2198	train	119
train_2199	train	305
train_2200	train	134
train_2201	train	95
train_2202	train	122
train_2203	train	97
train_2204	train	249
train_2205	train	408
train_2206	train	134
train_2207	train	32
train_2208	train	213
train_2209	train	236
train_2210	train	184
train_2211	train	142
train_2212	train	241
train_2213	train	111
train_2214	train	408
train_2215	train	178
train_2216	train	65
train_2217	train	120
train_2218	train	329
train_2219	train	59
train_2220	train	6
train_2221	train	104
train_2222	train	351
train_2223	train	356
train_2224	train	241
train_2225	train	49
train_2226	train	361
train_2227	train	7
train_2228	train	288
train_2229	train	263
train_2230	train	348
train_2231	train	303
train_2232	train	180
train_2233	train	89
train_2234	train	66
train_2235	train	385
train_2236	train	82
train_2237	train	120
train_2238	train	286
train_2239	train	120
train_2240	train	231
train_2241	train	213
train_2242	train	154
train_2243	train	66
train_2244	train	390
train_2245	train	348
train_2246	train	330
train_2247	train	379
train_2248	train	240
train_2249	train	20
train_2250	train	91
train_2251	train	413
train_2252	train	2
train_2253	train	107
train_2254	train	403
train_2255	train	397
train_2256	train	166
train_2257	train	275
train_2258	train	163
train_2259	train	397
train_2260	train	166
train_2261	train	239
train_2262	train	240
train_2263	train	404
train_2264	train	14
train_2265	train	189
train_2266	train	249
train_2267	train	18
train_2268	train	203
train_2269	train	263
train_2270	train	155
train_2271	train	217
train_2272	train	389
train_2273	train	111
train_2274	train	74
train_2275	train	68
train_2276	train	318
train_2277	train	68
train_2278	train	228
train_2279	train	120
train_2280	train	256
train_2281	train	355
train_2282	train	126
train_2283	train	217
train_2284	train	166
train_2285	train	174
train_2286	train	116
train_2287	train	181
train_2288	train	34
train_2289	train	84
train_2290	train	18
train_2291	train	163
train_2292	train	258
train_2293	train	107
train_2294	train	62
train_2295	train	91
train_2296	train	119
train_2297	train	84
train_2298	train	119
train_2299	train	356
train_2300	train	83
train_2301	train	154
train_2302	train	351
train_2303	train	107
train_2304	train	133
train_2305	train	173
train_2306	train	180
train_2307	train	399
train_2308	train	127
train_2309	train	322
train_2310	train	290
train_2311	train	235
train_2312	train	82
train_2313	train	156
train_2314	train	99
train_2315	train	381
train_2316	train	404
train_2317	train	405
train_2318	train	207
train_2319	train	400
train_2320	train	75
train_2321	train	240
train_2322	train	116
train_2323	train	348
train_2324	train	61
train_2325	train	310
train_2326	train	67
train_2327	train	144
train_2328	train	360
train_2329	train	263
train_2330	train	111
train_2331	train	123
train_2332	train	89
train_2333	train	178
train_2334	train	315
train_2335	train	82
train_2336	train	86
train_2337	train	163
train_2338	train	116
train_2339	train	245
train_2340	train	305
train_2341	train	62
train_2342	train	79
train_2343	train	174
train_2344	train	150
train_2345	train	374
train_2346	train	59
train_2347	train	83
train_2348	train	184
train_2349	train	142
train_2350	train	286
train_2351	train	141
train_2352	train	397
train_2353	train	184
train_2354	train	138
train_2355	train	48
train_2356	train	133
train_2357	train	61
train_2358	train	174
train_2359	train	107
train_2360	train	416
train_2361	train	355
train_2362	train	48
train_2363	train	275
train_2364	train	356
train_2365	train	154
train_2366	train	61
train_2367	train	123
train_2368	train	327
train_2369	train	79
train_2370	train	53
train_2371	train	59
train_2372	train	249
train_2373	train	372
train_2374	train	253
train_2375	train	385
train_2376	train	34
train_2377	train	203
train_2378	train	346
train_2379	train	155
train_2380	train	355
train_2381	train	125
train_2382	train	374
train_2383	train	397
train_2384	train	17
train_2385	train	23
train_2386	train	40
train_2387	train	407
train_2388	train	56
train_2389	train	141
train_2390	train	20
train_2391	train	89
train_2392	train	83
train_2393	train	116
train_2394	train	133
train_2395	train	144
train_2396	train	119
train_2397	train	298
train_2398	train	120
train_2399	train	239
train_2400	train	84
train_2401	train	154
train_2402	train	293
train_2403	train	248
train_2404	train	79
train_2405	train	120
train_2406	train	248
train_2407	train	62
train_2408	train	208
train_2409	train	366
train_2410	train	28
train_2411	train	93
train_2412	train	95
train_2413	train	239
train_2414	train	53
train_2415	train	119
train_2416	train	385
train_2417	train	67
train_2418	train	7
train_2419	train	248
train_2420	train	201
train_2421	train	111
train_2422	train	99
train_2423	train	278
train_2424	train	99
train_2425	train	404
train_2426	train	236
train_2427	train	142
train_2428	train	292
train_2429	train	305
train_2430	train	239
train_2431	train	74
train_2432	train	416
train_2433	train	95
train_2434	train	151
train_2435	train	37
train_2436	train	82
train_2437	train	104
train_2438	train	313
train_2439	train	41
train_2440	train	138
train_2441	train	65
train_2442	train	385
train_2443	train	41
train_2444	train	85
train_2445	train	304
train_2446	train	119
train_2447	train	361
train_2448	train	40
train_2449	train	381
train_2450	train	112
train_2451	train	14
train_2452	train	23
train_2453	train	83
train_2454	train	288
train_2455	train	82
train_2456	train	155
train_2457	train	300
train_2458	train	82
train_2459	train	112
train_2460	train	119
train_2461	train	95
train_2462	train	386
train_2463	train	181
train_2464	train	200
train_2465	train	99
train_2466	train	163
train_2467	train	400
train_2468	train	74
train_2469	train	288
train_2470	train	337
train_2471	train	404
train_2472	train	358
train_2473	train	407
train_2474	train	21
train_2475	train	356
train_2476	train	65
train_2477	train	270
train_2478	train	184
train_2479	train	397
train_2480	train	278
train_2481	train	185
train_2482	train	298
train_2483	train	394
train_2484	train	141
train_2485	train	160
train_2486	train	142
train_2487	train	32
train_2488	train	163
train_2489	train	256
train_2490	train	1
train_2491	train	174
train_2492	train	125
train_2493	train	235
train_2494	train	158
train_2495	train	377
train_2496	train	65
train_2497	train	112
train_2498	train	39
train_2499	train	85
train_2500	train	101
train_2501	train	56
train_2502	train	74
train_2503	train	66
train_2504	train	189
train_2505	train	113
train_2506	train	23
train_2507	train	160
train_2508	train	120
train_2509	train	138
train_2510	train	53
train_2511	train	7
train_2512	train	17
train_2513	train	91
train_2514	train	86
train_2515	train	21
train_2516	train	366
train_2517	train	14
train_2518	train	395
train_2519	train	259
train_2520	train	102
train_2521	train	368
train_2522	train	327
train_2523	train	180
train_2524	train	133
train_2525	train	37
train_2526	train	253
train_2527	train	61
train_2528	train	197
train_2529	train	239
train_2530	train	107
train_2531	train	309
train_2532	train	368
train_2533	train	374
train_2534	train	330
train_2535	train	404
train_2536	train	144
train_2537	train	182
train_2538	train	346
train_2539	train	249
train_2540	train	395
train_2541	train	166
train_2542	train	357
train_2543	train	17
train_2544	train	240
train_2545	train	154
train_2546	train	240
train_2547	train	31
train_2548	train	166
train_2549	train	18
train_2550	train	348
train_2551	train	138
train_2552	train	84
train_2553	train	119
train_2554	train	327
train_2555	train	63
train_2556	train	335
train_2557	train	20
train_2558	train	292
train_2559	train	349
train_2560	train	53
train_2561	train	86
train_2562	train	66
train_2563	train	359
train_2564	train	53
train_2565	train	62
train_2566	train	154
train_2567	train	151
train_2568	train	213
train_2569	train	356
train_2570	train	40
train_2571	train	85
train_2572	train	174
train_2573	train	356
train_2574	train	166
train_2575	train	141
train_2576	train	61
train_2577	train	309
train_2578	train	144
train_2579	train	120
train_2580	train	302
train_2581	train	74
train_2582	train	204
train_2583	train	65
train_2584	train	39
train_2585	train	360
train_2586	train	49
train_2587	train	82
train_2588	train	154
train_2589	train	217
train_2590	train	288
train_2591	train	207
train_2592	train	104
train_2593	train	184
train_2594	train	125
train_2595	train	346
train_2596	train	286
train_2597	train	82
train_2598	train	389
train_2599	train	154
train_2600	train	300
train_2601	train	17
train_2602	train	46
train_2603	train	141
train_2604	train	156
train_2605	train	13
train_2606	train	49
train_2607	train	62
train_2608	train	122
train_2609	train	181
train_2610	train	144
train_2611	train	200
train_2612	train	407
train_2613	train	41
train_2614	train	416
train_2615	train	62
train_2616	train	157
train_2617	train	2
train_2618	train	62
train_2619	train	208
train_2620	train	204
train_2621	train	237
train_2622	train	31
train_2623	train	68
train_2624	train	120
train_2625	train	49
train_2626	train	239
train_2627	train	53
train_2628	train	180
train_2629	train	217
train_2630	train	7
train_2631	train	40
train_2632	train	213
train_2633	train	53
train_2634	train	65
train_2635	train	178
train_2636	train	256
train_2637	train	101
train_2638	train	385
train_2639	train	326
train_2640	train	85
train_2641	train	242
train_2642	train	405
train_2643	train	116
train_2644	train	58
train_2645	train	377
train_2646	train	158
train_2647	train	28
train_2648	train	85
train_2649	train	17
train_2650	train	366
train_2651	train	86
train_2652	train	377
train_2653	train	68
train_2654	train	377
train_2655	train	419
train_2656	train	290
train_2657	train	404
train_2658	train	184
train_2659	train	290
train_2660	train	178
train_2661	train	156
train_2662	train	119
train_2663	train	158
train_2664	train	28
train_2665	train	17
train_2666	train	185
train_2667	train	28
train_2668	train	2
train_2669	train	207
train_2670	train	91
train_2671	train	23
train_2672	train	141
train_2673	train	150
train_2674	train	290
train_2675	train	418
train_2676	train	354
train_2677	train	241
train_2678	train	14
train_2679	train	399
train_2680	train	120
train_2681	train	413
train_2682	train	30
train_2683	train	270
train_2684	train	172
train_2685	train	49
train_2686	train	7
train_2687	train	208
train_2688	train	32
train_2689	train	242
train_2690	train	91
train_2691	train	329
train_2692	train	215
train_2693	train	305
train_2694	train	213
train_2695	train	125
train_2696	train	46
train_2697	train	84
train_2698	train	346
train_2699	train	360
train_2700	train	86
train_2701	train	41
train_2702	train	174
train_2703	train	256
train_2704	train	84
train_2705	train	89
train_2706	train	111
train_2707	train	361
train_2708	train	154
train_2709	train	83
train_2710	train	86
train_2711	train	86
train_2712	train	138
train_2713	train	75
train_2714	train	253
train_2715	train	174
train_2716	train	112
train_2717	train	405
train_2718	train	122
train_2719	train	240
train_2720	train	267
train_2721	train	104
train_2722	train	97
train_2723	train	116
train_2724	train	74
train_2725	train	317
train_2726	train	286
train_2727	train	155
train_2728	train	275
train_2729	train	322
train_2730	train	364
train_2731	train	84
train_2732	train	397
train_2733	train	56
train_2734	train	45
train_2735	train	413
train_2736	train	178
train_2737	train	292
train_2738	train	56
train_2739	train	166
train_2740	train	122
train_2741	train	18
train_2742	train	191
train_2743	train	14
train_2744	train	173
train_2745	train	399
train_2746	train	107
train_2747	train	53
train_2748	train	99
train_2749	train	336
train_2750	train	191
train_2751	train	58
train_2752	train	356
train_2753	train	191
train_2754	train	286
train_2755	train	256
train_2756	train	189
train_2757	train	101
train_2758	train	385
train_2759	train	240
train_2760	train	300
train_2761	train	288
train_2762	train	404
train_2763	train	6
train_2764	train	73
train_2765	train	204
train_2766	train	275
train_2767	train	315
train_2768	train	156
train_2769	train	348
train_2770	train	18
train_2771	train	359
train_2772	train	79
train_2773	train	242
train_2774	train	245
train_2775	train	419
train_2776	train	239
train_2777	train	116
train_2778	train	111
train_2779	train	253
train_2780	train	390
train_2781	train	185
train_2782	train	297
train_2783	train	86
train_2784	train	154
train_2785	train	286
train_2786	train	305
train_2787	train	112
train_2788	train	355
train_2789	train	150
train_2790	train	258
train_2791	train	53
train_2792	train	2
train_2793	train	70
train_2794	train	203
train_2795	train	14
train_2796	train	374
train_2797	train	319
train_2798	train	399
train_2799	train	95
train_2800	train	204
train_2801	train	125
train_2802	train	349
train_2803	train	178
train_2804	train	122
train_2805	train	336
train_2806	train	245
train_2807	train	74
train_2808	train	1
train_2809	train	21
train_2810	train	278
train_2811	train	89
train_2812	train	14
train_2813	train	141
train_2814	train	112
train_2815	train	188
train_2816	train	189
train_2817	train	277
train_2818	train	275
train_2819	train	93
train_2820	train	189
train_2821	train	46
train_2822	train	102
train_2823	train	23
train_2824	train	20
train_2825	train	53
train_2826	train	300
train_2827	train	275
train_2828	train	180
train_2829	train	275
train_2830	train	86
train_2831	train	241
train_2832	train	93
train_2833	train	127
train_2834	train	141
train_2835	train	245
train_2836	train	413
train_2837	train	245
train_2838	train	305
train_2839	train	141
train_2840	train	74
train_2841	train	242
train_2842	train	111
train_2843	train	369
train_2844	train	158
train_2845	train	158
train_2846	train	28
train_2847	train	304
train_2848	train	310
train_2849	train	111
train_2850	train	333
train_2851	train	346
train_2852	train	297
train_2853	train	119
train_2854	train	70
train_2855	train	133
train_2856	train	181
train_2857	train	18
train_2858	train	178
train_2859	train	17
train_2860	train	83
train_2861	train	67
train_2862	train	163
train_2863	train	346
train_2864	train	356
train_2865	train	107
train_2866	train	112
train_2867	train	67
train_2868	train	327
train_2869	train	259
train_2870	train	74
train_2871	train	389
train_2872	train	134
train_2873	train	165
train_2874	train	79
train_2875	train	174
train_2876	train	61
train_2877	train	89
train_2878	train	315
train_2879	train	241
train_2880	train	297
train_2881	train	360
train_2882	train	197
train_2883	train	59
train_2884	train	185
train_2885	train	28
train_2886	train	89
train_2887	train	6
train_2888	train	278
train_2889	train	73
train_2890	train	365
train_2891	train	286
train_2892	train	310
train_2893	train	366
train_2894	train	155
train_2895	train	46
train_2896	train	300
train_2897	train	346
train_2898	train	203
train_2899	train	116
train_2900	train	346
train_2901	train	201
train_2902	train	70
train_2903	train	303
train_2904	train	208
train_2905	train	86
train_2906	train	231
train_2907	train	37
train_2908	train	59
train_2909	train	165
train_2910	train	374
train_2911	train	74
train_2912	train	158
train_2913	train	138
train_2914	train	381
train_2915	train	286
train_2916	train	337
train_2917	train	181
train_2918	train	49
train_2919	train	359
train_2920	train	61
train_2921	train	237
train_2922	train	278
train_2923	train	217
train_2924	train	397
train_2925	train	236
train_2926	train	185
train_2927	train	256
train_2928	train	204
train_2929	train	270
train_2930	train	256
train_2931	train	356
train_2932	train	237
train_2933	train	56
train_2934	train	390
train_2935	train	349
train_2936	train	191
train_2937	train	322
train_2938	train	165
train_2939	train	153
train_2940	train	41
train_2941	train	28
train_2942	train	174
train_2943	train	68
train_2944	train	408
train_2945	train	394
train_2946	train	46
train_2947	train	14
train_2948	train	368
train_2949	train	385
train_2950	train	39
train_2951	train	231
train_2952	train	1
train_2953	train	1
train_2954	train	141
train_2955	train	292
train_2956	train	48
train_2957	train	203
train_2958	train	253
train_2959	train	239
train_2960	train	326
train_2961	train	23
train_2962	train	188
train_2963	train	154
train_2964	train	21
train_2965	train	249
train_2966	train	66
train_2967	train	93
train_2968	train	305
train_2969	train	327
train_2970	train	313
train_2971	train	197
train_2972	train	144
train_2973	train	68
train_2974	train	59
train_2975	train	374
train_2976	train	56
train_2977	train	178
train_2978	train	386
train_2979	train	112
train_2980	train	120
train_2981	train	104
train_2982	train	49
train_2983	train	70
train_2984	train	258
train_2985	train	107
train_2986	train	300
train_2987	train	39
train_2988	train	256
train_2989	train	397
train_2990	train	286
train_2991	train	144
train_2992	train	14
train_2993	train	208
train_2994	train	213
train_2995	train	327
train_2996	train	263
train_2997	train	188
train_2998	train	256
train_2999	train	351
train_3000	train	150
train_3001	train	407
train_3002	train	116
train_3003	train	182
train_3004	train	403
train_3005	train	374
train_3006	train	37
train_3007	train	258
train_3008	train	49
train_3009	train	185
train_3010	train	2
train_3011	train	327
train_3012	train	288
train_3013	train	123
train_3014	train	241
train_3015	train	53
train_3016	train	160
train_3017	train	37
train_3018	train	120
train_3019	train	101
train_3020	train	256
train_3021	train	23
train_3022	train	241
train_3023	train	49
train_3024	train	23
train_3025	train	395
train_3026	train	270
train_3027	train	101
train_3028	train	381
train_3029	train	123
train_3030	train	240
train_3031	train	213
train_3032	train	138
train_3033	train	165
train_3034	train	239
train_3035	train	201
train_3036	train	241
train_3037	train	123
train_3038	train	300
train_3039	train	313
train_3040	train	67
train_3041	train	1
train_3042	train	27
train_3043	train	18
train_3044	train	256
train_3045	train	85
train_3046	train	83
train_3047	train	32
train_3048	train	111
train_3049	train	188
train_3050	train	309
train_3051	train	242
train_3052	train	174
train_3053	train	27
train_3054	train	28
train_3055	train	150
train_3056	train	249
train_3057	train	235
train_3058	train	379
train_3059	train	327
train_3060	train	408
train_3061	train	158
train_3062	train	99
train_3063	train	75
train_3064	train	366
train_3065	train	133
train_3066	train	67
train_3067	train	305
train_3068	train	59
train_3069	train	378
train_3070	train	184
train_3071	train	330
train_3072	train	259
train_3073	train	84
train_3074	train	144
train_3075	train	65
train_3076	train	288
train_3077	train	399
train_3078	train	374
train_3079	train	73
train_3080	train	242
train_3081	train	133
train_3082	train	397
train_3083	train	248
train_3084	train	203
train_3085	train	142
train_3086	train	79
train_3087	train	141
train_3088	train	144
train_3089	train	400
train_3090	train	390
train_3091	train	381
train_3092	train	333
train_3093	train	70
train_3094	train	17
train_3095	train	293
train_3096	train	185
train_3097	train	120
train_3098	train	141
train_3099	train	119
train_3100	train	144
train_3101	train	419
train_3102	train	178
train_3103	train	278
train_3104	train	408
train_3105	train	91
train_3106	train	217
train_3107	train	351
train_3108	train	291
train_3109	train	369
train_3110	train	197
train_3111	train	181
train_3112	train	75
train_3113	train	348
train_3114	train	66
train_3115	train	6
train_3116	train	126
train_3117	train	354
train_3118	train	119
train_3119	train	18
train_3120	train	377
train_3121	train	394
train_3122	train	123
train_3123	train	310
train_3124	train	123
train_3125	train	101
train_3126	train	101
train_3127	train	359
train_3128	train	160
train_3129	train	21
train_3130	train	160
train_3131	train	318
train_3132	train	133
train_3133	train	93
train_3134	train	83
train_3135	train	28
train_3136	train	369
train_3137	train	17
train_3138	train	288
train_3139	train	123
train_3140	train	61
train_3141	train	97
train_3142	train	360
train_3143	train	74
train_3144	train	395
train_3145	train	248
train_3146	train	28
train_3147	train	101
train_3148	train	82
train_3149	train	116
train_3150	train	207
train_3151	train	419
train_3152	train	366
train_3153	train	173
train_3154	train	83
train_3155	train	120
train_3156	train	213
train_3157	train	322
train_3158	train	101
train_3159	train	327
train_3160	train	275
train_3161	train	53
train_3162	train	413
train_3163	train	102
train_3164	train	134
train_3165	train	188
train_3166	train	41
train_3167	train	155
train_3168	train	144
train_3169	train	404
train_3170	train	366
train_3171	train	83
train_3172	train	154
train_3173	train	408
train_3174	train	86
train_3175	train	162
train_3176	train	403
train_3177	train	127
train_3178	train	40
train_3179	train	91
train_3180	train	174
train_3181	train	256
train_3182	train	340
train_3183	train	86
train_3184	train	138
train_3185	train	293
train_3186	train	323
train_3187	train	200
train_3188	train	215
train_3189	train	155
train_3190	train	89
train_3191	train	151
train_3192	train	160
train_3193	train	368
train_3194	train	63
train_3195	train	49
train_3196	train	239
train_3197	train	84
train_3198	train	405
train_3199	train	330
train_3200	train	278
train_3201	train	286
train_3202	train	313
train_3203	train	123
train_3204	train	377
train_3205	train	248
train_3206	train	155
train_3207	train	66
train_3208	train	327
train_3209	train	200
train_3210	train	327
train_3211	train	59
train_3212	train	86
train_3213	train	160
train_3214	train	184
train_3215	train	182
train_3216	train	79
train_3217	train	278
train_3218	train	65
train_3219	train	372
train_3220	train	58
train_3221	train	335
train_3222	train	290
train_3223	train	89
train_3224	train	39
train_3225	train	178
train_3226	train	327
train_3227	train	317
train_3228	train	165
train_3229	train	242
train_3230	train	166
train_3231	train	41
train_3232	train	292
train_3233	train	53
train_3234	train	39
train_3235	train	256
train_3236	train	397
train_3237	train	322
train_3238	train	37
train_3239	train	397
train_3240	train	303
train_3241	train	46
train_3242	train	48
train_3243	train	348
train_3244	train	21
train_3245	train	240
train_3246	train	213
train_3247	train	95
train_3248	train	144
train_3249	train	7
train_3250	train	59
train_3251	train	172
train_3252	train	158
train_3253	train	333
train_3254	train	356
train_3255	train	407
train_3256	train	134
train_3257	train	20
train_3258	train	112
train_3259	train	119
train_3260	train	84
train_3261	train	188
train_3262	train	150
train_3263	train	389
train_3264	train	6
train_3265	train	18
train_3266	train	160
train_3267	train	416
train_3268	train	41
train_3269	train	181
train_3270	train	174
train_3271	train	40
train_3272	train	154
train_3273	train	304
train_3274	train	208
train_3275	train	104
train_3276	train	79
train_3277	train	32
train_3278	train	231
train_3279	train	151
train_3280	train	309
train_3281	train	374
train_3282	train	82
train_3283	train	119
train_3284	train	184
train_3285	train	207
train_3286	train	101
train_3287	train	1
train_3288	train	119
train_3289	train	395
train_3290	train	7
train_3291	train	119
train_3292	train	91
train_3293	train	120
train_3294	train	185
train_3295	train	242
train_3296	train	116
train_3297	train	240
train_3298	train	208
train_3299	train	119
train_3300	train	138
train_3301	train	318
train_3302	train	49
train_3303	train	18
train_3304	train	56
train_3305	train	241
train_3306	train	155
train_3307	train	142
train_3308	train	259
train_3309	train	302
train_3310	train	23
train_3311	train	14
train_3312	train	241
train_3313	train	86
train_3314	train	56
train_3315	train	351
train_3316	train	270
train_3317	train	319
train_3318	train	63
train_3319	train	355
train_3320	train	366
train_3321	train	2
train_3322	train	61
train_3323	train	400
train_3324	train	204
train_3325	train	68
train_3326	train	407
train_3327	train	59
train_3328	train	99
train_3329	train	150
train_3330	train	390
train_3331	train	125
train_3332	train	165
train_3333	train	119
train_3334	train	174
train_3335	train	17
train_3336	train	133
train_3337	train	127
train_3338	train	390
train_3339	train	66
train_3340	train	37
train_3341	train	83
train_3342	train	235
train_3343	train	180
train_3344	train	122
train_3345	train	217
train_3346	train	333
train_3347	train	86
train_3348	train	156
train_3349	train	7
train_3350	train	200
train_3351	train	403
train_3352	train	275
train_3353	train	93
train_3354	train	231
train_3355	train	394
train_3356	train	302
train_3357	train	336
train_3358	train	310
train_3359	train	18
train_3360	train	397
train_3361	train	112
train_3362	train	191
train_3363	train	23
train_3364	train	400
train_3365	train	300
train_3366	train	413
train_3367	train	93
train_3368	train	2
train_3369	train	377
train_3370	train	89
train_3371	train	28
train_3372	train	381
train_3373	train	293
train_3374	train	188
train_3375	train	14
train_3376	train	28
train_3377	train	207
train_3378	train	185
train_3379	train	111
train_3380	train	253
train_3381	train	99
train_3382	train	302
train_3383	train	337
train_3384	train	101
train_3385	train	298
train_3386	train	158
train_3387	train	157
train_3388	train	400
train_3389	train	305
train_3390	train	286
train_3391	train	288
train_3392	train	288
train_3393	train	95
train_3394	train	84
train_3395	train	82
train_3396	train	355
train_3397	train	278
train_3398	train	402
train_3399	train	303
train_3400	train	399
train_3401	train	354
train_3402	train	10
train_3403	train	53
train_3404	train	173
train_3405	train	112
train_3406	train	14
train_3407	train	401
train_3408	train	181
train_3409	train	208
train_3410	train	240
train_3411	train	70
train_3412	train	181
train_3413	train	65
train_3414	train	17
train_3415	train	53
train_3416	train	91
train_3417	train	340
train_3418	train	419
train_3419	train	155
train_3420	train	58
train_3421	train	242
train_3422	train	126
train_3423	train	200
train_3424	train	327
train_3425	train	305
train_3426	train	184
train_3427	train	123
train_3428	train	65
train_3429	train	239
train_3430	train	207
train_3431	train	333
train_3432	train	7
train_3433	train	61
train_3434	train	158
train_3435	train	99
train_3436	train	197
train_3437	train	360
train_3438	train	402
train_3439	train	203
train_3440	train	278
train_3441	train	240
train_3442	train	181
train_3443	train	28
train_3444	train	200
train_3445	train	95
train_3446	train	119
train_3447	train	157
train_3448	train	290
train_3449	train	364
train_3450	train	174
train_3451	train	374
train_3452	train	390
train_3453	train	93
train_3454	train	275
train_3455	train	358
train_3456	train	315
train_3457	train	70
train_3458	train	235
train_3459	train	300
train_3460	train	32
train_3461	train	18
train_3462	train	340
train_3463	train	74
train_3464	train	62
train_3465	train	418
train_3466	train	85
train_3467	train	309
train_3468	train	197
train_3469	train	17
train_3470	train	178
train_3471	train	240
train_3472	train	133
train_3473	train	79
train_3474	train	13
train_3475	train	119
train_3476	train	2
train_3477	train	298
train_3478	train	53
train_3479	train	122
train_3480	train	30
train_3481	train	346
train_3482	train	155
train_3483	train	99
train_3484	train	23
train_3485	train	155
train_3486	train	156
train_3487	train	56
train_3488	train	23
train_3489	train	407
train_3490	train	390
train_3491	train	156
train_3492	train	313
train_3493	train	122
train_3494	train	97
train_3495	train	30
train_3496	train	241
train_3497	train	173
train_3498	train	21
train_3499	train	86
train_3500	train	126
train_3501	train	84
train_3502	train	207
train_3503	train	165
train_3504	train	275
train_3505	train	235
train_3506	train	62
train_3507	train	62
train_3508	train	61
train_3509	train	112
train_3510	train	17
train_3511	train	239
train_3512	train	231
train_3513	train	20
train_3514	train	40
train_3515	train	356
train_3516	train	239
train_3517	train	305
train_3518	train	374
train_3519	train	40
train_3520	train	122
train_3521	train	163
train_3522	train	182
train_3523	train	126
train_3524	train	65
train_3525	train	374
train_3526	train	154
train_3527	train	399
train_3528	train	107
train_3529	train	366
train_3530	train	322
train_3531	train	335
train_3532	train	83
train_3533	train	297
train_3534	train	239
train_3535	train	83
train_3536	train	112
train_3537	train	144
train_3538	train	104
train_3539	train	127
train_3540	train	126
train_3541	train	68
train_3542	train	381
train_3543	train	160
train_3544	train	235
train_3545	train	160
train_3546	train	278
train_3547	train	73
train_3548	train	53
train_3549	train	101
train_3550	train	68
train_3551	train	49
train_3552	train	346
train_3553	train	91
train_3554	train	200
train_3555	train	258
train_3556	train	275
train_3557	train	315
train_3558	train	41
train_3559	train	107
train_3560	train	180
train_3561	train	73
train_3562	train	174
train_3563	train	83
train_3564	train	174
train_3565	train	322
train_3566	train	200
train_3567	train	240
train_3568	train	99
train_3569	train	172
train_3570	train	116
train_3571	train	181
train_3572	train	134
train_3573	train	95
train_3574	train	366
train_3575	train	403
train_3576	train	163
train_3577	train	107
train_3578	train	53
train_3579	train	365
train_3580	train	7
train_3581	train	174
train_3582	train	28
train_3583	train	18
train_3584	train	84
train_3585	train	126
train_3586	train	142
train_3587	train	67
train_3588	train	107
train_3589	train	65
train_3590	train	73
train_3591	train	401
train_3592	train	65
train_3593	train	48
train_3594	train	112
train_3595	train	361
train_3596	train	39
train_3597	train	34
train_3598	train	59
train_3599	train	111
train_3600	train	204
train_3601	train	95
train_3602	train	18
train_3603	train	217
train_3604	train	197
train_3605	train	353
train_3606	train	1
train_3607	train	174
train_3608	train	207
train_3609	train	184
train_3610	train	189
train_3611	train	395
train_3612	train	236
train_3613	train	101
train_3614	train	348
train_3615	train	379
train_3616	train	37
train_3617	train	85
train_3618	train	14
train_3619	train	310
train_3620	train	188
train_3621	train	31
train_3622	train	322
train_3623	train	142
train_3624	train	116
train_3625	train	185
train_3626	train	275
train_3627	train	49
train_3628	train	14
train_3629	train	201
train_3630	train	160
train_3631	train	173
train_3632	train	404
train_3633	train	154
train_3634	train	155
train_3635	train	300
train_3636	train	240
train_3637	train	85
train_3638	train	258
train_3639	train	48
train_3640	train	395
train_3641	train	319
train_3642	train	201
train_3643	train	65
train_3644	train	2
train_3645	train	413
train_3646	train	419
train_3647	train	288
train_3648	train	126
train_3649	train	62
train_3650	train	34
train_3651	train	249
train_3652	train	327
train_3653	train	150
train_3654	train	400
train_3655	train	120
train_3656	train	349
train_3657	train	23
train_3658	train	61
train_3659	train	239
train_3660	train	113
train_3661	train	166
train_3662	train	166
train_3663	train	18
train_3664	train	242
train_3665	train	123
train_3666	train	91
train_3667	train	158
train_3668	train	101
train_3669	train	403
train_3670	train	256
train_3671	train	18
train_3672	train	75
train_3673	train	86
train_3674	train	313
train_3675	train	174
train_3676	train	236
train_3677	train	150
train_3678	train	99
train_3679	train	293
train_3680	train	174
train_3681	train	23
train_3682	train	14
train_3683	train	59
train_3684	train	70
train_3685	train	79
train_3686	train	37
train_3687	train	303
train_3688	train	237
train_3689	train	20
train_3690	train	154
train_3691	train	112
train_3692	train	278
train_3693	train	122
train_3694	train	21
train_3695	train	360
train_3696	train	184
train_3697	train	144
train_3698	train	304
train_3699	train	89
train_3700	train	189
train_3701	train	297
train_3702	train	122
train_3703	train	119
train_3704	train	180
train_3705	train	46
train_3706	train	111
train_3707	train	111
train_3708	train	150
train_3709	train	156
train_3710	train	2
train_3711	train	253
train_3712	train	302
train_3713	train	89
train_3714	train	74
train_3715	train	159
train_3716	train	313
train_3717	train	46
train_3718	train	182
train_3719	train	127
train_3720	train	188
train_3721	train	1
train_3722	train	327
train_3723	train	389
train_3724	train	73
train_3725	train	70
train_3726	train	397
train_3727	train	390
train_3728	train	240
train_3729	train	364
train_3730	train	56
train_3731	train	153
train_3732	train	323
train_3733	train	37
train_3734	train	174
train_3735	train	256
train_3736	train	188
train_3737	train	122
train_3738	train	197
train_3739	train	68
train_3740	train	53
train_3741	train	182
train_3742	train	27
train_3743	train	85
train_3744	train	150
train_3745	train	89
train_3746	train	89
train_3747	train	150
train_3748	train	394
train_3749	train	101
train_3750	train	66
train_3751	train	305
train_3752	train	93
train_3753	train	20
train_3754	train	56
train_3755	train	46
train_3756	train	142
train_3757	train	151
train_3758	train	203
train_3759	train	40
train_3760	train	101
train_3761	train	208
train_3762	train	374
train_3763	train	395
train_3764	train	340
train_3765	train	315
train_3766	train	120
train_3767	train	286
train_3768	train	372
train_3769	train	200
train_3770	train	56
train_3771	train	249
train_3772	train	327
train_3773	train	28
train_3774	train	70
train_3775	train	286
train_3776	train	315
train_3777	train	386
train_3778	train	99
train_3779	train	84
train_3780	train	241
train_3781	train	18
train_3782	train	150
train_3783	train	204
train_3784	train	74
train_3785	train	327
train_3786	train	395
train_3787	train	270
train_3788	train	180
train_3789	train	242
train_3790	train	197
train_3791	train	356
train_3792	train	49
train_3793	train	348
train_3794	train	319
train_3795	train	93
train_3796	train	127
train_3797	train	91
train_3798	train	23
train_3799	train	83
train_3800	train	377
train_3801	train	336
train_3802	train	120
train_3803	train	181
train_3804	train	286
train_3805	train	213
train_3806	train	141
train_3807	train	122
train_3808	train	336
train_3809	train	138
train_3810	train	159
train_3811	train	28
train_3812	train	288
train_3813	train	86
train_3814	train	191
train_3815	train	59
train_3816	train	381
train_3817	train	158
train_3818	train	34
train_3819	train	17
train_3820	train	126
train_3821	train	277
train_3822	train	172
train_3823	train	173
train_3824	train	73
train_3825	train	125
train_3826	train	355
train_3827	train	235
train_3828	train	116
train_3829	train	112
train_3830	train	235
train_3831	train	21
train_3832	train	348
train_3833	train	166
train_3834	train	290
train_3835	train	141
train_3836	train	2
train_3837	train	70
train_3838	train	62
train_3839	train	116
train_3840	train	126
train_3841	train	249
train_3842	train	67
train_3843	train	418
train_3844	train	158
train_3845	train	65
train_3846	train	63
train_3847	train	181
train_3848	train	34
train_3849	train	2
train_3850	train	120
train_3851	train	351
train_3852	train	277
train_3853	train	201
train_3854	train	242
train_3855	train	46
train_3856	train	201
train_3857	train	156
train_3858	train	173
train_3859	train	159
train_3860	train	123
train_3861	train	239
train_3862	train	235
train_3863	train	302
train_3864	train	327
train_3865	train	61
train_3866	train	27
train_3867	train	116
train_3868	train	84
train_3869	train	89
train_3870	train	31
train_3871	train	166
train_3872	train	160
train_3873	train	303
train_3874	train	134
train_3875	train	2
train_3876	train	407
train_3877	train	207
train_3878	train	116
train_3879	train	39
train_3880	train	336
train_3881	train	74
train_3882	train	61
train_3883	train	40
train_3884	train	34
train_3885	train	133
train_3886	train	141
train_3887	train	144
train_3888	train	93
train_3889	train	83
train_3890	train	21
train_3891	train	28
train_3892	train	242
train_3893	train	356
train_3894	train	323
train_3895	train	111
train_3896	train	270
train_3897	train	99
train_3898	train	300
train_3899	train	59
train_3900	train	104
train_3901	train	70
train_3902	train	327
train_3903	train	125
train_3904	train	53
train_3905	train	58
train_3906	train	63
train_3907	train	65
train_3908	train	228
train_3909	train	20
train_3910	train	58
train_3911	train	116
train_3912	train	39
train_3913	train	360
train_3914	train	258
train_3915	train	228
train_3916	train	159
train_3917	train	240
train_3918	train	286
train_3919	train	56
train_3920	train	263
train_3921	train	288
train_3922	train	213
train_3923	train	122
train_3924	train	208
train_3925	train	125
train_3926	train	91
train_3927	train	70
train_3928	train	366
train_3929	train	91
train_3930	train	213
train_3931	train	180
train_3932	train	156
train_3933	train	62
train_3934	train	181
train_3935	train	74
train_3936	train	256
train_3937	train	191
train_3938	train	53
train_3939	train	239
train_3940	train	150
train_3941	train	79
train_3942	train	84
train_3943	train	235
train_3944	train	208
train_3945	train	99
train_3946	train	240
train_3947	train	142
train_3948	train	27
train_3949	train	14
train_3950	train	68
train_3951	train	119
train_3952	train	49
train_3953	train	239
train_3954	train	37
train_3955	train	84
train_3956	train	163
train_3957	train	356
train_3958	train	188
train_3959	train	377
train_3960	train	377
train_3961	train	18
train_3962	train	6
train_3963	train	49
train_3964	train	374
train_3965	train	89
train_3966	train	134
train_3967	train	180
train_3968	train	239
train_3969	train	258
train_3970	train	82
train_3971	train	287
train_3972	train	63
train_3973	train	302
train_3974	train	159
train_3975	train	86
train_3976	train	240
train_3977	train	240
train_3978	train	142
train_3979	train	155
train_3980	train	300
train_3981	train	242
train_3982	train	46
train_3983	train	41
train_3984	train	67
train_3985	train	358
train_3986	train	2
train_3987	train	163
train_3988	train	99
train_3989	train	360
train_3990	train	155
train_3991	train	401
train_3992	train	369
train_3993	train	27
train_3994	train	259
train_3995	train	73
train_3996	train	20
train_3997	train	150
train_3998	train	231
train_3999	train	329
train_4000	train	45
train_4001	train	142
train_4002	train	197
train_4003	train	389
train_4004	train	327
train_4005	train	61
train_4006	train	366
train_4007	train	154
train_4008	train	245
train_4009	train	288
train_4010	train	239
train_4011	train	256
train_4012	train	134
train_4013	train	297
train_4014	train	111
train_4015	train	40
train_4016	train	317
train_4017	train	122
train_4018	train	270
train_4019	train	231
train_4020	train	203
train_4021	train	256
train_4022	train	85
train_4023	train	182
train_4024	train	45
train_4025	train	217
train_4026	train	185
train_4027	train	111
train_4028	train	74
train_4029	train	84
train_4030	train	154
train_4031	train	259
train_4032	train	305
train_4033	train	381
train_4034	train	197
train_4035	train	84
train_4036	train	65
train_4037	train	65
train_4038	train	141
train_4039	train	17
train_4040	train	355
train_4041	train	120
train_4042	train	327
train_4043	train	290
train_4044	train	122
train_4045	train	49
train_4046	train	288
train_4047	train	45
train_4048	train	159
train_4049	train	248
train_4050	train	201
train_4051	train	165
train_4052	train	107
train_4053	train	59
train_4054	train	358
train_4055	train	142
train_4056	train	154
train_4057	train	348
train_4058	train	322
train_4059	train	235
train_4060	train	122
train_4061	train	126
train_4062	train	14
train_4063	train	17
train_4064	train	23
train_4065	train	46
train_4066	train	37
train_4067	train	162
train_4068	train	14
train_4069	train	300
train_4070	train	355
train_4071	train	86
train_4072	train	61
train_4073	train	203
train_4074	train	160
train_4075	train	173
train_4076	train	7
train_4077	train	49
train_4078	train	86
train_4079	train	61
train_4080	train	322
train_4081	train	203
train_4082	train	155
train_4083	train	277
train_4084	train	155
train_4085	train	333
train_4086	train	155
train_4087	train	403
train_4088	train	160
train_4089	train	336
train_4090	train	141
train_4091	train	231
train_4092	train	2
train_4093	train	151
train_4094	train	134
train_4095	train	166
train_4096	train	385
train_4097	train	298
train_4098	train	173
train_4099	train	111
train_4100	train	181
train_4101	train	95
train_4102	train	356
train_4103	train	292
train_4104	train	240
train_4105	train	335
train_4106	train	17
train_4107	train	59
train_4108	train	13
train_4109	train	174
train_4110	train	102
train_4111	train	355
train_4112	train	191
train_4113	train	239
train_4114	train	381
train_4115	train	359
train_4116	train	300
train_4117	train	322
train_4118	train	340
train_4119	train	37
train_4120	train	270
train_4121	train	111
train_4122	train	278
train_4123	train	356
train_4124	train	46
train_4125	train	287
train_4126	train	74
train_4127	train	127
train_4128	train	40
train_4129	train	101
train_4130	train	14
train_4131	train	239
train_4132	train	360
train_4133	train	119
train_4134	train	416
train_4135	train	181
train_4136	train	313
train_4137	train	144
train_4138	train	49
train_4139	train	156
train_4140	train	188
train_4141	train	235
train_4142	train	142
train_4143	train	126
train_4144	train	20
train_4145	train	73
train_4146	train	404
train_4147	train	204
train_4148	train	74
train_4149	train	66
train_4150	train	102
train_4151	train	122
train_4152	train	237
train_4153	train	83
train_4154	train	404
train_4155	train	235
train_4156	train	7
train_4157	train	156
train_4158	train	263
train_4159	train	48
train_4160	train	237
train_4161	train	119
train_4162	train	156
train_4163	train	67
train_4164	train	89
train_4165	train	315
train_4166	train	353
train_4167	train	138
train_4168	train	386
train_4169	train	305
train_4170	train	369
train_4171	train	405
train_4172	train	174
train_4173	train	245
train_4174	train	201
train_4175	train	418
train_4176	train	286
train_4177	train	95
train_4178	train	83
train_4179	train	173
train_4180	train	207
train_4181	train	46
train_4182	train	84
train_4183	train	122
train_4184	train	82
train_4185	train	302
train_4186	train	208
train_4187	train	122
train_4188	train	17
train_4189	train	329
train_4190	train	142
train_4191	train	403
train_4192	train	104
train_4193	train	160
train_4194	train	327
train_4195	train	127
train_4196	train	86
train_4197	train	315
train_4198	train	151
train_4199	train	48
train_4200	train	21
train_4201	train	172
train_4202	train	21
train_4203	train	191
train_4204	train	154
train_4205	train	241
train_4206	train	112
train_4207	train	160
train_4208	train	335
train_4209	train	59
train_4210	train	160
train_4211	train	322
train_4212	train	356
train_4213	train	245
train_4214	train	333
train_4215	train	1
train_4216	train	239
train_4217	train	385
train_4218	train	182
train_4219	train	326
train_4220	train	59
train_4221	train	49
train_4222	train	40
train_4223	train	208
train_4224	train	405
train_4225	train	62
train_4226	train	313
train_4227	train	1
train_4228	train	79
train_4229	train	204
train_4230	train	156
train_4231	train	111
train_4232	train	239
train_4233	train	56
train_4234	train	95
train_4235	train	127
train_4236	train	178
train_4237	train	360
train_4238	train	18
train_4239	train	323
train_4240	train	297
train_4241	train	249
train_4242	train	395
train_4243	train	39
train_4244	train	2
train_4245	train	70
train_4246	train	333
train_4247	train	155
train_4248	train	377
train_4249	train	416
train_4250	train	293
train_4251	train	86
train_4252	train	335
train_4253	train	62
train_4254	train	356
train_4255	train	21
train_4256	train	95
train_4257	train	365
train_4258	train	374
train_4259	train	335
train_4260	train	162
train_4261	train	402
train_4262	train	107
train_4263	train	231
train_4264	train	335
train_4265	train	101
train_4266	train	18
train_4267	train	259
train_4268	train	201
train_4269	train	151
train_4270	train	56
train_4271	train	397
train_4272	train	56
train_4273	train	17
train_4274	train	346
train_4275	train	85
train_4276	train	397
train_4277	train	333
train_4278	train	249
train_4279	train	18
train_4280	train	84
train_4281	train	237
train_4282	train	18
train_4283	train	329
train_4284	train	204
train_4285	train	122
train_4286	train	49
train_4287	train	79
train_4288	train	286
train_4289	train	419
train_4290	train	83
train_4291	train	66
train_4292	train	2
train_4293	train	86
train_4294	train	173
train_4295	train	93
train_4296	train	79
train_4297	train	158
train_4298	train	173
train_4299	train	400
train_4300	train	17
train_4301	train	63
train_4302	train	85
train_4303	train	46
train_4304	train	14
train_4305	train	89
train_4306	train	348
train_4307	train	241
train_4308	train	355
train_4309	train	189
train_4310	train	389
train_4311	train	53
train_4312	train	245
train_4313	train	155
train_4314	train	200
train_4315	train	173
train_4316	train	408
train_4317	train	349
train_4318	train	305
train_4319	train	93
train_4320	train	79
train_4321	train	159
train_4322	train	59
train_4323	train	84
train_4324	train	68
train_4325	train	62
train_4326	train	326
train_4327	train	138
train_4328	train	293
train_4329	train	142
train_4330	train	348
train_4331	train	20
train_4332	train	348
train_4333	train	7
train_4334	train	59
train_4335	train	45
train_4336	train	91
train_4337	train	123
train_4338	train	65
train_4339	train	327
train_4340	train	213
train_4341	train	372
train_4342	train	286
train_4343	train	408
train_4344	train	84
train_4345	train	416
train_4346	train	59
train_4347	train	184
train_4348	train	119
train_4349	train	112
train_4350	train	85
train_4351	train	374
train_4352	train	79
train_4353	train	86
train_4354	train	404
train_4355	train	240
train_4356	train	37
train_4357	train	303
train_4358	train	311
train_4359	train	79
train_4360	train	365
train_4361	train	6
train_4362	train	263
train_4363	train	63
train_4364	train	241
train_4365	train	46
train_4366	train	122
train_4367	train	61
train_4368	train	356
train_4369	train	346
train_4370	train	66
train_4371	train	154
train_4372	train	101
train_4373	train	378
train_4374	train	185
train_4375	train	111
train_4376	train	66
train_4377	train	303
train_4378	train	93
train_4379	train	67
train_4380	train	111
train_4381	train	119
train_4382	train	180
train_4383	train	208
train_4384	train	120
train_4385	train	299
train_4386	train	82
train_4387	train	61
train_4388	train	207
train_4389	train	120
train_4390	train	28
train_4391	train	286
train_4392	train	235
train_4393	train	259
train_4394	train	127
train_4395	train	112
train_4396	train	34
train_4397	train	112
train_4398	train	40
train_4399	train	142
train_4400	train	48
train_4401	train	53
train_4402	train	416
train_4403	train	89
train_4404	train	389
train_4405	train	79
train_4406	train	188
train_4407	train	403
train_4408	train	104
train_4409	train	361
train_4410	train	40
train_4411	train	181
train_4412	train	184
train_4413	train	104
train_4414	train	305
train_4415	train	336
train_4416	train	369
train_4417	train	116
train_4418	train	84
train_4419	train	89
train_4420	train	89
train_4421	train	385
train_4422	train	173
train_4423	train	197
train_4424	train	59
train_4425	train	366
train_4426	train	68
train_4427	train	62
train_4428	train	292
train_4429	train	275
train_4430	train	14
train_4431	train	256
train_4432	train	156
train_4433	train	215
train_4434	train	242
train_4435	train	315
train_4436	train	213
train_4437	train	337
train_4438	train	126
train_4439	train	84
train_4440	train	83
train_4441	train	318
train_4442	train	67
train_4443	train	82
train_4444	train	402
train_4445	train	240
train_4446	train	275
train_4447	train	403
train_4448	train	335
train_4449	train	134
train_4450	train	49
train_4451	train	359
train_4452	train	95
train_4453	train	75
train_4454	train	17
train_4455	train	89
train_4456	train	7
train_4457	train	178
train_4458	train	126
train_4459	train	68
train_4460	train	408
train_4461	train	399
train_4462	train	2
train_4463	train	293
train_4464	train	84
train_4465	train	14
train_4466	train	322
train_4467	train	49
train_4468	train	327
train_4469	train	41
train_4470	train	356
train_4471	train	278
train_4472	train	317
train_4473	train	174
train_4474	train	65
train_4475	train	355
train_4476	train	6
train_4477	train	217
train_4478	train	172
train_4479	train	86
train_4480	train	173
train_4481	train	63
train_4482	train	313
train_4483	train	75
train_4484	train	361
train_4485	train	379
train_4486	train	172
train_4487	train	248
train_4488	train	258
train_4489	train	2
train_4490	train	267
train_4491	train	155
train_4492	train	174
train_4493	train	21
train_4494	train	125
train_4495	train	379
train_4496	train	405
train_4497	train	201
train_4498	train	160
train_4499	train	113
train_4500	train	231
train_4501	train	41
train_4502	train	150
train_4503	train	163
train_4504	train	59
train_4505	train	40
train_4506	train	329
train_4507	train	368
train_4508	train	18
train_4509	train	287
train_4510	train	318
train_4511	train	241
train_4512	train	116
train_4513	train	241
train_4514	train	366
train_4515	train	286
train_4516	train	181
train_4517	train	20
train_4518	train	403
train_4519	train	84
train_4520	train	182
train_4521	train	17
train_4522	train	165
train_4523	train	84
train_4524	train	217
train_4525	train	369
train_4526	train	85
train_4527	train	89
train_4528	train	201
train_4529	train	142
train_4530	train	59
train_4531	train	99
train_4532	train	14
train_4533	train	63
train_4534	train	154
train_4535	train	287
train_4536	train	133
train_4537	train	75
train_4538	train	174
train_4539	train	213
train_4540	train	62
train_4541	train	239
train_4542	train	126
train_4543	train	374
train_4544	train	102
train_4545	train	28
train_4546	train	133
train_4547	train	73
train_4548	train	99
train_4549	train	394
train_4550	train	67
train_4551	train	304
train_4552	train	159
train_4553	train	361
train_4554	train	278
train_4555	train	84
train_4556	train	116
train_4557	train	133
train_4558	train	419
train_4559	train	197
train_4560	train	73
train_4561	train	401
train_4562	train	154
train_4563	train	397
train_4564	train	40
train_4565	train	419
train_4566	train	37
train_4567	train	366
train_4568	train	378
train_4569	train	102
train_4570	train	231
train_4571	train	215
train_4572	train	237
train_4573	train	178
train_4574	train	95
train_4575	train	305
train_4576	train	123
train_4577	train	182
train_4578	train	220
train_4579	train	302
train_4580	train	160
train_4581	train	189
train_4582	train	365
train_4583	train	151
train_4584	train	160
train_4585	train	235
train_4586	train	358
train_4587	train	85
train_4588	train	17
train_4589	train	73
train_4590	train	288
train_4591	train	154
train_4592	train	357
train_4593	train	37
train_4594	train	112
train_4595	train	397
train_4596	train	303
train_4597	train	245
train_4598	train	191
train_4599	train	89
train_4600	train	208
train_4601	train	156
train_4602	train	46
train_4603	train	288
train_4604	train	49
train_4605	train	208
train_4606	train	122
train_4607	train	299
train_4608	train	287
train_4609	train	82
train_4610	train	200
train_4611	train	56
train_4612	train	20
train_4613	train	182
train_4614	train	46
train_4615	train	408
train_4616	train	111
train_4617	train	203
train_4618	train	119
train_4619	train	163
train_4620	train	84
train_4621	train	158
train_4622	train	215
train_4623	train	101
train_4624	train	37
train_4625	train	116
train_4626	train	357
train_4627	train	270
train_4628	train	381
train_4629	train	62
train_4630	train	111
train_4631	train	95
train_4632	train	122
train_4633	train	188
train_4634	train	122
train_4635	train	188
train_4636	train	358
train_4637	train	381
train_4638	train	134
train_4639	train	127
train_4640	train	305
train_4641	train	28
train_4642	train	93
train_4643	train	174
train_4644	train	85
train_4645	train	240
train_4646	train	127
train_4647	train	34
train_4648	train	6
train_4649	train	158
train_4650	train	49
train_4651	train	27
train_4652	train	408
train_4653	train	178
train_4654	train	99
train_4655	train	165
train_4656	train	68
train_4657	train	53
train_4658	train	286
train_4659	train	315
train_4660	train	298
train_4661	train	249
train_4662	train	335
train_4663	train	95
train_4664	train	68
train_4665	train	337
train_4666	train	144
train_4667	train	173
train_4668	train	240
train_4669	train	275
train_4670	train	181
train_4671	train	84
train_4672	train	201
train_4673	train	83
train_4674	train	122
train_4675	train	188
train_4676	train	95
train_4677	train	300
train_4678	train	127
train_4679	train	239
train_4680	train	317
train_4681	train	68
train_4682	train	220
train_4683	train	201
train_4684	train	239
train_4685	train	39
train_4686	train	7
train_4687	train	150
train_4688	train	101
train_4689	train	37
train_4690	train	48
train_4691	train	32
train_4692	train	122
train_4693	train	258
train_4694	train	116
train_4695	train	390
train_4696	train	95
train_4697	train	86
train_4698	train	213
train_4699	train	286
train_4700	train	17
train_4701	train	112
train_4702	train	144
train_4703	train	407
train_4704	train	91
train_4705	train	59
train_4706	train	197
train_4707	train	340
train_4708	train	386
train_4709	train	256
train_4710	train	416
train_4711	train	317
train_4712	train	201
train_4713	train	37
train_4714	train	111
train_4715	train	191
train_4716	train	120
train_4717	train	335
train_4718	train	99
train_4719	train	151
train_4720	train	28
train_4721	train	116
train_4722	train	73
train_4723	train	23
train_4724	train	126
train_4725	train	73
train_4726	train	93
train_4727	train	327
train_4728	train	125
train_4729	train	107
train_4730	train	242
train_4731	train	101
train_4732	train	348
train_4733	train	239
train_4734	train	408
train_4735	train	154
train_4736	train	366
train_4737	train	10
train_4738	train	304
train_4739	train	66
train_4740	train	150
train_4741	train	82
train_4742	train	413
train_4743	train	116
train_4744	train	258
train_4745	train	28
train_4746	train	359
train_4747	train	322
train_4748	train	123
train_4749	train	46
train_4750	train	258
train_4751	train	397
train_4752	train	84
train_4753	train	7
train_4754	train	151
train_4755	train	201
train_4756	train	144
train_4757	train	20
train_4758	train	67
train_4759	train	401
train_4760	train	86
train_4761	train	290
train_4762	train	62
train_4763	train	181
train_4764	train	34
train_4765	train	95
train_4766	train	346
train_4767	train	302
train_4768	train	315
train_4769	train	142
train_4770	train	329
train_4771	train	263
train_4772	train	86
train_4773	train	157
train_4774	train	355
train_4775	train	180
train_4776	train	184
train_4777	train	303
train_4778	train	59
train_4779	train	180
train_4780	train	101
train_4781	train	151
train_4782	train	120
train_4783	train	14
train_4784	train	73
train_4785	train	93
train_4786	train	14
train_4787	train	41
train_4788	train	70
train_4789	train	20
train_4790	train	107
train_4791	train	155
train_4792	train	23
train_4793	train	1
train_4794	train	107
train_4795	train	150
train_4796	train	28
train_4797	train	203
train_4798	train	46
train_4799	train	386
train_4800	train	236
train_4801	train	120
train_4802	train	213
train_4803	train	73
train_4804	train	353
train_4805	train	241
train_4806	train	403
train_4807	train	67
train_4808	train	400
train_4809	train	297
train_4810	train	66
train_4811	train	7
train_4812	train	413
train_4813	train	413
train_4814	train	7
train_4815	train	17
train_4816	train	37
train_4817	train	67
train_4818	train	330
train_4819	train	67
train_4820	train	293
train_4821	train	40
train_4822	train	70
train_4823	train	101
train_4824	train	154
train_4825	train	305
train_4826	train	102
train_4827	train	361
train_4828	train	85
train_4829	train	13
train_4830	train	404
train_4831	train	165
train_4832	train	111
train_4833	train	95
train_4834	train	142
train_4835	train	278
train_4836	train	45
train_4837	train	386
train_4838	train	95
train_4839	train	89
train_4840	train	207
train_4841	train	191
train_4842	train	111
train_4843	train	337
train_4844	train	403
train_4845	train	403
train_4846	train	191
train_4847	train	73
train_4848	train	133
train_4849	train	160
train_4850	train	138
train_4851	train	151
train_4852	train	165
train_4853	train	66
train_4854	train	138
train_4855	train	204
train_4856	train	59
train_4857	train	278
train_4858	train	142
train_4859	train	403
train_4860	train	68
train_4861	train	62
train_4862	train	377
train_4863	train	46
train_4864	train	224
train_4865	train	403
train_4866	train	403
train_4867	train	185
train_4868	train	23
train_4869	train	368
train_4870	train	156
train_4871	train	32
train_4872	train	86
train_4873	train	84
train_4874	train	318
train_4875	train	56
train_4876	train	163
train_4877	train	346
train_4878	train	27
train_4879	train	125
train_4880	train	59
train_4881	train	374
train_4882	train	104
train_4883	train	270
train_4884	train	1
train_4885	train	141
train_4886	train	286
train_4887	train	356
train_4888	train	185
train_4889	train	46
train_4890	train	112
train_4891	train	84
train_4892	train	386
train_4893	train	208
train_4894	train	200
train_4895	train	197
train_4896	train	313
train_4897	train	142
train_4898	train	119
train_4899	train	263
train_4900	train	215
train_4901	train	235
train_4902	train	379
train_4903	train	318
train_4904	train	208
train_4905	train	120
train_4906	train	231
train_4907	train	249
train_4908	train	297
train_4909	train	353
train_4910	train	236
train_4911	train	204
train_4912	train	70
train_4913	train	53
train_4914	train	178
train_4915	train	97
train_4916	train	111
train_4917	train	84
train_4918	train	288
train_4919	train	158
train_4920	train	112
train_4921	train	185
train_4922	train	249
train_4923	train	181
train_4924	train	237
train_4925	train	154
train_4926	train	207
train_4927	train	217
train_4928	train	73
train_4929	train	28
train_4930	train	20
train_4931	train	377
train_4932	train	203
train_4933	train	41
train_4934	train	168
train_4935	train	75
train_4936	train	275
train_4937	train	99
train_4938	train	270
train_4939	train	59
train_4940	train	315
train_4941	train	241
train_4942	train	95
train_4943	train	369
train_4944	train	356
train_4945	train	178
train_4946	train	95
train_4947	train	188
train_4948	train	127
train_4949	train	241
train_4950	train	134
train_4951	train	56
train_4952	train	97
train_4953	train	154
train_4954	train	389
train_4955	train	326
train_4956	train	407
train_4957	train	23
train_4958	train	56
train_4959	train	287
train_4960	train	125
train_4961	train	241
train_4962	train	184
train_4963	train	122
train_4964	train	305
train_4965	train	73
train_4966	train	315
train_4967	train	2
train_4968	train	237
train_4969	train	302
train_4970	train	79
train_4971	train	377
train_4972	train	395
train_4973	train	178
train_4974	train	408
train_4975	train	99
train_4976	train	14
train_4977	train	414
train_4978	train	37
train_4979	train	48
train_4980	train	6
train_4981	train	62
train_4982	train	18
train_4983	train	317
train_4984	train	7
train_4985	train	39
train_4986	train	404
train_4987	train	123
train_4988	train	122
train_4989	train	34
train_4990	train	21
train_4991	train	53
train_4992	train	256
train_4993	train	346
train_4994	train	393
train_4995	train	197
train_4996	train	59
train_4997	train	46
train_4998	train	182
train_4999	train	59
train_5000	train	374
train_5001	train	84
train_5002	train	188
train_5003	train	28
train_5004	train	122
train_5005	train	138
train_5006	train	34
train_5007	train	402
train_5008	train	59
train_5009	train	84
train_5010	train	379
train_5011	train	236
train_5012	train	123
train_5013	train	405
train_5014	train	178
train_5015	train	86
train_5016	train	150
train_5017	train	59
train_5018	train	365
train_5019	train	40
train_5020	train	86
train_5021	train	123
train_5022	train	46
train_5023	train	400
train_5024	train	360
train_5025	train	83
train_5026	train	366
train_5027	train	259
train_5028	train	75
train_5029	train	79
train_5030	train	403
train_5031	train	290
train_5032	train	374
train_5033	train	23
train_5034	train	122
train_5035	train	159
train_5036	train	275
train_5037	train	182
train_5038	train	408
train_5039	train	21
train_5040	train	138
train_5041	train	181
train_5042	train	157
train_5043	train	300
train_5044	train	151
train_5045	train	61
train_5046	train	160
train_5047	train	61
train_5048	train	366
train_5049	train	53
train_5050	train	204
train_5051	train	270
train_5052	train	142
train_5053	train	203
train_5054	train	240
train_5055	train	239
train_5056	train	48
train_5057	train	165
train_5058	train	127
train_5059	train	59
train_5060	train	85
train_5061	train	119
train_5062	train	407
train_5063	train	23
train_5064	train	395
train_5065	train	237
train_5066	train	416
train_5067	train	48
train_5068	train	318
train_5069	train	185
train_5070	train	360
train_5071	train	241
train_5072	train	235
train_5073	train	134
train_5074	train	95
train_5075	train	240
train_5076	train	95
train_5077	train	256
train_5078	train	120
train_5079	train	91
train_5080	train	119
train_5081	train	41
train_5082	train	154
train_5083	train	150
train_5084	train	79
train_5085	train	159
train_5086	train	201
train_5087	train	17
train_5088	train	241
train_5089	train	291
train_5090	train	34
train_5091	train	111
train_5092	train	174
train_5093	train	242
train_5094	train	155
train_5095	train	397
train_5096	train	322
train_5097	train	133
train_5098	train	154
train_5099	train	83
train_5100	train	191
train_5101	train	323
train_5102	train	79
train_5103	train	256
train_5104	train	2
train_5105	train	119
train_5106	train	79
train_5107	train	248
train_5108	train	133
train_5109	train	61
train_5110	train	174
train_5111	train	180
train_5112	train	82
train_5113	train	45
train_5114	train	322
train_5115	train	204
train_5116	train	155
train_5117	train	180
train_5118	train	357
train_5119	train	165
train_5120	train	119
train_5121	train	327
train_5122	train	17
train_5123	train	158
train_5124	train	56
train_5125	train	34
train_5126	train	95
train_5127	train	305
train_5128	train	56
train_5129	train	56
train_5130	train	395
train_5131	train	337
train_5132	train	1
train_5133	train	389
train_5134	train	208
train_5135	train	2
train_5136	train	333
train_5137	train	405
train_5138	train	95
train_5139	train	141
train_5140	train	41
train_5141	train	197
train_5142	train	156
train_5143	train	119
train_5144	train	275
train_5145	train	141
train_5146	train	2
train_5147	train	151
train_5148	train	142
train_5149	train	242
train_5150	train	293
train_5151	train	330
train_5152	train	49
train_5153	train	241
train_5154	train	86
train_5155	train	239
train_5156	train	399
train_5157	train	91
train_5158	train	337
train_5159	train	125
train_5160	train	75
train_5161	train	82
train_5162	train	27
train_5163	train	256
train_5164	train	34
train_5165	train	180
train_5166	train	213
train_5167	train	23
train_5168	train	56
train_5169	train	185
train_5170	train	82
train_5171	train	99
train_5172	train	326
train_5173	train	310
train_5174	train	67
train_5175	train	141
train_5176	train	416
train_5177	train	207
train_5178	train	399
train_5179	train	162
train_5180	train	17
train_5181	train	95
train_5182	train	99
train_5183	train	113
train_5184	train	2
train_5185	train	120
train_5186	train	231
train_5187	train	404
train_5188	train	119
train_5189	train	286
train_5190	train	241
train_5191	train	122
train_5192	train	17
train_5193	train	58
train_5194	train	99
train_5195	train	366
train_5196	train	286
train_5197	train	83
train_5198	train	91
train_5199	train	404
train_5200	train	182
train_5201	train	360
train_5202	train	14
train_5203	train	408
train_5204	train	2
train_5205	train	180
train_5206	train	49
train_5207	train	215
train_5208	train	356
train_5209	train	158
train_5210	train	17
train_5211	train	197
train_5212	train	237
train_5213	train	240
train_5214	train	150
train_5215	train	85
train_5216	train	290
train_5217	train	231
train_5218	train	125
train_5219	train	49
train_5220	train	360
train_5221	train	239
train_5222	train	235
train_5223	train	403
train_5224	train	256
train_5225	train	305
train_5226	train	189
train_5227	train	14
train_5228	train	31
train_5229	train	197
train_5230	train	122
train_5231	train	348
train_5232	train	330
train_5233	train	224
train_5234	train	172
train_5235	train	303
train_5236	train	188
train_5237	train	112
train_5238	train	68
train_5239	train	104
train_5240	train	204
train_5241	train	348
train_5242	train	46
train_5243	train	239
train_5244	train	1
train_5245	train	317
train_5246	train	327
train_5247	train	355
train_5248	train	372
train_5249	train	335
train_5250	train	119
train_5251	train	304
train_5252	train	83
train_5253	train	181
train_5254	train	258
train_5255	train	2
train_5256	train	275
train_5257	train	99
train_5258	train	259
train_5259	train	165
train_5260	train	97
train_5261	train	290
train_5262	train	17
train_5263	train	217
train_5264	train	86
train_5265	train	82
train_5266	train	28
train_5267	train	34
train_5268	train	144
train_5269	train	2
train_5270	train	235
train_5271	train	99
train_5272	train	374
train_5273	train	91
train_5274	train	313
train_5275	train	337
train_5276	train	330
train_5277	train	7
train_5278	train	111
train_5279	train	7
train_5280	train	141
train_5281	train	70
train_5282	train	405
train_5283	train	178
train_5284	train	188
train_5285	train	84
train_5286	train	201
train_5287	train	203
train_5288	train	259
train_5289	train	318
train_5290	train	292
train_5291	train	40
train_5292	train	46
train_5293	train	165
train_5294	train	275
train_5295	train	249
train_5296	train	62
train_5297	train	62
train_5298	train	102
train_5299	train	340
train_5300	train	165
train_5301	train	154
train_5302	train	290
train_5303	train	386
train_5304	train	215
train_5305	train	23
train_5306	train	93
train_5307	train	397
train_5308	train	154
train_5309	train	123
train_5310	train	159
train_5311	train	365
train_5312	train	203
train_5313	train	181
train_5314	train	348
train_5315	train	419
train_5316	train	133
train_5317	train	253
train_5318	train	82
train_5319	train	197
train_5320	train	366
train_5321	train	178
train_5322	train	59
train_5323	train	155
train_5324	train	404
train_5325	train	85
train_5326	train	39
train_5327	train	155
train_5328	train	89
train_5329	train	116
train_5330	train	144
train_5331	train	86
train_5332	train	17
train_5333	train	119
train_5334	train	201
train_5335	train	119
train_5336	train	63
train_5337	train	174
train_5338	train	327
train_5339	train	32
train_5340	train	253
train_5341	train	407
train_5342	train	59
train_5343	train	63
train_5344	train	155
train_5345	train	327
train_5346	train	224
train_5347	train	355
train_5348	train	231
train_5349	train	414
train_5350	train	234
train_5351	train	53
train_5352	train	158
train_5353	train	20
train_5354	train	182
train_5355	train	159
train_5356	train	240
train_5357	train	402
train_5358	train	305
train_5359	train	277
train_5360	train	348
train_5361	train	303
train_5362	train	184
train_5363	train	300
train_5364	train	181
train_5365	train	134
train_5366	train	160
train_5367	train	337
train_5368	train	310
train_5369	train	122
train_5370	train	366
train_5371	train	180
train_5372	train	31
train_5373	train	403
train_5374	train	381
train_5375	train	28
train_5376	train	73
train_5377	train	299
train_5378	train	7
train_5379	train	172
train_5380	train	142
train_5381	train	79
train_5382	train	390
train_5383	train	34
train_5384	train	141
train_5385	train	368
train_5386	train	213
train_5387	train	166
train_5388	train	27
train_5389	train	49
train_5390	train	337
train_5391	train	201
train_5392	train	74
train_5393	train	46
train_5394	train	120
train_5395	train	241
train_5396	train	386
train_5397	train	374
train_5398	train	126
train_5399	train	23
train_5400	train	28
train_5401	train	20
train_5402	train	2
train_5403	train	327
train_5404	train	200
train_5405	train	127
train_5406	train	178
train_5407	train	153
train_5408	train	1
train_5409	train	99
train_5410	train	201
train_5411	train	119
train_5412	train	61
train_5413	train	17
train_5414	train	70
train_5415	train	59
train_5416	train	188
train_5417	train	291
train_5418	train	20
train_5419	train	111
train_5420	train	213
train_5421	train	39
train_5422	train	86
train_5423	train	107
train_5424	train	91
train_5425	train	82
train_5426	train	298
train_5427	train	239
train_5428	train	41
train_5429	train	61
train_5430	train	163
train_5431	train	188
train_5432	train	17
train_5433	train	189
train_5434	train	236
train_5435	train	248
train_5436	train	378
train_5437	train	83
train_5438	train	68
train_5439	train	89
train_5440	train	403
train_5441	train	356
train_5442	train	62
train_5443	train	23
train_5444	train	253
train_5445	train	46
train_5446	train	287
train_5447	train	123
train_5448	train	407
train_5449	train	408
train_5450	train	153
train_5451	train	7
train_5452	train	245
train_5453	train	203
train_5454	train	290
train_5455	train	101
train_5456	train	39
train_5457	train	27
train_5458	train	184
train_5459	train	157
train_5460	train	213
train_5461	train	66
train_5462	train	32
train_5463	train	290
train_5464	train	45
train_5465	train	178
train_5466	train	123
train_5467	train	165
train_5468	train	208
train_5469	train	66
train_5470	train	86
train_5471	train	163
train_5472	train	355
train_5473	train	207
train_5474	train	258
train_5475	train	155
train_5476	train	185
train_5477	train	172
train_5478	train	68
train_5479	train	62
train_5480	train	21
train_5481	train	70
train_5482	train	235
train_5483	train	41
train_5484	train	394
train_5485	train	346
train_5486	train	381
train_5487	train	138
train_5488	train	21
train_5489	train	360
train_5490	train	395
train_5491	train	99
train_5492	train	178
train_5493	train	224
train_5494	train	17
train_5495	train	85
train_5496	train	6
train_5497	train	291
train_5498	train	241
train_5499	train	197
train_5500	train	181
train_5501	train	18
train_5502	train	154
train_5503	train	62
train_5504	train	89
train_5505	train	65
train_5506	train	364
train_5507	train	61
train_5508	train	197
train_5509	train	160
train_5510	train	395
train_5511	train	61
train_5512	train	83
train_5513	train	319
train_5514	train	133
train_5515	train	59
train_5516	train	138
train_5517	train	174
train_5518	train	181
train_5519	train	34
train_5520	train	119
train_5521	train	207
train_5522	train	180
train_5523	train	403
train_5524	train	322
train_5525	train	239
train_5526	train	275
train_5527	train	99
train_5528	train	150
train_5529	train	23
train_5530	train	366
train_5531	train	83
train_5532	train	30
train_5533	train	197
train_5534	train	237
train_5535	train	61
train_5536	train	46
train_5537	train	390
train_5538	train	102
train_5539	train	138
train_5540	train	154
train_5541	train	89
train_5542	train	163
train_5543	train	248
train_5544	train	413
train_5545	train	99
train_5546	train	408
train_5547	train	165
train_5548	train	138
train_5549	train	215
train_5550	train	348
train_5551	train	327
train_5552	train	203
train_5553	train	150
train_5554	train	59
train_5555	train	319
train_5556	train	385
train_5557	train	165
train_5558	train	28
train_5559	train	86
train_5560	train	111
train_5561	train	134
train_5562	train	397
train_5563	train	365
train_5564	train	89
train_5565	train	160
train_5566	train	353
train_5567	train	119
train_5568	train	67
train_5569	train	240
train_5570	train	201
train_5571	train	240
train_5572	train	390
train_5573	train	91
train_5574	train	241
train_5575	train	119
train_5576	train	101
train_5577	train	116
train_5578	train	28
train_5579	train	1
train_5580	train	40
train_5581	train	389
train_5582	train	59
train_5583	train	53
train_5584	train	85
train_5585	train	197
train_5586	train	65
train_5587	train	70
train_5588	train	180
train_5589	train	258
train_5590	train	302
train_5591	train	326
train_5592	train	101
train_5593	train	7
train_5594	train	156
train_5595	train	83
train_5596	train	2
train_5597	train	61
train_5598	train	2
train_5599	train	104
train_5600	train	37
train_5601	train	337
train_5602	train	337
train_5603	train	101
train_5604	train	95
train_5605	train	142
train_5606	train	297
train_5607	train	104
train_5608	train	290
train_5609	train	142
train_5610	train	70
train_5611	train	74
train_5612	train	407
train_5613	train	156
train_5614	train	20
train_5615	train	156
train_5616	train	298
train_5617	train	123
train_5618	train	17
train_5619	train	286
train_5620	train	330
train_5621	train	112
train_5622	train	181
train_5623	train	53
train_5624	train	27
train_5625	train	358
train_5626	train	70
train_5627	train	315
train_5628	train	317
train_5629	train	248
train_5630	train	59
train_5631	train	138
train_5632	train	236
train_5633	train	399
train_5634	train	158
train_5635	train	353
train_5636	train	113
train_5637	train	407
train_5638	train	318
train_5639	train	120
train_5640	train	158
train_5641	train	126
train_5642	train	290
train_5643	train	191
train_5644	train	381
train_5645	train	123
train_5646	train	180
train_5647	train	133
train_5648	train	180
train_5649	train	390
train_5650	train	46
train_5651	train	323
train_5652	train	405
train_5653	train	134
train_5654	train	200
train_5655	train	418
train_5656	train	61
train_5657	train	188
train_5658	train	18
train_5659	train	61
train_5660	train	158
train_5661	train	70
train_5662	train	144
train_5663	train	405
train_5664	train	300
train_5665	train	39
train_5666	train	407
train_5667	train	241
train_5668	train	99
train_5669	train	178
train_5670	train	104
train_5671	train	86
train_5672	train	174
train_5673	train	2
train_5674	train	197
train_5675	train	184
train_5676	train	326
train_5677	train	23
train_5678	train	41
train_5679	train	303
train_5680	train	359
train_5681	train	240
train_5682	train	14
train_5683	train	119
train_5684	train	122
train_5685	train	53
train_5686	train	91
train_5687	train	49
train_5688	train	180
train_5689	train	178
train_5690	train	405
train_5691	train	286
train_5692	train	49
train_5693	train	65
train_5694	train	286
train_5695	train	104
train_5696	train	389
train_5697	train	79
train_5698	train	377
train_5699	train	203
train_5700	train	160
train_5701	train	278
train_5702	train	7
train_5703	train	49
train_5704	train	213
train_5705	train	201
train_5706	train	349
train_5707	train	356
train_5708	train	173
train_5709	train	84
train_5710	train	62
train_5711	train	160
train_5712	train	278
train_5713	train	241
train_5714	train	405
train_5715	train	278
train_5716	train	208
train_5717	train	408
train_5718	train	142
train_5719	train	113
train_5720	train	34
train_5721	train	123
train_5722	train	93
train_5723	train	201
train_5724	train	91
train_5725	train	85
train_5726	train	303
train_5727	train	335
train_5728	train	120
train_5729	train	84
train_5730	train	184
train_5731	train	99
train_5732	train	160
train_5733	train	91
train_5734	train	188
train_5735	train	79
train_5736	train	337
train_5737	train	101
train_5738	train	180
train_5739	train	235
train_5740	train	184
train_5741	train	79
train_5742	train	122
train_5743	train	381
train_5744	train	180
train_5745	train	89
train_5746	train	241
train_5747	train	249
train_5748	train	134
train_5749	train	366
train_5750	train	390
train_5751	train	413
train_5752	train	275
train_5753	train	95
train_5754	train	7
train_5755	train	111
train_5756	train	102
train_5757	train	113
train_5758	train	18
train_5759	train	126
train_5760	train	142
train_5761	train	142
train_5762	train	91
train_5763	train	127
train_5764	train	134
train_5765	train	259
train_5766	train	256
train_5767	train	125
train_5768	train	159
train_5769	train	95
train_5770	train	89
train_5771	train	172
train_5772	train	253
train_5773	train	41
train_5774	train	48
train_5775	train	204
train_5776	train	286
train_5777	train	182
train_5778	train	401
train_5779	train	355
train_5780	train	236
train_5781	train	361
train_5782	train	333
train_5783	train	201
train_5784	train	119
train_5785	train	366
train_5786	train	333
train_5787	train	346
train_5788	train	404
train_5789	train	82
train_5790	train	84
train_5791	train	74
train_5792	train	207
train_5793	train	67
train_5794	train	46
train_5795	train	180
train_5796	train	395
train_5797	train	303
train_5798	train	61
train_5799	train	99
train_5800	train	249
train_5801	train	386
train_5802	train	416
train_5803	train	197
train_5804	train	173
train_5805	train	86
train_5806	train	74
train_5807	train	101
train_5808	train	20
train_5809	train	144
train_5810	train	378
train_5811	train	408
train_5812	train	46
train_5813	train	89
train_5814	train	32
train_5815	train	248
train_5816	train	156
train_5817	train	220
train_5818	train	28
train_5819	train	348
train_5820	train	89
train_5821	train	120
train_5822	train	17
train_5823	train	315
train_5824	train	39
train_5825	train	173
train_5826	train	297
train_5827	train	309
train_5828	train	201
train_5829	train	20
train_5830	train	158
train_5831	train	101
train_5832	train	374
train_5833	train	374
train_5834	train	23
train_5835	train	56
train_5836	train	46
train_5837	train	160
train_5838	train	59
train_5839	train	125
train_5840	train	23
train_5841	train	18
train_5842	train	405
train_5843	train	63
train_5844	train	297
train_5845	train	178
train_5846	train	14
train_5847	train	315
train_5848	train	68
train_5849	train	84
train_5850	train	242
train_5851	train	200
train_5852	train	45
train_5853	train	305
train_5854	train	401
train_5855	train	104
train_5856	train	144
train_5857	train	159
train_5858	train	336
train_5859	train	93
train_5860	train	407
train_5861	train	165
train_5862	train	340
train_5863	train	23
train_5864	train	107
train_5865	train	240
train_5866	train	150
train_5867	train	20
train_5868	train	32
train_5869	train	49
train_5870	train	65
train_5871	train	359
train_5872	train	28
train_5873	train	37
train_5874	train	59
train_5875	train	174
train_5876	train	40
train_5877	train	158
train_5878	train	156
train_5879	train	28
train_5880	train	258
train_5881	train	188
train_5882	train	89
train_5883	train	7
train_5884	train	85
train_5885	train	125
train_5886	train	99
train_5887	train	126
train_5888	train	172
train_5889	train	7
train_5890	train	156
train_5891	train	155
train_5892	train	200
train_5893	train	74
train_5894	train	32
train_5895	train	300
train_5896	train	158
train_5897	train	160
train_5898	train	292
train_5899	train	241
train_5900	train	318
train_5901	train	107
train_5902	train	21
train_5903	train	401
train_5904	train	242
train_5905	train	84
train_5906	train	180
train_5907	train	348
train_5908	train	360
train_5909	train	116
train_5910	train	182
train_5911	train	248
train_5912	train	85
train_5913	train	208
train_5914	train	349
train_5915	train	213
train_5916	train	34
train_5917	train	111
train_5918	train	377
train_5919	train	393
train_5920	train	89
train_5921	train	358
train_5922	train	381
train_5923	train	163
train_5924	train	154
train_5925	train	20
train_5926	train	256
train_5927	train	150
train_5928	train	20
train_5929	train	178
train_5930	train	302
train_5931	train	14
train_5932	train	178
train_5933	train	213
train_5934	train	287
train_5935	train	290
train_5936	train	172
train_5937	train	318
train_5938	train	113
train_5939	train	215
train_5940	train	242
train_5941	train	107
train_5942	train	333
train_5943	train	239
train_5944	train	278
train_5945	train	40
train_5946	train	270
train_5947	train	119
train_5948	train	112
train_5949	train	111
train_5950	train	402
train_5951	train	203
train_5952	train	366
train_5953	train	85
train_5954	train	37
train_5955	train	249
train_5956	train	82
train_5957	train	53
train_5958	train	298
train_5959	train	122
train_5960	train	126
train_5961	train	156
train_5962	train	141
train_5963	train	174
train_5964	train	74
train_5965	train	184
train_5966	train	14
train_5967	train	358
train_5968	train	20
train_5969	train	18
train_5970	train	111
train_5971	train	288
train_5972	train	119
train_5973	train	311
train_5974	train	162
train_5975	train	138
train_5976	train	102
train_5977	train	82
train_5978	train	153
train_5979	train	256
train_5980	train	201
train_5981	train	351
train_5982	train	73
train_5983	train	242
train_5984	train	374
train_5985	train	21
train_5986	train	160
train_5987	train	1
train_5988	train	173
train_5989	train	213
train_5990	train	91
train_5991	train	374
train_5992	train	402
train_5993	train	23
train_5994	train	258
train_5995	train	256
train_5996	train	256
train_5997	train	292
train_5998	train	278
train_5999	train	158
train_6000	train	346
train_6001	train	377
train_6002	train	107
train_6003	train	41
train_6004	train	178
train_6005	train	184
train_6006	train	120
train_6007	train	46
train_6008	train	126
train_6009	train	419
train_6010	train	102
train_6011	train	237
train_6012	train	185
train_6013	train	32
train_6014	train	123
train_6015	train	85
train_6016	train	144
train_6017	train	31
train_6018	train	104
train_6019	train	85
train_6020	train	407
train_6021	train	310
train_6022	train	37
train_6023	train	125
train_6024	train	248
train_6025	train	14
train_6026	train	93
train_6027	train	372
train_6028	train	366
train_6029	train	182
train_6030	train	73
train_6031	train	79
train_6032	train	270
train_6033	train	84
train_6034	train	259
train_6035	train	134
train_6036	train	28
train_6037	train	97
train_6038	train	74
train_6039	train	7
train_6040	train	40
train_6041	train	82
train_6042	train	134
train_6043	train	353
train_6044	train	119
train_6045	train	23
train_6046	train	407
train_6047	train	348
train_6048	train	310
train_6049	train	348
train_6050	train	241
train_6051	train	20
train_6052	train	381
train_6053	train	356
train_6054	train	165
train_6055	train	359
train_6056	train	138
train_6057	train	236
train_6058	train	407
train_6059	train	258
train_6060	train	46
train_6061	train	93
train_6062	train	419
train_6063	train	207
train_6064	train	119
train_6065	train	220
train_6066	train	53
train_6067	train	270
train_6068	train	21
train_6069	train	402
train_6070	train	73
train_6071	train	59
train_6072	train	237
train_6073	train	290
train_6074	train	356
train_6075	train	65
train_6076	train	315
train_6077	train	85
train_6078	train	70
train_6079	train	14
train_6080	train	355
train_6081	train	67
train_6082	train	40
train_6083	train	394
train_6084	train	366
train_6085	train	23
train_6086	train	104
train_6087	train	99
train_6088	train	17
train_6089	train	141
train_6090	train	159
train_6091	train	207
train_6092	train	21
train_6093	train	73
train_6094	train	144
train_6095	train	53
train_6096	train	85
train_6097	train	157
train_6098	train	242
train_6099	train	119
train_6100	train	53
train_6101	train	150
train_6102	train	82
train_6103	train	401
train_6104	train	6
train_6105	train	17
train_6106	train	408
train_6107	train	102
train_6108	train	159
train_6109	train	180
train_6110	train	191
train_6111	train	184
train_6112	train	7
train_6113	train	394
train_6114	train	335
train_6115	train	368
train_6116	train	305
train_6117	train	28
train_6118	train	102
train_6119	train	21
train_6120	train	305
train_6121	train	300
train_6122	train	240
train_6123	train	327
train_6124	train	133
train_6125	train	278
train_6126	train	123
train_6127	train	56
train_6128	train	74
train_6129	train	155
train_6130	train	2
train_6131	train	112
train_6132	train	381
train_6133	train	119
train_6134	train	377
train_6135	train	101
train_6136	train	248
train_6137	train	180
train_6138	train	231
train_6139	train	165
train_6140	train	348
train_6141	train	21
train_6142	train	407
train_6143	train	188
train_6144	train	166
train_6145	train	288
train_6146	train	178
train_6147	train	120
train_6148	train	287
train_6149	train	67
train_6150	train	349
train_6151	train	70
train_6152	train	231
train_6153	train	86
train_6154	train	116
train_6155	train	104
train_6156	train	403
train_6157	train	39
train_6158	train	79
train_6159	train	122
train_6160	train	213
train_6161	train	159
train_6162	train	181
train_6163	train	49
train_6164	train	360
train_6165	train	59
train_6166	train	407
train_6167	train	290
train_6168	train	172
train_6169	train	67
train_6170	train	297
train_6171	train	353
train_6172	train	142
train_6173	train	82
train_6174	train	336
train_6175	train	84
train_6176	train	86
train_6177	train	172
train_6178	train	104
train_6179	train	49
train_6180	train	381
train_6181	train	407
train_6182	train	101
train_6183	train	159
train_6184	train	93
train_6185	train	160
train_6186	train	381
train_6187	train	413
train_6188	train	112
train_6189	train	184
train_6190	train	240
train_6191	train	65
train_6192	train	67
train_6193	train	155
train_6194	train	112
train_6195	train	365
train_6196	train	159
train_6197	train	79
train_6198	train	326
train_6199	train	83
train_6200	train	123
train_6201	train	330
train_6202	train	381
train_6203	train	275
train_6204	train	200
train_6205	train	120
train_6206	train	111
train_6207	train	390
train_6208	train	49
train_6209	train	203
train_6210	train	239
train_6211	train	120
train_6212	train	292
train_6213	train	125
train_6214	train	112
train_6215	train	56
train_6216	train	393
train_6217	train	122
train_6218	train	364
train_6219	train	300
train_6220	train	204
train_6221	train	48
train_6222	train	97
train_6223	train	333
train_6224	train	215
train_6225	train	400
train_6226	train	300
train_6227	train	243
train_6228	train	256
train_6229	train	134
train_6230	train	400
train_6231	train	49
train_6232	train	181
train_6233	train	67
train_6234	train	122
train_6235	train	197
train_6236	train	150
train_6237	train	14
train_6238	train	290
train_6239	train	111
train_6240	train	178
train_6241	train	327
train_6242	train	83
train_6243	train	6
train_6244	train	99
train_6245	train	40
train_6246	train	20
train_6247	train	151
train_6248	train	107
train_6249	train	28
train_6250	train	215
train_6251	train	288
train_6252	train	40
train_6253	train	397
train_6254	train	258
train_6255	train	49
train_6256	train	182
train_6257	train	240
train_6258	train	188
train_6259	train	292
train_6260	train	372
train_6261	train	385
train_6262	train	41
train_6263	train	309
train_6264	train	361
train_6265	train	151
train_6266	train	20
train_6267	train	361
train_6268	train	165
train_6269	train	360
train_6270	train	204
train_6271	train	298
train_6272	train	366
train_6273	train	163
train_6274	train	173
train_6275	train	18
train_6276	train	95
train_6277	train	40
train_6278	train	67
train_6279	train	184
train_6280	train	174
train_6281	train	182
train_6282	train	155
train_6283	train	224
train_6284	train	2
train_6285	train	300
train_6286	train	155
train_6287	train	119
train_6288	train	46
train_6289	train	41
train_6290	train	95
train_6291	train	61
train_6292	train	62
train_6293	train	374
train_6294	train	142
train_6295	train	123
train_6296	train	23
train_6297	train	20
train_6298	train	2
train_6299	train	1
train_6300	train	32
train_6301	train	241
train_6302	train	220
train_6303	train	134
train_6304	train	358
train_6305	train	253
train_6306	train	14
train_6307	train	46
train_6308	train	84
train_6309	train	37
train_6310	train	237
train_6311	train	155
train_6312	train	317
train_6313	train	84
train_6314	train	361
train_6315	train	180
train_6316	train	68
train_6317	train	256
train_6318	train	288
train_6319	train	361
train_6320	train	315
train_6321	train	1
train_6322	train	188
train_6323	train	394
train_6324	train	119
train_6325	train	400
train_6326	train	138
train_6327	train	53
train_6328	train	414
train_6329	train	366
train_6330	train	111
train_6331	train	111
train_6332	train	97
train_6333	train	46
train_6334	train	180
train_6335	train	405
train_6336	train	322
train_6337	train	123
train_6338	train	394
train_6339	train	215
train_6340	train	240
train_6341	train	181
train_6342	train	287
train_6343	train	242
train_6344	train	288
train_6345	train	208
train_6346	train	53
train_6347	train	300
train_6348	train	173
train_6349	train	116
train_6350	train	68
train_6351	train	119
train_6352	train	372
train_6353	train	111
train_6354	train	144
train_6355	train	249
train_6356	train	335
train_6357	train	37
train_6358	train	203
train_6359	train	231
train_6360	train	17
train_6361	train	101
train_6362	train	112
train_6363	train	17
train_6364	train	142
train_6365	train	133
train_6366	train	275
train_6367	train	23
train_6368	train	394
train_6369	train	125
train_6370	train	18
train_6371	train	37
train_6372	train	59
train_6373	train	46
train_6374	train	357
train_6375	train	374
train_6376	train	2
train_6377	train	355
train_6378	train	188
train_6379	train	122
train_6380	train	300
train_6381	train	305
train_6382	train	21
train_6383	train	73
train_6384	train	275
train_6385	train	74
train_6386	train	165
train_6387	train	207
train_6388	train	278
train_6389	train	48
train_6390	train	155
train_6391	train	300
train_6392	train	95
train_6393	train	286
train_6394	train	197
train_6395	train	59
train_6396	train	163
train_6397	train	84
train_6398	train	151
train_6399	train	70
train_6400	train	125
train_6401	train	39
train_6402	train	63
train_6403	train	126
train_6404	train	102
train_6405	train	2
train_6406	train	7
train_6407	train	20
train_6408	train	82
train_6409	train	73
train_6410	train	111
train_6411	train	133
train_6412	train	111
train_6413	train	298
train_6414	train	263
train_6415	train	360
train_6416	train	207
train_6417	train	7
train_6418	train	407
train_6419	train	86
train_6420	train	123
train_6421	train	85
train_6422	train	201
train_6423	train	27
train_6424	train	158
train_6425	train	355
train_6426	train	125
train_6427	train	27
train_6428	train	41
train_6429	train	82
train_6430	train	405
train_6431	train	208
train_6432	train	32
train_6433	train	401
train_6434	train	104
train_6435	train	150
train_6436	train	165
train_6437	train	125
train_6438	train	235
train_6439	train	2
train_6440	train	20
train_6441	train	374
train_6442	train	59
train_6443	train	275
train_6444	train	304
train_6445	train	17
train_6446	train	159
train_6447	train	290
train_6448	train	237
train_6449	train	162
train_6450	train	163
train_6451	train	67
train_6452	train	368
train_6453	train	56
train_6454	train	178
train_6455	train	185
train_6456	train	372
train_6457	train	133
train_6458	train	181
train_6459	train	275
train_6460	train	102
train_6461	train	56
train_6462	train	126
train_6463	train	7
train_6464	train	18
train_6465	train	172
train_6466	train	290
train_6467	train	385
train_6468	train	240
train_6469	train	237
train_6470	train	208
train_6471	train	377
train_6472	train	191
train_6473	train	48
train_6474	train	123
train_6475	train	369
train_6476	train	101
train_6477	train	381
train_6478	train	31
train_6479	train	53
train_6480	train	322
train_6481	train	40
train_6482	train	123
train_6483	train	249
train_6484	train	79
train_6485	train	368
train_6486	train	7
train_6487	train	304
train_6488	train	322
train_6489	train	2
train_6490	train	359
train_6491	train	286
train_6492	train	399
train_6493	train	67
train_6494	train	159
train_6495	train	23
train_6496	train	20
train_6497	train	56
train_6498	train	291
train_6499	train	2
train_6500	train	290
train_6501	train	310
train_6502	train	297
train_6503	train	127
train_6504	train	49
train_6505	train	351
train_6506	train	248
train_6507	train	20
train_6508	train	66
train_6509	train	134
train_6510	train	407
train_6511	train	122
train_6512	train	237
train_6513	train	361
train_6514	train	208
train_6515	train	253
train_6516	train	369
train_6517	train	379
train_6518	train	107
train_6519	train	315
train_6520	train	401
train_6521	train	39
train_6522	train	59
train_6523	train	107
train_6524	train	150
train_6525	train	66
train_6526	train	374
train_6527	train	112
train_6528	train	40
train_6529	train	67
train_6530	train	288
train_6531	train	303
train_6532	train	31
train_6533	train	56
train_6534	train	62
train_6535	train	309
train_6536	train	28
train_6537	train	389
train_6538	train	122
train_6539	train	249
train_6540	train	288
train_6541	train	207
train_6542	train	275
train_6543	train	93
train_6544	train	249
train_6545	train	73
train_6546	train	397
train_6547	train	70
train_6548	train	48
train_6549	train	349
train_6550	train	404
train_6551	train	125
train_6552	train	123
train_6553	train	86
train_6554	train	361
train_6555	train	403
train_6556	train	17
train_6557	train	84
train_6558	train	372
train_6559	train	335
train_6560	train	322
train_6561	train	53
train_6562	train	99
train_6563	train	208
train_6564	train	93
train_6565	train	83
train_6566	train	288
train_6567	train	399
train_6568	train	37
train_6569	train	286
train_6570	train	156
train_6571	train	413
train_6572	train	374
train_6573	train	197
train_6574	train	85
train_6575	train	27
train_6576	train	377
train_6577	train	239
train_6578	train	18
train_6579	train	116
train_6580	train	67
train_6581	train	48
train_6582	train	182
train_6583	train	207
train_6584	train	400
train_6585	train	134
train_6586	train	277
train_6587	train	197
train_6588	train	259
train_6589	train	337
train_6590	train	41
train_6591	train	315
train_6592	train	144
train_6593	train	158
train_6594	train	7
train_6595	train	37
train_6596	train	239
train_6597	train	18
train_6598	train	126
train_6599	train	346
train_6600	train	326
train_6601	train	351
train_6602	train	213
train_6603	train	14
train_6604	train	386
train_6605	train	84
train_6606	train	14
train_6607	train	101
train_6608	train	95
train_6609	train	86
train_6610	train	327
train_6611	train	127
train_6612	train	62
train_6613	train	322
train_6614	train	125
train_6615	train	99
train_6616	train	144
train_6617	train	300
train_6618	train	337
train_6619	train	197
train_6620	train	303
train_6621	train	53
train_6622	train	84
train_6623	train	397
train_6624	train	158
train_6625	train	182
train_6626	train	46
train_6627	train	413
train_6628	train	155
train_6629	train	419
train_6630	train	386
train_6631	train	37
train_6632	train	62
train_6633	train	322
train_6634	train	240
train_6635	train	93
train_6636	train	322
train_6637	train	182
train_6638	train	207
train_6639	train	14
train_6640	train	189
train_6641	train	125
train_6642	train	89
train_6643	train	86
train_6644	train	407
train_6645	train	335
train_6646	train	300
train_6647	train	116
train_6648	train	395
train_6649	train	288
train_6650	train	154
train_6651	train	120
train_6652	train	197
train_6653	train	97
train_6654	train	2
train_6655	train	93
train_6656	train	182
train_6657	train	267
train_6658	train	120
train_6659	train	156
train_6660	train	40
train_6661	train	203
train_6662	train	240
train_6663	train	150
train_6664	train	298
train_6665	train	61
train_6666	train	394
train_6667	train	159
train_6668	train	390
train_6669	train	288
train_6670	train	172
train_6671	train	138
train_6672	train	91
train_6673	train	201
train_6674	train	95
train_6675	train	203
train_6676	train	390
train_6677	train	204
train_6678	train	120
train_6679	train	419
train_6680	train	182
train_6681	train	208
train_6682	train	89
train_6683	train	204
train_6684	train	40
train_6685	train	141
train_6686	train	150
train_6687	train	379
train_6688	train	278
train_6689	train	239
train_6690	train	394
train_6691	train	358
train_6692	train	75
train_6693	train	2
train_6694	train	101
train_6695	train	300
train_6696	train	138
train_6697	train	46
train_6698	train	404
train_6699	train	305
train_6700	train	111
train_6701	train	278
train_6702	train	303
train_6703	train	405
train_6704	train	239
train_6705	train	1
train_6706	train	288
train_6707	train	335
train_6708	train	7
train_6709	train	34
train_6710	train	288
train_6711	train	82
train_6712	train	403
train_6713	train	120
train_6714	train	133
train_6715	train	290
train_6716	train	150
train_6717	train	112
train_6718	train	173
train_6719	train	399
train_6720	train	104
train_6721	train	203
train_6722	train	317
train_6723	train	20
train_6724	train	286
train_6725	train	184
train_6726	train	213
train_6727	train	215
train_6728	train	91
train_6729	train	404
train_6730	train	104
train_6731	train	86
train_6732	train	18
train_6733	train	275
train_6734	train	70
train_6735	train	122
train_6736	train	418
train_6737	train	291
train_6738	train	27
train_6739	train	160
train_6740	train	317
train_6741	train	123
train_6742	train	253
train_6743	train	291
train_6744	train	74
train_6745	train	237
train_6746	train	7
train_6747	train	302
train_6748	train	173
train_6749	train	275
train_6750	train	23
train_6751	train	89
train_6752	train	82
train_6753	train	327
train_6754	train	188
train_6755	train	317
train_6756	train	386
train_6757	train	185
train_6758	train	68
train_6759	train	369
train_6760	train	300
train_6761	train	85
train_6762	train	156
train_6763	train	93
train_6764	train	156
train_6765	train	278
train_6766	train	13
train_6767	train	126
train_6768	train	91
train_6769	train	49
train_6770	train	327
train_6771	train	70
train_6772	train	158
train_6773	train	346
train_6774	train	394
train_6775	train	37
train_6776	train	174
train_6777	train	141
train_6778	train	14
train_6779	train	278
train_6780	train	17
train_6781	train	84
train_6782	train	389
train_6783	train	83
train_6784	train	407
train_6785	train	172
train_6786	train	142
train_6787	train	68
train_6788	train	73
train_6789	train	355
train_6790	train	95
train_6791	train	213
train_6792	train	84
train_6793	train	405
train_6794	train	239
train_6795	train	14
train_6796	train	204
train_6797	train	355
train_6798	train	355
train_6799	train	127
train_6800	train	158
train_6801	train	242
train_6802	train	200
train_6803	train	317
train_6804	train	62
train_6805	train	327
train_6806	train	83
train_6807	train	191
train_6808	train	349
train_6809	train	237
train_6810	train	28
train_6811	train	155
train_6812	train	62
train_6813	train	337
train_6814	train	356
train_6815	train	18
train_6816	train	178
train_6817	train	351
train_6818	train	104
train_6819	train	65
train_6820	train	278
train_6821	train	407
train_6822	train	141
train_6823	train	49
train_6824	train	156
train_6825	train	84
train_6826	train	104
train_6827	train	393
train_6828	train	236
train_6829	train	189
train_6830	train	27
train_6831	train	181
train_6832	train	91
train_6833	train	240
train_6834	train	150
train_6835	train	125
train_6836	train	49
train_6837	train	95
train_6838	train	414
train_6839	train	138
train_6840	train	10
train_6841	train	360
train_6842	train	360
train_6843	train	158
train_6844	train	413
train_6845	train	111
train_6846	train	172
train_6847	train	413
train_6848	train	158
train_6849	train	138
train_6850	train	156
train_6851	train	62
train_6852	train	256
train_6853	train	270
train_6854	train	65
train_6855	train	68
train_6856	train	125
train_6857	train	185
train_6858	train	89
train_6859	train	178
train_6860	train	291
train_6861	train	287
train_6862	train	319
train_6863	train	185
train_6864	train	381
train_6865	train	14
train_6866	train	142
train_6867	train	89
train_6868	train	185
train_6869	train	300
train_6870	train	408
train_6871	train	82
train_6872	train	184
train_6873	train	237
train_6874	train	172
train_6875	train	119
train_6876	train	156
train_6877	train	93
train_6878	train	14
train_6879	train	275
train_6880	train	49
train_6881	train	181
train_6882	train	73
train_6883	train	21
train_6884	train	300
train_6885	train	91
train_6886	train	381
train_6887	train	160
train_6888	train	66
train_6889	train	122
train_6890	train	7
train_6891	train	337
train_6892	train	83
train_6893	train	66
train_6894	train	56
train_6895	train	310
train_6896	train	126
train_6897	train	390
train_6898	train	101
train_6899	train	158
train_6900	train	23
train_6901	train	174
train_6902	train	158
train_6903	train	86
train_6904	train	245
train_6905	train	65
train_6906	train	84
train_6907	train	278
train_6908	train	142
train_6909	train	141
train_6910	train	155
train_6911	train	49
train_6912	train	154
train_6913	train	154
train_6914	train	297
train_6915	train	125
train_6916	train	201
train_6917	train	191
train_6918	train	163
train_6919	train	302
train_6920	train	323
train_6921	train	119
train_6922	train	305
train_6923	train	91
train_6924	train	46
train_6925	train	172
train_6926	train	120
train_6927	train	93
train_6928	train	62
train_6929	train	74
train_6930	train	327
train_6931	train	275
train_6932	train	34
train_6933	train	174
train_6934	train	176
train_6935	train	235
train_6936	train	258
train_6937	train	270
train_6938	train	18
train_6939	train	85
train_6940	train	14
train_6941	train	318
train_6942	train	111
train_6943	train	259
train_6944	train	138
train_6945	train	79
train_6946	train	188
train_6947	train	236
train_6948	train	201
train_6949	train	89
train_6950	train	119
train_6951	train	215
train_6952	train	67
train_6953	train	41
train_6954	train	401
train_6955	train	288
train_6956	train	142
train_6957	train	63
train_6958	train	74
train_6959	train	357
train_6960	train	75
train_6961	train	134
train_6962	train	381
train_6963	train	1
train_6964	train	317
train_6965	train	310
train_6966	train	378
train_6967	train	297
train_6968	train	310
train_6969	train	213
train_6970	train	241
train_6971	train	116
train_6972	train	31
train_6973	train	356
train_6974	train	322
train_6975	train	68
train_6976	train	160
train_6977	train	83
train_6978	train	70
train_6979	train	86
train_6980	train	399
train_6981	train	141
train_6982	train	141
train_6983	train	18
train_6984	train	23
train_6985	train	46
train_6986	train	286
train_6987	train	374
train_6988	train	119
train_6989	train	141
train_6990	train	151
train_6991	train	85
train_6992	train	173
train_6993	train	407
train_6994	train	300
train_6995	train	73
train_6996	train	120
train_6997	train	318
train_6998	train	107
train_6999	train	18
train_7000	train	102
train_7001	train	116
train_7002	train	37
train_7003	train	144
train_7004	train	134
train_7005	train	37
train_7006	train	67
train_7007	train	349
train_7008	train	62
train_7009	train	63
train_7010	train	267
train_7011	train	41
train_7012	train	122
train_7013	train	84
train_7014	train	278
train_7015	train	329
train_7016	train	181
train_7017	train	386
train_7018	train	390
train_7019	train	101
train_7020	train	18
train_7021	train	95
train_7022	train	203
train_7023	train	49
train_7024	train	2
train_7025	train	394
train_7026	train	40
train_7027	train	288
train_7028	train	200
train_7029	train	79
train_7030	train	291
train_7031	train	111
train_7032	train	174
train_7033	train	40
train_7034	train	126
train_7035	train	173
train_7036	train	313
train_7037	train	119
train_7038	train	37
train_7039	train	317
train_7040	train	374
train_7041	train	368
train_7042	train	111
train_7043	train	28
train_7044	train	403
train_7045	train	65
train_7046	train	91
train_7047	train	305
train_7048	train	402
train_7049	train	39
train_7050	train	181
train_7051	train	125
train_7052	train	407
train_7053	train	197
train_7054	train	322
train_7055	train	326
train_7056	train	293
train_7057	train	104
train_7058	train	155
train_7059	train	66
train_7060	train	7
train_7061	train	368
train_7062	train	159
train_7063	train	197
train_7064	train	413
train_7065	train	201
train_7066	train	335
train_7067	train	14
train_7068	train	365
train_7069	train	119
train_7070	train	89
train_7071	train	401
train_7072	train	83
train_7073	train	85
train_7074	train	197
train_7075	train	101
train_7076	train	181
train_7077	train	305
train_7078	train	207
train_7079	train	150
train_7080	train	372
train_7081	train	123
train_7082	train	73
train_7083	train	119
train_7084	train	68
train_7085	train	197
train_7086	train	156
train_7087	train	298
train_7088	train	310
train_7089	train	163
train_7090	train	277
train_7091	train	300
train_7092	train	377
train_7093	train	173
train_7094	train	356
train_7095	train	288
train_7096	train	188
train_7097	train	70
train_7098	train	416
train_7099	train	27
train_7100	train	275
train_7101	train	61
train_7102	train	40
train_7103	train	207
train_7104	train	46
train_7105	train	292
train_7106	train	326
train_7107	train	151
train_7108	train	142
train_7109	train	374
train_7110	train	120
train_7111	train	372
train_7112	train	75
train_7113	train	155
train_7114	train	61
train_7115	train	112
train_7116	train	200
train_7117	train	113
train_7118	train	101
train_7119	train	270
train_7120	train	188
train_7121	train	158
train_7122	train	141
train_7123	train	228
train_7124	train	374
train_7125	train	155
train_7126	train	56
train_7127	train	381
train_7128	train	82
train_7129	train	185
train_7130	train	79
train_7131	train	197
train_7132	train	353
train_7133	train	49
train_7134	train	239
train_7135	train	381
train_7136	train	116
train_7137	train	18
train_7138	train	297
train_7139	train	333
train_7140	train	397
train_7141	train	120
train_7142	train	159
train_7143	train	213
train_7144	train	231
train_7145	train	89
train_7146	train	119
train_7147	train	197
train_7148	train	256
train_7149	train	389
train_7150	train	21
train_7151	train	361
train_7152	train	61
train_7153	train	156
train_7154	train	74
train_7155	train	53
train_7156	train	326
train_7157	train	403
train_7158	train	397
train_7159	train	181
train_7160	train	86
train_7161	train	85
train_7162	train	249
train_7163	train	119
train_7164	train	333
train_7165	train	397
train_7166	train	288
train_7167	train	48
train_7168	train	277
train_7169	train	322
train_7170	train	356
train_7171	train	160
train_7172	train	207
train_7173	train	122
train_7174	train	56
train_7175	train	126
train_7176	train	231
train_7177	train	297
train_7178	train	249
train_7179	train	173
train_7180	train	259
train_7181	train	75
train_7182	train	104
train_7183	train	134
train_7184	train	366
train_7185	train	349
train_7186	train	82
train_7187	train	297
train_7188	train	134
train_7189	train	203
train_7190	train	182
train_7191	train	74
train_7192	train	79
train_7193	train	333
train_7194	train	346
train_7195	train	86
train_7196	train	208
train_7197	train	14
train_7198	train	163
train_7199	train	1
train_7200	train	297
train_7201	train	153
train_7202	train	150
train_7203	train	56
train_7204	train	239
train_7205	train	275
train_7206	train	45
train_7207	train	23
train_7208	train	319
train_7209	train	67
train_7210	train	242
train_7211	train	93
train_7212	train	188
train_7213	train	2
train_7214	train	28
train_7215	train	245
train_7216	train	125
train_7217	train	305
train_7218	train	46
train_7219	train	364
train_7220	train	83
train_7221	train	23
train_7222	train	79
train_7223	train	270
train_7224	train	346
train_7225	train	348
train_7226	train	184
train_7227	train	84
train_7228	train	237
train_7229	train	407
train_7230	train	59
train_7231	train	134
train_7232	train	120
train_7233	train	156
train_7234	train	37
train_7235	train	119
train_7236	train	270
train_7237	train	389
train_7238	train	236
train_7239	train	18
train_7240	train	20
train_7241	train	125
train_7242	train	7
train_7243	train	290
train_7244	train	258
train_7245	train	256
train_7246	train	67
train_7247	train	174
train_7248	train	82
train_7249	train	49
train_7250	train	293
train_7251	train	126
train_7252	train	366
train_7253	train	1
train_7254	train	85
train_7255	train	127
train_7256	train	46
train_7257	train	361
train_7258	train	144
train_7259	train	215
train_7260	train	401
train_7261	train	297
train_7262	train	13
train_7263	train	27
train_7264	train	62
train_7265	train	381
train_7266	train	126
train_7267	train	126
train_7268	train	20
train_7269	train	39
train_7270	train	68
train_7271	train	405
train_7272	train	99
train_7273	train	126
train_7274	train	119
train_7275	train	91
train_7276	train	368
train_7277	train	156
train_7278	train	155
train_7279	train	303
train_7280	train	144
train_7281	train	116
train_7282	train	141
train_7283	train	61
train_7284	train	304
train_7285	train	159
train_7286	train	61
train_7287	train	235
train_7288	train	369
train_7289	train	318
train_7290	train	160
train_7291	train	288
train_7292	train	235
train_7293	train	142
train_7294	train	386
train_7295	train	286
train_7296	train	327
train_7297	train	291
train_7298	train	408
train_7299	train	201
train_7300	train	53
train_7301	train	253
train_7302	train	156
train_7303	train	116
train_7304	train	203
train_7305	train	403
train_7306	train	288
train_7307	train	122
train_7308	train	365
train_7309	train	21
train_7310	train	155
train_7311	train	327
train_7312	train	95
train_7313	train	138
train_7314	train	74
train_7315	train	84
train_7316	train	28
train_7317	train	256
train_7318	train	349
train_7319	train	203
train_7320	train	40
train_7321	train	17
train_7322	train	275
train_7323	train	188
train_7324	train	46
train_7325	train	17
train_7326	train	82
train_7327	train	346
train_7328	train	158
train_7329	train	204
train_7330	train	86
train_7331	train	107
train_7332	train	197
train_7333	train	318
train_7334	train	97
train_7335	train	400
train_7336	train	97
train_7337	train	182
train_7338	train	197
train_7339	train	154
train_7340	train	348
train_7341	train	73
train_7342	train	403
train_7343	train	317
train_7344	train	173
train_7345	train	138
train_7346	train	126
train_7347	train	346
train_7348	train	67
train_7349	train	68
train_7350	train	241
train_7351	train	56
train_7352	train	283
train_7353	train	184
train_7354	train	48
train_7355	train	300
train_7356	train	53
train_7357	train	68
train_7358	train	89
train_7359	train	253
train_7360	train	172
train_7361	train	240
train_7362	train	125
train_7363	train	346
train_7364	train	104
train_7365	train	213
train_7366	train	86
train_7367	train	65
train_7368	train	83
train_7369	train	141
train_7370	train	21
train_7371	train	151
train_7372	train	99
train_7373	train	290
train_7374	train	126
train_7375	train	258
train_7376	train	374
train_7377	train	144
train_7378	train	397
train_7379	train	293
train_7380	train	374
train_7381	train	89
train_7382	train	37
train_7383	train	394
train_7384	train	159
train_7385	train	133
train_7386	train	112
train_7387	train	142
train_7388	train	346
train_7389	train	154
train_7390	train	322
train_7391	train	407
train_7392	train	330
train_7393	train	404
train_7394	train	21
train_7395	train	397
train_7396	train	61
train_7397	train	123
train_7398	train	240
train_7399	train	40
train_7400	train	125
train_7401	train	315
train_7402	train	317
train_7403	train	17
train_7404	train	86
train_7405	train	407
train_7406	train	242
train_7407	train	258
train_7408	train	46
train_7409	train	144
train_7410	train	56
train_7411	train	315
train_7412	train	185
train_7413	train	82
train_7414	train	172
train_7415	train	89
train_7416	train	1
train_7417	train	134
train_7418	train	381
train_7419	train	119
train_7420	train	317
train_7421	train	111
train_7422	train	185
train_7423	train	292
train_7424	train	407
train_7425	train	277
train_7426	train	241
train_7427	train	127
train_7428	train	381
train_7429	train	203
train_7430	train	270
train_7431	train	381
train_7432	train	213
train_7433	train	120
train_7434	train	305
train_7435	train	68
train_7436	train	75
train_7437	train	346
train_7438	train	270
train_7439	train	393
train_7440	train	31
train_7441	train	390
train_7442	train	381
train_7443	train	123
train_7444	train	317
train_7445	train	86
train_7446	train	40
train_7447	train	37
train_7448	train	86
train_7449	train	258
train_7450	train	116
train_7451	train	56
train_7452	train	101
train_7453	train	111
train_7454	train	119
train_7455	train	142
train_7456	train	41
train_7457	train	248
train_7458	train	414
train_7459	train	144
train_7460	train	201
train_7461	train	182
train_7462	train	120
train_7463	train	74
train_7464	train	93
train_7465	train	172
train_7466	train	200
train_7467	train	263
train_7468	train	185
train_7469	train	61
train_7470	train	23
train_7471	train	357
train_7472	train	181
train_7473	train	304
train_7474	train	101
train_7475	train	207
train_7476	train	67
train_7477	train	73
train_7478	train	23
train_7479	train	174
train_7480	train	82
train_7481	train	237
train_7482	train	197
train_7483	train	288
train_7484	train	119
train_7485	train	249
train_7486	train	386
train_7487	train	7
train_7488	train	141
train_7489	train	14
train_7490	train	263
train_7491	train	263
train_7492	train	337
train_7493	train	21
train_7494	train	197
train_7495	train	241
train_7496	train	102
train_7497	train	91
train_7498	train	317
train_7499	train	174
train_7500	train	154
train_7501	train	270
train_7502	train	116
train_7503	train	133
train_7504	train	174
train_7505	train	313
train_7506	train	101
train_7507	train	239
train_7508	train	348
train_7509	train	120
train_7510	train	17
train_7511	train	85
train_7512	train	253
train_7513	train	235
train_7514	train	351
train_7515	train	189
train_7516	train	93
train_7517	train	239
train_7518	train	286
train_7519	train	155
train_7520	train	23
train_7521	train	184
train_7522	train	403
train_7523	train	357
train_7524	train	357
train_7525	train	253
train_7526	train	116
train_7527	train	1
train_7528	train	337
train_7529	train	286
train_7530	train	119
train_7531	train	91
train_7532	train	163
train_7533	train	235
train_7534	train	14
train_7535	train	188
train_7536	train	204
train_7537	train	407
train_7538	train	86
train_7539	train	188
train_7540	train	86
train_7541	train	351
train_7542	train	89
train_7543	train	329
train_7544	train	174
train_7545	train	217
train_7546	train	28
train_7547	train	7
train_7548	train	37
train_7549	train	201
train_7550	train	122
train_7551	train	182
train_7552	train	300
train_7553	train	156
train_7554	train	180
train_7555	train	49
train_7556	train	340
train_7557	train	404
train_7558	train	235
train_7559	train	151
train_7560	train	208
train_7561	train	93
train_7562	train	293
train_7563	train	82
train_7564	train	337
train_7565	train	67
train_7566	train	123
train_7567	train	178
train_7568	train	138
train_7569	train	116
train_7570	train	242
train_7571	train	122
train_7572	train	374
train_7573	train	46
train_7574	train	104
train_7575	train	259
train_7576	train	353
train_7577	train	41
train_7578	train	372
train_7579	train	48
train_7580	train	14
train_7581	train	37
train_7582	train	249
train_7583	train	356
train_7584	train	127
train_7585	train	37
train_7586	train	93
train_7587	train	31
train_7588	train	197
train_7589	train	419
train_7590	train	241
train_7591	train	157
train_7592	train	79
train_7593	train	239
train_7594	train	40
train_7595	train	91
train_7596	train	309
train_7597	train	173
train_7598	train	188
train_7599	train	28
train_7600	train	95
train_7601	train	141
train_7602	train	7
train_7603	train	201
train_7604	train	99
train_7605	train	191
train_7606	train	70
train_7607	train	122
train_7608	train	122
train_7609	train	303
train_7610	train	89
train_7611	train	305
train_7612	train	237
train_7613	train	104
train_7614	train	95
train_7615	train	61
train_7616	train	256
train_7617	train	178
train_7618	train	39
train_7619	train	241
train_7620	train	239
train_7621	train	263
train_7622	train	70
train_7623	train	107
train_7624	train	158
train_7625	train	165
train_7626	train	18
train_7627	train	215
train_7628	train	53
train_7629	train	351
train_7630	train	156
train_7631	train	20
train_7632	train	185
train_7633	train	346
train_7634	train	405
train_7635	train	407
train_7636	train	86
train_7637	train	127
train_7638	train	173
train_7639	train	178
train_7640	train	310
train_7641	train	1
train_7642	train	154
train_7643	train	85
train_7644	train	159
train_7645	train	104
train_7646	train	53
train_7647	train	63
train_7648	train	237
train_7649	train	249
train_7650	train	358
train_7651	train	181
train_7652	train	142
train_7653	train	349
train_7654	train	56
train_7655	train	123
train_7656	train	116
train_7657	train	166
train_7658	train	184
train_7659	train	303
train_7660	train	104
train_7661	train	125
train_7662	train	327
train_7663	train	286
train_7664	train	6
train_7665	train	66
train_7666	train	61
train_7667	train	357
train_7668	train	322
train_7669	train	180
train_7670	train	258
train_7671	train	68
train_7672	train	394
train_7673	train	123
train_7674	train	82
train_7675	train	83
train_7676	train	18
train_7677	train	356
train_7678	train	125
train_7679	train	397
train_7680	train	245
train_7681	train	160
train_7682	train	253
train_7683	train	154
train_7684	train	407
train_7685	train	41
train_7686	train	89
train_7687	train	191
train_7688	train	7
train_7689	train	18
train_7690	train	360
train_7691	train	208
train_7692	train	213
train_7693	train	237
train_7694	train	184
train_7695	train	65
train_7696	train	73
train_7697	train	185
train_7698	train	394
train_7699	train	125
train_7700	train	141
train_7701	train	372
train_7702	train	358
train_7703	train	53
train_7704	train	83
train_7705	train	213
train_7706	train	133
train_7707	train	173
train_7708	train	327
train_7709	train	317
train_7710	train	204
train_7711	train	263
train_7712	train	158
train_7713	train	413
train_7714	train	215
train_7715	train	286
train_7716	train	126
train_7717	train	203
train_7718	train	278
train_7719	train	414
train_7720	train	270
train_7721	train	197
train_7722	train	116
train_7723	train	67
train_7724	train	374
train_7725	train	37
train_7726	train	189
train_7727	train	241
train_7728	train	357
train_7729	train	185
train_7730	train	377
train_7731	train	327
train_7732	train	73
train_7733	train	14
train_7734	train	102
train_7735	train	315
train_7736	train	37
train_7737	train	163
train_7738	train	142
train_7739	train	91
train_7740	train	185
train_7741	train	89
train_7742	train	191
train_7743	train	144
train_7744	train	242
train_7745	train	174
train_7746	train	309
train_7747	train	323
train_7748	train	184
train_7749	train	150
train_7750	train	41
train_7751	train	395
train_7752	train	142
train_7753	train	144
train_7754	train	270
train_7755	train	408
train_7756	train	298
train_7757	train	173
train_7758	train	123
train_7759	train	126
train_7760	train	99
train_7761	train	144
train_7762	train	204
train_7763	train	61
train_7764	train	138
train_7765	train	126
train_7766	train	73
train_7767	train	97
train_7768	train	34
train_7769	train	288
train_7770	train	104
train_7771	train	235
train_7772	train	340
train_7773	train	361
train_7774	train	18
train_7775	train	239
train_7776	train	239
train_7777	train	235
train_7778	train	401
train_7779	train	165
train_7780	train	361
train_7781	train	173
train_7782	train	74
train_7783	train	353
train_7784	train	89
train_7785	train	91
train_7786	train	174
train_7787	train	7
train_7788	train	302
train_7789	train	403
train_7790	train	327
train_7791	train	395
train_7792	train	17
train_7793	train	298
train_7794	train	20
train_7795	train	75
train_7796	train	231
train_7797	train	84
train_7798	train	178
train_7799	train	178
train_7800	train	21
train_7801	train	241
train_7802	train	104
train_7803	train	66
train_7804	train	181
train_7805	train	28
train_7806	train	14
train_7807	train	21
train_7808	train	275
train_7809	train	142
train_7810	train	40
train_7811	train	46
train_7812	train	381
train_7813	train	253
train_7814	train	180
train_7815	train	369
train_7816	train	56
train_7817	train	41
train_7818	train	155
train_7819	train	270
train_7820	train	75
train_7821	train	185
train_7822	train	141
train_7823	train	133
train_7824	train	40
train_7825	train	253
train_7826	train	18
train_7827	train	82
train_7828	train	14
train_7829	train	74
train_7830	train	61
train_7831	train	68
train_7832	train	235
train_7833	train	204
train_7834	train	127
train_7835	train	298
train_7836	train	28
train_7837	train	327
train_7838	train	336
train_7839	train	241
train_7840	train	120
train_7841	train	405
train_7842	train	213
train_7843	train	31
train_7844	train	144
train_7845	train	231
train_7846	train	413
train_7847	train	204
train_7848	train	21
train_7849	train	408
train_7850	train	259
train_7851	train	61
train_7852	train	337
train_7853	train	65
train_7854	train	28
train_7855	train	48
train_7856	train	68
train_7857	train	18
train_7858	train	404
train_7859	train	381
train_7860	train	287
train_7861	train	41
train_7862	train	125
train_7863	train	40
train_7864	train	32
train_7865	train	67
train_7866	train	310
train_7867	train	2
train_7868	train	111
train_7869	train	49
train_7870	train	119
train_7871	train	185
train_7872	train	120
train_7873	train	236
train_7874	train	122
train_7875	train	174
train_7876	train	275
train_7877	train	302
train_7878	train	366
train_7879	train	335
train_7880	train	397
train_7881	train	208
train_7882	train	66
train_7883	train	119
train_7884	train	18
train_7885	train	360
train_7886	train	18
train_7887	train	67
train_7888	train	361
train_7889	train	107
train_7890	train	178
train_7891	train	104
train_7892	train	21
train_7893	train	346
train_7894	train	374
train_7895	train	99
train_7896	train	2
train_7897	train	329
train_7898	train	361
train_7899	train	85
train_7900	train	66
train_7901	train	125
train_7902	train	364
train_7903	train	397
train_7904	train	14
train_7905	train	390
train_7906	train	275
train_7907	train	397
train_7908	train	150
train_7909	train	319
train_7910	train	419
train_7911	train	120
train_7912	train	14
train_7913	train	413
train_7914	train	102
train_7915	train	366
train_7916	train	144
train_7917	train	7
train_7918	train	203
train_7919	train	172
train_7920	train	204
train_7921	train	84
train_7922	train	366
train_7923	train	340
train_7924	train	158
train_7925	train	397
train_7926	train	297
train_7927	train	91
train_7928	train	317
train_7929	train	288
train_7930	train	86
train_7931	train	237
train_7932	train	317
train_7933	train	62
train_7934	train	162
train_7935	train	102
train_7936	train	160
train_7937	train	304
train_7938	train	311
train_7939	train	89
train_7940	train	315
train_7941	train	302
train_7942	train	330
train_7943	train	165
train_7944	train	7
train_7945	train	208
train_7946	train	49
train_7947	train	315
train_7948	train	184
train_7949	train	32
train_7950	train	378
train_7951	train	142
train_7952	train	28
train_7953	train	91
train_7954	train	122
train_7955	train	40
train_7956	train	7
train_7957	train	208
train_7958	train	191
train_7959	train	348
train_7960	train	20
train_7961	train	404
train_7962	train	20
train_7963	train	241
train_7964	train	67
train_7965	train	37
train_7966	train	156
train_7967	train	70
train_7968	train	358
train_7969	train	405
train_7970	train	189
train_7971	train	2
train_7972	train	99
train_7973	train	275
train_7974	train	352
train_7975	train	154
train_7976	train	68
train_7977	train	1
train_7978	train	249
train_7979	train	41
train_7980	train	323
train_7981	train	310
train_7982	train	355
train_7983	train	138
train_7984	train	116
train_7985	train	248
train_7986	train	39
train_7987	train	403
train_7988	train	142
train_7989	train	154
train_7990	train	239
train_7991	train	144
train_7992	train	104
train_7993	train	125
train_7994	train	302
train_7995	train	138
train_7996	train	138
train_7997	train	125
train_7998	train	125
train_7999	train	172
train_8000	train	101
train_8001	train	303
train_8002	train	399
train_8003	train	181
train_8004	train	286
train_8005	train	231
train_8006	train	407
train_8007	train	248
train_8008	train	204
train_8009	train	14
train_8010	train	141
train_8011	train	288
train_8012	train	89
train_8013	train	353
train_8014	train	113
train_8015	train	127
train_8016	train	419
train_8017	train	126
train_8018	train	245
train_8019	train	68
train_8020	train	86
train_8021	train	182
train_8022	train	335
train_8023	train	79
train_8024	train	93
train_8025	train	200
train_8026	train	53
train_8027	train	286
train_8028	train	310
train_8029	train	298
train_8030	train	390
train_8031	train	156
train_8032	train	156
train_8033	train	204
train_8034	train	191
train_8035	train	394
train_8036	train	49
train_8037	train	389
train_8038	train	20
train_8039	train	242
train_8040	train	318
train_8041	train	141
train_8042	train	315
train_8043	train	99
train_8044	train	330
train_8045	train	304
train_8046	train	335
train_8047	train	305
train_8048	train	17
train_8049	train	249
train_8050	train	184
train_8051	train	58
train_8052	train	49
train_8053	train	156
train_8054	train	249
train_8055	train	310
train_8056	train	302
train_8057	train	119
train_8058	train	162
train_8059	train	317
train_8060	train	158
train_8061	train	408
train_8062	train	201
train_8063	train	181
train_8064	train	241
train_8065	train	335
train_8066	train	160
train_8067	train	163
train_8068	train	182
train_8069	train	381
train_8070	train	6
train_8071	train	240
train_8072	train	355
train_8073	train	366
train_8074	train	381
train_8075	train	126
train_8076	train	141
train_8077	train	408
train_8078	train	120
train_8079	train	165
train_8080	train	390
train_8081	train	48
train_8082	train	317
train_8083	train	126
train_8084	train	311
train_8085	train	150
train_8086	train	84
train_8087	train	381
train_8088	train	356
train_8089	train	56
train_8090	train	17
train_8091	train	191
train_8092	train	93
train_8093	train	291
train_8094	train	348
train_8095	train	197
train_8096	train	305
train_8097	train	123
train_8098	train	197
train_8099	train	2
train_8100	train	154
train_8101	train	374
train_8102	train	20
train_8103	train	302
train_8104	train	184
train_8105	train	154
train_8106	train	37
train_8107	train	419
train_8108	train	155
train_8109	train	241
train_8110	train	259
train_8111	train	133
train_8112	train	377
train_8113	train	346
train_8114	train	248
train_8115	train	407
train_8116	train	304
train_8117	train	93
train_8118	train	405
train_8119	train	99
train_8120	train	413
train_8121	train	28
train_8122	train	91
train_8123	train	178
train_8124	train	165
train_8125	train	189
train_8126	train	125
train_8127	train	59
train_8128	train	14
train_8129	train	74
train_8130	train	104
train_8131	train	207
train_8132	train	401
train_8133	train	165
train_8134	train	7
train_8135	train	304
train_8136	train	302
train_8137	train	256
train_8138	train	59
train_8139	train	141
train_8140	train	79
train_8141	train	249
train_8142	train	174
train_8143	train	386
train_8144	train	215
train_8145	train	49
train_8146	train	14
train_8147	train	163
train_8148	train	122
train_8149	train	163
train_8150	train	28
train_8151	train	7
train_8152	train	317
train_8153	train	2
train_8154	train	34
train_8155	train	126
train_8156	train	70
train_8157	train	322
train_8158	train	408
train_8159	train	379
train_8160	train	300
train_8161	train	59
train_8162	train	150
train_8163	train	327
train_8164	train	127
train_8165	train	184
train_8166	train	365
train_8167	train	335
train_8168	train	300
train_8169	train	37
train_8170	train	174
train_8171	train	67
train_8172	train	20
train_8173	train	368
train_8174	train	330
train_8175	train	125
train_8176	train	37
train_8177	train	116
train_8178	train	21
train_8179	train	160
train_8180	train	203
train_8181	train	263
train_8182	train	74
train_8183	train	7
train_8184	train	107
train_8185	train	322
train_8186	train	303
train_8187	train	390
train_8188	train	113
train_8189	train	21
train_8190	train	355
train_8191	train	48
train_8192	train	40
train_8193	train	67
train_8194	train	95
train_8195	train	418
train_8196	train	122
train_8197	train	49
train_8198	train	165
train_8199	train	178
train_8200	train	366
train_8201	train	46
train_8202	train	293
train_8203	train	356
train_8204	train	7
train_8205	train	309
train_8206	train	256
train_8207	train	208
train_8208	train	185
train_8209	train	239
train_8210	train	126
train_8211	train	20
train_8212	train	385
train_8213	train	354
train_8214	train	28
train_8215	train	329
train_8216	train	67
train_8217	train	353
train_8218	train	134
train_8219	train	28
train_8220	train	39
train_8221	train	123
train_8222	train	86
train_8223	train	150
train_8224	train	360
train_8225	train	156
train_8226	train	17
train_8227	train	240
train_8228	train	291
train_8229	train	310
train_8230	train	34
train_8231	train	6
train_8232	train	97
train_8233	train	235
train_8234	train	21
train_8235	train	353
train_8236	train	278
train_8237	train	215
train_8238	train	156
train_8239	train	258
train_8240	train	390
train_8241	train	20
train_8242	train	355
train_8243	train	397
train_8244	train	125
train_8245	train	213
train_8246	train	239
train_8247	train	97
train_8248	train	82
train_8249	train	319
train_8250	train	20
train_8251	train	405
train_8252	train	95
train_8253	train	144
train_8254	train	91
train_8255	train	49
train_8256	train	74
train_8257	train	89
train_8258	train	141
train_8259	train	313
train_8260	train	275
train_8261	train	133
train_8262	train	356
train_8263	train	165
train_8264	train	327
train_8265	train	84
train_8266	train	119
train_8267	train	403
train_8268	train	397
train_8269	train	46
train_8270	train	286
train_8271	train	407
train_8272	train	65
train_8273	train	160
train_8274	train	126
train_8275	train	122
train_8276	train	204
train_8277	train	413
train_8278	train	133
train_8279	train	153
train_8280	train	104
train_8281	train	102
train_8282	train	91
train_8283	train	73
train_8284	train	201
train_8285	train	53
train_8286	train	141
train_8287	train	59
train_8288	train	122
train_8289	train	200
train_8290	train	393
train_8291	train	286
train_8292	train	160
train_8293	train	97
train_8294	train	318
train_8295	train	270
train_8296	train	397
train_8297	train	235
train_8298	train	259
train_8299	train	188
train_8300	train	277
train_8301	train	163
train_8302	train	185
train_8303	train	348
train_8304	train	159
train_8305	train	237
train_8306	train	242
train_8307	train	46
train_8308	train	159
train_8309	train	120
train_8310	train	107
train_8311	train	144
train_8312	train	165
train_8313	train	34
train_8314	train	41
train_8315	train	150
train_8316	train	93
train_8317	train	259
train_8318	train	203
train_8319	train	10
train_8320	train	401
train_8321	train	158
train_8322	train	360
train_8323	train	150
train_8324	train	348
train_8325	train	241
train_8326	train	84
train_8327	train	390
train_8328	train	86
train_8329	train	151
train_8330	train	68
train_8331	train	66
train_8332	train	365
train_8333	train	41
train_8334	train	200
train_8335	train	241
train_8336	train	20
train_8337	train	203
train_8338	train	32
train_8339	train	292
train_8340	train	127
train_8341	train	123
train_8342	train	354
train_8343	train	180
train_8344	train	185
train_8345	train	207
train_8346	train	174
train_8347	train	85
train_8348	train	310
train_8349	train	116
train_8350	train	184
train_8351	train	197
train_8352	train	377
train_8353	train	366
train_8354	train	141
train_8355	train	240
train_8356	train	13
train_8357	train	290
train_8358	train	349
train_8359	train	101
train_8360	train	104
train_8361	train	20
train_8362	train	407
train_8363	train	356
train_8364	train	138
train_8365	train	83
train_8366	train	70
train_8367	train	213
train_8368	train	237
train_8369	train	213
train_8370	train	61
train_8371	train	34
train_8372	train	138
train_8373	train	397
train_8374	train	28
train_8375	train	377
train_8376	train	390
train_8377	train	239
train_8378	train	119
train_8379	train	127
train_8380	train	79
train_8381	train	101
train_8382	train	40
train_8383	train	111
train_8384	train	104
train_8385	train	235
train_8386	train	49
train_8387	train	34
train_8388	train	83
train_8389	train	59
train_8390	train	188
train_8391	train	184
train_8392	train	155
train_8393	train	253
train_8394	train	182
train_8395	train	270
train_8396	train	181
train_8397	train	386
train_8398	train	7
train_8399	train	20
train_8400	train	7
train_8401	train	144
train_8402	train	158
train_8403	train	82
train_8404	train	116
train_8405	train	1
train_8406	train	150
train_8407	train	62
train_8408	train	172
train_8409	train	208
train_8410	train	150
train_8411	train	56
train_8412	train	1
train_8413	train	300
train_8414	train	408
train_8415	train	172
train_8416	train	200
train_8417	train	7
train_8418	train	208
train_8419	train	65
train_8420	train	67
train_8421	train	358
train_8422	train	84
train_8423	train	270
train_8424	train	116
train_8425	train	154
train_8426	train	180
train_8427	train	158
train_8428	train	86
train_8429	train	150
train_8430	train	381
train_8431	train	138
train_8432	train	335
train_8433	train	67
train_8434	train	86
train_8435	train	336
train_8436	train	181
train_8437	train	120
train_8438	train	111
train_8439	train	235
train_8440	train	68
train_8441	train	178
train_8442	train	119
train_8443	train	397
train_8444	train	85
train_8445	train	213
train_8446	train	394
train_8447	train	378
train_8448	train	93
train_8449	train	351
train_8450	train	353
train_8451	train	333
train_8452	train	377
train_8453	train	46
train_8454	train	197
train_8455	train	160
train_8456	train	86
train_8457	train	333
train_8458	train	141
train_8459	train	155
train_8460	train	333
train_8461	train	355
train_8462	train	290
train_8463	train	302
train_8464	train	70
train_8465	train	348
train_8466	train	39
train_8467	train	151
train_8468	train	317
train_8469	train	6
train_8470	train	133
train_8471	train	116
train_8472	train	83
train_8473	train	348
train_8474	train	89
train_8475	train	126
train_8476	train	119
train_8477	train	83
train_8478	train	83
train_8479	train	142
train_8480	train	133
train_8481	train	126
train_8482	train	133
train_8483	train	91
train_8484	train	231
train_8485	train	86
train_8486	train	126
train_8487	train	404
train_8488	train	21
train_8489	train	46
train_8490	train	386
train_8491	train	86
train_8492	train	277
train_8493	train	142
train_8494	train	188
train_8495	train	405
train_8496	train	403
train_8497	train	39
train_8498	train	59
train_8499	train	253
train_8500	train	156
train_8501	train	181
train_8502	train	56
train_8503	train	200
train_8504	train	79
train_8505	train	185
train_8506	train	182
train_8507	train	79
train_8508	train	82
train_8509	train	46
train_8510	train	237
train_8511	train	1
train_8512	train	302
train_8513	train	104
train_8514	train	263
train_8515	train	256
train_8516	train	116
train_8517	train	288
train_8518	train	86
train_8519	train	7
train_8520	train	256
train_8521	train	333
train_8522	train	58
train_8523	train	111
train_8524	train	126
train_8525	train	197
train_8526	train	127
train_8527	train	305
train_8528	train	213
train_8529	train	142
train_8530	train	213
train_8531	train	239
train_8532	train	349
train_8533	train	70
train_8534	train	84
train_8535	train	39
train_8536	train	288
train_8537	train	82
train_8538	train	27
train_8539	train	23
train_8540	train	56
train_8541	train	185
train_8542	train	366
train_8543	train	366
train_8544	train	204
train_8545	train	41
train_8546	train	317
train_8547	train	113
train_8548	train	253
train_8549	train	138
train_8550	train	102
train_8551	train	288
train_8552	train	236
train_8553	train	407
train_8554	train	245
train_8555	train	272
train_8556	train	400
train_8557	train	240
train_8558	train	236
train_8559	train	165
train_8560	train	123
train_8561	train	327
train_8562	train	142
train_8563	train	166
train_8564	train	160
train_8565	train	200
train_8566	train	355
train_8567	train	86
train_8568	train	241
train_8569	train	62
train_8570	train	374
train_8571	train	215
train_8572	train	116
train_8573	train	111
train_8574	train	66
train_8575	train	174
train_8576	train	189
train_8577	train	66
train_8578	train	419
train_8579	train	125
train_8580	train	73
train_8581	train	74
train_8582	train	70
train_8583	train	366
train_8584	train	317
train_8585	train	83
train_8586	train	125
train_8587	train	355
train_8588	train	235
train_8589	train	297
train_8590	train	79
train_8591	train	178
train_8592	train	358
train_8593	train	275
train_8594	train	21
train_8595	train	240
train_8596	train	404
train_8597	train	204
train_8598	train	107
train_8599	train	83
train_8600	train	201
train_8601	train	6
train_8602	train	381
train_8603	train	125
train_8604	train	163
train_8605	train	1
train_8606	train	156
train_8607	train	123
train_8608	train	28
train_8609	train	56
train_8610	train	404
train_8611	train	408
train_8612	train	336
train_8613	train	53
train_8614	train	404
train_8615	train	59
train_8616	train	330
train_8617	train	217
train_8618	train	116
train_8619	train	144
train_8620	train	160
train_8621	train	18
train_8622	train	63
train_8623	train	86
train_8624	train	17
train_8625	train	369
train_8626	train	297
train_8627	train	126
train_8628	train	366
train_8629	train	53
train_8630	train	201
train_8631	train	356
train_8632	train	166
train_8633	train	364
train_8634	train	101
train_8635	train	213
train_8636	train	204
train_8637	train	381
train_8638	train	82
train_8639	train	91
train_8640	train	6
train_8641	train	203
train_8642	train	133
train_8643	train	156
train_8644	train	185
train_8645	train	275
train_8646	train	360
train_8647	train	318
train_8648	train	182
train_8649	train	327
train_8650	train	185
train_8651	train	13
train_8652	train	181
train_8653	train	366
train_8654	train	67
train_8655	train	215
train_8656	train	61
train_8657	train	91
train_8658	train	172
train_8659	train	298
train_8660	train	123
train_8661	train	159
train_8662	train	172
train_8663	train	95
train_8664	train	142
train_8665	train	23
train_8666	train	67
train_8667	train	408
train_8668	train	31
train_8669	train	158
train_8670	train	56
train_8671	train	400
train_8672	train	207
train_8673	train	125
train_8674	train	85
train_8675	train	99
train_8676	train	127
train_8677	train	142
train_8678	train	46
train_8679	train	82
train_8680	train	40
train_8681	train	159
train_8682	train	302
train_8683	train	150
train_8684	train	48
train_8685	train	2
train_8686	train	95
train_8687	train	174
train_8688	train	58
train_8689	train	53
train_8690	train	188
train_8691	train	270
train_8692	train	318
train_8693	train	119
train_8694	train	163
train_8695	train	133
train_8696	train	91
train_8697	train	133
train_8698	train	67
train_8699	train	241
train_8700	train	91
train_8701	train	346
train_8702	train	67
train_8703	train	68
train_8704	train	86
train_8705	train	366
train_8706	train	126
train_8707	train	361
train_8708	train	405
train_8709	train	86
train_8710	train	134
train_8711	train	381
train_8712	train	49
train_8713	train	215
train_8714	train	240
train_8715	train	361
train_8716	train	364
train_8717	train	18
train_8718	train	101
train_8719	train	248
train_8720	train	249
train_8721	train	156
train_8722	train	23
train_8723	train	160
train_8724	train	405
train_8725	train	39
train_8726	train	317
train_8727	train	89
train_8728	train	213
train_8729	train	123
train_8730	train	374
train_8731	train	374
train_8732	train	208
train_8733	train	256
train_8734	train	79
train_8735	train	1
train_8736	train	413
train_8737	train	142
train_8738	train	374
train_8739	train	46
train_8740	train	369
train_8741	train	236
train_8742	train	1
train_8743	train	313
train_8744	train	125
train_8745	train	242
train_8746	train	188
train_8747	train	275
train_8748	train	61
train_8749	train	180
train_8750	train	86
train_8751	train	157
train_8752	train	293
train_8753	train	407
train_8754	train	275
train_8755	train	150
train_8756	train	361
train_8757	train	348
train_8758	train	158
train_8759	train	133
train_8760	train	158
train_8761	train	203
train_8762	train	18
train_8763	train	122
train_8764	train	416
train_8765	train	116
train_8766	train	203
train_8767	train	319
train_8768	train	7
train_8769	train	293
train_8770	train	97
train_8771	train	317
train_8772	train	144
train_8773	train	116
train_8774	train	45
train_8775	train	154
train_8776	train	39
train_8777	train	322
train_8778	train	181
train_8779	train	305
train_8780	train	154
train_8781	train	297
train_8782	train	133
train_8783	train	111
train_8784	train	158
train_8785	train	277
train_8786	train	41
train_8787	train	141
train_8788	train	356
train_8789	train	119
train_8790	train	172
train_8791	train	31
train_8792	train	99
train_8793	train	386
train_8794	train	85
train_8795	train	288
train_8796	train	2
train_8797	train	59
train_8798	train	56
train_8799	train	155
train_8800	train	158
train_8801	train	150
train_8802	train	20
train_8803	train	91
train_8804	train	172
train_8805	train	86
train_8806	train	311
train_8807	train	144
train_8808	train	297
train_8809	train	174
train_8810	train	133
train_8811	train	249
train_8812	train	1
train_8813	train	207
train_8814	train	62
train_8815	train	327
train_8816	train	49
train_8817	train	256
train_8818	train	125
train_8819	train	141
train_8820	train	82
train_8821	train	70
train_8822	train	82
train_8823	train	83
train_8824	train	150
train_8825	train	20
train_8826	train	359
train_8827	train	290
train_8828	train	34
train_8829	train	241
train_8830	train	74
train_8831	train	41
train_8832	train	79
train_8833	train	239
train_8834	train	70
train_8835	train	67
train_8836	train	208
train_8837	train	291
train_8838	train	39
train_8839	train	184
train_8840	train	34
train_8841	train	248
train_8842	train	1
train_8843	train	172
train_8844	train	2
train_8845	train	319
train_8846	train	165
train_8847	train	249
train_8848	train	323
train_8849	train	207
train_8850	train	93
train_8851	train	245
train_8852	train	390
train_8853	train	300
train_8854	train	317
train_8855	train	150
train_8856	train	333
train_8857	train	405
train_8858	train	2
train_8859	train	116
train_8860	train	335
train_8861	train	61
train_8862	train	413
train_8863	train	48
train_8864	train	155
train_8865	train	18
train_8866	train	156
train_8867	train	385
train_8868	train	290
train_8869	train	256
train_8870	train	91
train_8871	train	256
train_8872	train	28
train_8873	train	156
train_8874	train	41
train_8875	train	138
train_8876	train	62
train_8877	train	329
train_8878	train	355
train_8879	train	63
train_8880	train	241
train_8881	train	404
train_8882	train	82
train_8883	train	253
train_8884	train	313
train_8885	train	163
train_8886	train	278
train_8887	train	275
train_8888	train	65
train_8889	train	150
train_8890	train	374
train_8891	train	7
train_8892	train	104
train_8893	train	188
train_8894	train	18
train_8895	train	178
train_8896	train	123
train_8897	train	174
train_8898	train	40
train_8899	train	197
train_8900	train	125
train_8901	train	17
train_8902	train	99
train_8903	train	374
train_8904	train	156
train_8905	train	107
train_8906	train	37
train_8907	train	327
train_8908	train	185
train_8909	train	317
train_8910	train	160
train_8911	train	300
train_8912	train	172
train_8913	train	351
train_8914	train	414
train_8915	train	99
train_8916	train	180
train_8917	train	46
train_8918	train	407
train_8919	train	120
train_8920	train	125
train_8921	train	120
train_8922	train	215
train_8923	train	79
train_8924	train	59
train_8925	train	159
train_8926	train	182
train_8927	train	178
train_8928	train	122
train_8929	train	18
train_8930	train	37
train_8931	train	101
train_8932	train	270
train_8933	train	66
train_8934	train	75
train_8935	train	359
train_8936	train	144
train_8937	train	239
train_8938	train	59
train_8939	train	125
train_8940	train	107
train_8941	train	159
train_8942	train	34
train_8943	train	366
train_8944	train	317
train_8945	train	18
train_8946	train	361
train_8947	train	99
train_8948	train	91
train_8949	train	119
train_8950	train	207
train_8951	train	303
train_8952	train	203
train_8953	train	156
train_8954	train	404
train_8955	train	18
train_8956	train	356
train_8957	train	185
train_8958	train	83
train_8959	train	48
train_8960	train	67
train_8961	train	18
train_8962	train	173
train_8963	train	235
train_8964	train	123
train_8965	train	61
train_8966	train	358
train_8967	train	346
train_8968	train	173
train_8969	train	189
train_8970	train	85
train_8971	train	99
train_8972	train	56
train_8973	train	151
train_8974	train	374
train_8975	train	84
train_8976	train	34
train_8977	train	28
train_8978	train	154
train_8979	train	322
train_8980	train	91
train_8981	train	259
train_8982	train	165
train_8983	train	237
train_8984	train	200
train_8985	train	95
train_8986	train	79
train_8987	train	180
train_8988	train	18
train_8989	train	49
train_8990	train	101
train_8991	train	14
train_8992	train	297
train_8993	train	134
train_8994	train	248
train_8995	train	59
train_8996	train	305
train_8997	train	1
train_8998	train	351
train_8999	train	207
train_9000	train	159
train_9001	train	158
train_9002	train	416
train_9003	train	297
train_9004	train	178
train_9005	train	401
train_9006	train	40
train_9007	train	95
train_9008	train	112
train_9009	train	112
train_9010	train	369
train_9011	train	126
train_9012	train	188
train_9013	train	213
train_9014	train	120
train_9015	train	142
train_9016	train	361
train_9017	train	154
train_9018	train	240
train_9019	train	298
train_9020	train	203
train_9021	train	400
train_9022	train	313
train_9023	train	32
train_9024	train	65
train_9025	train	65
train_9026	train	165
train_9027	train	74
train_9028	train	181
train_9029	train	82
train_9030	train	333
train_9031	train	178
train_9032	train	48
train_9033	train	67
train_9034	train	46
train_9035	train	138
train_9036	train	365
train_9037	train	84
train_9038	train	68
train_9039	train	70
train_9040	train	160
train_9041	train	123
train_9042	train	360
train_9043	train	336
train_9044	train	288
train_9045	train	413
train_9046	train	290
train_9047	train	46
train_9048	train	397
train_9049	train	207
train_9050	train	166
train_9051	train	126
train_9052	train	85
train_9053	train	65
train_9054	train	120
train_9055	train	184
train_9056	train	85
train_9057	train	155
train_9058	train	162
train_9059	train	112
train_9060	train	84
train_9061	train	93
train_9062	train	181
train_9063	train	122
train_9064	train	197
train_9065	train	82
train_9066	train	116
train_9067	train	112
train_9068	train	270
train_9069	train	156
train_9070	train	127
train_9071	train	138
train_9072	train	138
train_9073	train	73
train_9074	train	158
train_9075	train	241
train_9076	train	178
train_9077	train	181
train_9078	train	82
train_9079	train	126
train_9080	train	182
train_9081	train	288
train_9082	train	67
train_9083	train	253
train_9084	train	126
train_9085	train	413
train_9086	train	236
train_9087	train	56
train_9088	train	158
train_9089	train	73
train_9090	train	160
train_9091	train	336
train_9092	train	278
train_9093	train	358
train_9094	train	180
train_9095	train	298
train_9096	train	239
train_9097	train	142
train_9098	train	353
train_9099	train	84
train_9100	train	207
train_9101	train	66
train_9102	train	120
train_9103	train	305
train_9104	train	70
train_9105	train	151
train_9106	train	178
train_9107	train	348
train_9108	train	191
train_9109	train	333
train_9110	train	201
train_9111	train	377
train_9112	train	138
train_9113	train	79
train_9114	train	7
train_9115	train	403
train_9116	train	101
train_9117	train	157
train_9118	train	204
train_9119	train	151
train_9120	train	239
train_9121	train	165
train_9122	train	75
train_9123	train	59
train_9124	train	28
train_9125	train	144
train_9126	train	348
train_9127	train	372
train_9128	train	356
train_9129	train	75
train_9130	train	160
train_9131	train	116
train_9132	train	297
train_9133	train	116
train_9134	train	182
train_9135	train	166
train_9136	train	41
train_9137	train	86
train_9138	train	20
train_9139	train	73
train_9140	train	374
train_9141	train	355
train_9142	train	174
train_9143	train	86
train_9144	train	315
train_9145	train	351
train_9146	train	182
train_9147	train	361
train_9148	train	93
train_9149	train	346
train_9150	train	17
train_9151	train	326
train_9152	train	67
train_9153	train	201
train_9154	train	245
train_9155	train	217
train_9156	train	1
train_9157	train	2
train_9158	train	185
train_9159	train	313
train_9160	train	151
train_9161	train	89
train_9162	train	74
train_9163	train	200
train_9164	train	84
train_9165	train	360
train_9166	train	402
train_9167	train	239
train_9168	train	241
train_9169	train	322
train_9170	train	138
train_9171	train	95
train_9172	train	70
train_9173	train	159
train_9174	train	290
train_9175	train	7
train_9176	train	125
train_9177	train	46
train_9178	train	215
train_9179	train	237
train_9180	train	99
train_9181	train	348
train_9182	train	21
train_9183	train	104
train_9184	train	215
train_9185	train	31
train_9186	train	215
train_9187	train	23
train_9188	train	126
train_9189	train	120
train_9190	train	14
train_9191	train	62
train_9192	train	368
train_9193	train	184
train_9194	train	335
train_9195	train	185
train_9196	train	7
train_9197	train	79
train_9198	train	141
train_9199	train	359
train_9200	train	95
train_9201	train	40
train_9202	train	355
train_9203	train	174
train_9204	train	59
train_9205	train	188
train_9206	train	203
train_9207	train	401
train_9208	train	249
train_9209	train	213
train_9210	train	6
train_9211	train	133
train_9212	train	200
train_9213	train	27
train_9214	train	172
train_9215	train	111
train_9216	train	163
train_9217	train	39
train_9218	train	48
train_9219	train	184
train_9220	train	215
train_9221	train	329
train_9222	train	160
train_9223	train	313
train_9224	train	14
train_9225	train	237
train_9226	train	240
train_9227	train	191
train_9228	train	65
train_9229	train	74
train_9230	train	249
train_9231	train	405
train_9232	train	63
train_9233	train	394
train_9234	train	104
train_9235	train	248
train_9236	train	101
train_9237	train	381
train_9238	train	49
train_9239	train	335
train_9240	train	113
train_9241	train	46
train_9242	train	241
train_9243	train	237
train_9244	train	249
train_9245	train	159
train_9246	train	6
train_9247	train	62
train_9248	train	74
train_9249	train	141
train_9250	train	18
train_9251	train	204
train_9252	train	203
train_9253	train	126
train_9254	train	18
train_9255	train	172
train_9256	train	63
train_9257	train	61
train_9258	train	58
train_9259	train	23
train_9260	train	201
train_9261	train	62
train_9262	train	99
train_9263	train	37
train_9264	train	40
train_9265	train	163
train_9266	train	120
train_9267	train	67
train_9268	train	6
train_9269	train	336
train_9270	train	322
train_9271	train	70
train_9272	train	315
train_9273	train	372
train_9274	train	402
train_9275	train	120
train_9276	train	298
train_9277	train	74
train_9278	train	259
train_9279	train	357
train_9280	train	46
train_9281	train	291
train_9282	train	196
train_9283	train	204
train_9284	train	95
train_9285	train	407
train_9286	train	125
train_9287	train	111
train_9288	train	123
train_9289	train	386
train_9290	train	402
train_9291	train	298
train_9292	train	86
train_9293	train	390
train_9294	train	333
train_9295	train	381
train_9296	train	116
train_9297	train	66
train_9298	train	277
train_9299	train	7
train_9300	train	405
train_9301	train	65
train_9302	train	172
train_9303	train	119
train_9304	train	113
train_9305	train	134
train_9306	train	297
train_9307	train	119
train_9308	train	111
train_9309	train	178
train_9310	train	99
train_9311	train	89
train_9312	train	99
train_9313	train	413
train_9314	train	298
train_9315	train	185
train_9316	train	155
train_9317	train	14
train_9318	train	31
train_9319	train	215
train_9320	train	287
train_9321	train	125
train_9322	train	141
train_9323	train	18
train_9324	train	6
train_9325	train	397
train_9326	train	381
train_9327	train	46
train_9328	train	68
train_9329	train	305
train_9330	train	7
train_9331	train	155
train_9332	train	364
train_9333	train	151
train_9334	train	83
train_9335	train	123
train_9336	train	73
train_9337	train	1
train_9338	train	21
train_9339	train	256
train_9340	train	151
train_9341	train	93
train_9342	train	89
train_9343	train	390
train_9344	train	158
train_9345	train	91
train_9346	train	56
train_9347	train	290
train_9348	train	337
train_9349	train	201
train_9350	train	311
train_9351	train	191
train_9352	train	2
train_9353	train	28
train_9354	train	319
train_9355	train	86
train_9356	train	104
train_9357	train	305
train_9358	train	34
train_9359	train	322
train_9360	train	188
train_9361	train	104
train_9362	train	277
train_9363	train	150
train_9364	train	62
train_9365	train	368
train_9366	train	79
train_9367	train	32
train_9368	train	394
train_9369	train	95
train_9370	train	327
train_9371	train	23
train_9372	train	355
train_9373	train	201
train_9374	train	277
train_9375	train	394
train_9376	train	122
train_9377	train	163
train_9378	train	10
train_9379	train	41
train_9380	train	213
train_9381	train	120
train_9382	train	275
train_9383	train	107
train_9384	train	95
train_9385	train	37
train_9386	train	174
train_9387	train	89
train_9388	train	241
train_9389	train	397
train_9390	train	34
train_9391	train	304
train_9392	train	86
train_9393	train	290
train_9394	train	125
train_9395	train	34
train_9396	train	83
train_9397	train	165
train_9398	train	166
train_9399	train	53
train_9400	train	204
train_9401	train	220
train_9402	train	61
train_9403	train	165
train_9404	train	41
train_9405	train	256
train_9406	train	356
train_9407	train	270
train_9408	train	34
train_9409	train	178
train_9410	train	185
train_9411	train	385
train_9412	train	310
train_9413	train	287
train_9414	train	65
train_9415	train	407
train_9416	train	62
train_9417	train	419
train_9418	train	49
train_9419	train	201
train_9420	train	400
train_9421	train	37
train_9422	train	240
train_9423	train	104
train_9424	train	70
train_9425	train	200
train_9426	train	133
train_9427	train	326
train_9428	train	67
train_9429	train	399
train_9430	train	360
train_9431	train	86
train_9432	train	236
train_9433	train	359
train_9434	train	32
train_9435	train	366
train_9436	train	107
train_9437	train	95
train_9438	train	18
train_9439	train	158
train_9440	train	68
train_9441	train	159
train_9442	train	208
train_9443	train	21
train_9444	train	84
train_9445	train	156
train_9446	train	119
train_9447	train	141
train_9448	train	270
train_9449	train	327
train_9450	train	204
train_9451	train	95
train_9452	train	17
train_9453	train	403
train_9454	train	356
train_9455	train	41
train_9456	train	335
train_9457	train	346
train_9458	train	1
train_9459	train	242
train_9460	train	302
train_9461	train	293
train_9462	train	235
train_9463	train	180
train_9464	train	335
train_9465	train	111
train_9466	train	150
train_9467	train	298
train_9468	train	20
train_9469	train	20
train_9470	train	75
train_9471	train	79
train_9472	train	67
train_9473	train	400
train_9474	train	242
train_9475	train	240
train_9476	train	84
train_9477	train	91
train_9478	train	159
train_9479	train	141
train_9480	train	138
train_9481	train	116
train_9482	train	400
train_9483	train	10
train_9484	train	61
train_9485	train	203
train_9486	train	23
train_9487	train	104
train_9488	train	184
train_9489	train	86
train_9490	train	67
train_9491	train	381
train_9492	train	366
train_9493	train	20
train_9494	train	397
train_9495	train	126
train_9496	train	348
train_9497	train	82
train_9498	train	99
train_9499	train	317
train_9500	train	154
train_9501	train	7
train_9502	train	49
train_9503	train	381
train_9504	train	56
train_9505	train	305
devel_0001	devel	316
devel_0002	devel	149
devel_0003	devel	72
devel_0004	devel	307
devel_0005	devel	57
devel_0006	devel	143
devel_0007	devel	100
devel_0008	devel	167
devel_0009	devel	131
devel_0010	devel	371
devel_0011	devel	44
devel_0012	devel	247
devel_0013	devel	140
devel_0014	devel	137
devel_0015	devel	238
devel_0016	devel	43
devel_0017	devel	108
devel_0018	devel	386
devel_0019	devel	26
devel_0020	devel	35
devel_0021	devel	233
devel_0022	devel	250
devel_0023	devel	227
devel_0024	devel	271
devel_0025	devel	221
devel_0026	devel	35
devel_0027	devel	283
devel_0028	devel	255
devel_0029	devel	78
devel_0030	devel	140
devel_0031	devel	148
devel_0032	devel	146
devel_0033	devel	221
devel_0034	devel	64
devel_0035	devel	210
devel_0036	devel	22
devel_0037	devel	4
devel_0038	devel	365
devel_0039	devel	128
devel_0040	devel	387
devel_0041	devel	320
devel_0042	devel	43
devel_0043	devel	42
devel_0044	devel	274
devel_0045	devel	132
devel_0046	devel	88
devel_0047	devel	164
devel_0048	devel	110
devel_0049	devel	273
devel_0050	devel	232
devel_0051	devel	81
devel_0052	devel	72
devel_0053	devel	218
devel_0054	devel	147
devel_0055	devel	380
devel_0056	devel	367
devel_0057	devel	268
devel_0058	devel	324
devel_0059	devel	114
devel_0060	devel	230
devel_0061	devel	129
devel_0062	devel	272
devel_0063	devel	343
devel_0064	devel	268
devel_0065	devel	135
devel_0066	devel	64
devel_0067	devel	296
devel_0068	devel	350
devel_0069	devel	47
devel_0070	devel	114
devel_0071	devel	50
devel_0072	devel	146
devel_0073	devel	320
devel_0074	devel	238
devel_0075	devel	11
devel_0076	devel	287
devel_0077	devel	50
devel_0078	devel	12
devel_0079	devel	52
devel_0080	devel	3
devel_0081	devel	199
devel_0082	devel	375
devel_0083	devel	98
devel_0084	devel	192
devel_0085	devel	179
devel_0086	devel	230
devel_0087	devel	36
devel_0088	devel	170
devel_0089	devel	139
devel_0090	devel	247
devel_0091	devel	50
devel_0092	devel	161
devel_0093	devel	261
devel_0094	devel	175
devel_0095	devel	22
devel_0096	devel	210
devel_0097	devel	140
devel_0098	devel	214
devel_0099	devel	42
devel_0100	devel	179
devel_0101	devel	128
devel_0102	devel	167
devel_0103	devel	146
devel_0104	devel	186
devel_0105	devel	16
devel_0106	devel	227
devel_0107	devel	222
devel_0108	devel	88
devel_0109	devel	57
devel_0110	devel	232
devel_0111	devel	243
devel_0112	devel	161
devel_0113	devel	47
devel_0114	devel	227
devel_0115	devel	29
devel_0116	devel	124
devel_0117	devel	54
devel_0118	devel	406
devel_0119	devel	365
devel_0120	devel	9
devel_0121	devel	15
devel_0122	devel	396
devel_0123	devel	149
devel_0124	devel	387
devel_0125	devel	301
devel_0126	devel	114
devel_0127	devel	218
devel_0128	devel	106
devel_0129	devel	264
devel_0130	devel	38
devel_0131	devel	103
devel_0132	devel	314
devel_0133	devel	35
devel_0134	devel	25
devel_0135	devel	370
devel_0136	devel	140
devel_0137	devel	347
devel_0138	devel	184
devel_0139	devel	169
devel_0140	devel	352
devel_0141	devel	195
devel_0142	devel	251
devel_0143	devel	51
devel_0144	devel	417
devel_0145	devel	164
devel_0146	devel	51
devel_0147	devel	64
devel_0148	devel	229
devel_0149	devel	42
devel_0150	devel	212
devel_0151	devel	71
devel_0152	devel	186
devel_0153	devel	42
devel_0154	devel	164
devel_0155	devel	16
devel_0156	devel	35
devel_0157	devel	362
devel_0158	devel	285
devel_0159	devel	8
devel_0160	devel	103
devel_0161	devel	96
devel_0162	devel	131
devel_0163	devel	92
devel_0164	devel	283
devel_0165	devel	110
devel_0166	devel	367
devel_0167	devel	230
devel_0168	devel	87
devel_0169	devel	137
devel_0170	devel	410
devel_0171	devel	367
devel_0172	devel	284
devel_0173	devel	147
devel_0174	devel	238
devel_0175	devel	131
devel_0176	devel	320
devel_0177	devel	221
devel_0178	devel	81
devel_0179	devel	250
devel_0180	devel	221
devel_0181	devel	148
devel_0182	devel	50
devel_0183	devel	132
devel_0184	devel	140
devel_0185	devel	320
devel_0186	devel	139
devel_0187	devel	388
devel_0188	devel	25
devel_0189	devel	234
devel_0190	devel	186
devel_0191	devel	147
devel_0192	devel	334
devel_0193	devel	96
devel_0194	devel	390
devel_0195	devel	39
devel_0196	devel	71
devel_0197	devel	202
devel_0198	devel	131
devel_0199	devel	283
devel_0200	devel	273
devel_0201	devel	299
devel_0202	devel	11
devel_0203	devel	131
devel_0204	devel	103
devel_0205	devel	72
devel_0206	devel	250
devel_0207	devel	71
devel_0208	devel	410
devel_0209	devel	108
devel_0210	devel	0
devel_0211	devel	96
devel_0212	devel	312
devel_0213	devel	90
devel_0214	devel	153
devel_0215	devel	274
devel_0216	devel	22
devel_0217	devel	192
devel_0218	devel	103
devel_0219	devel	342
devel_0220	devel	371
devel_0221	devel	124
devel_0222	devel	129
devel_0223	devel	234
devel_0224	devel	196
devel_0225	devel	223
devel_0226	devel	39
devel_0227	devel	169
devel_0228	devel	363
devel_0229	devel	132
devel_0230	devel	212
devel_0231	devel	409
devel_0232	devel	148
devel_0233	devel	214
devel_0234	devel	324
devel_0235	devel	167
devel_0236	devel	148
devel_0237	devel	269
devel_0238	devel	250
devel_0239	devel	260
devel_0240	devel	264
devel_0241	devel	44
devel_0242	devel	169
devel_0243	devel	398
devel_0244	devel	132
devel_0245	devel	103
devel_0246	devel	98
devel_0247	devel	386
devel_0248	devel	146
devel_0249	devel	81
devel_0250	devel	398
devel_0251	devel	11
devel_0252	devel	387
devel_0253	devel	250
devel_0254	devel	266
devel_0255	devel	128
devel_0256	devel	94
devel_0257	devel	380
devel_0258	devel	363
devel_0259	devel	380
devel_0260	devel	230
devel_0261	devel	135
devel_0262	devel	143
devel_0263	devel	128
devel_0264	devel	370
devel_0265	devel	251
devel_0266	devel	334
devel_0267	devel	307
devel_0268	devel	114
devel_0269	devel	284
devel_0270	devel	145
devel_0271	devel	29
devel_0272	devel	152
devel_0273	devel	24
devel_0274	devel	223
devel_0275	devel	35
devel_0276	devel	246
devel_0277	devel	363
devel_0278	devel	98
devel_0279	devel	380
devel_0280	devel	234
devel_0281	devel	43
devel_0282	devel	114
devel_0283	devel	169
devel_0284	devel	212
devel_0285	devel	90
devel_0286	devel	234
devel_0287	devel	343
devel_0288	devel	35
devel_0289	devel	69
devel_0290	devel	205
devel_0291	devel	121
devel_0292	devel	269
devel_0293	devel	273
devel_0294	devel	153
devel_0295	devel	190
devel_0296	devel	186
devel_0297	devel	43
devel_0298	devel	8
devel_0299	devel	124
devel_0300	devel	29
devel_0301	devel	316
devel_0302	devel	390
devel_0303	devel	13
devel_0304	devel	367
devel_0305	devel	367
devel_0306	devel	276
devel_0307	devel	264
devel_0308	devel	398
devel_0309	devel	222
devel_0310	devel	16
devel_0311	devel	131
devel_0312	devel	250
devel_0313	devel	198
devel_0314	devel	128
devel_0315	devel	238
devel_0316	devel	163
devel_0317	devel	226
devel_0318	devel	148
devel_0319	devel	222
devel_0320	devel	96
devel_0321	devel	221
devel_0322	devel	409
devel_0323	devel	328
devel_0324	devel	161
devel_0325	devel	199
devel_0326	devel	117
devel_0327	devel	64
devel_0328	devel	294
devel_0329	devel	128
devel_0330	devel	136
devel_0331	devel	132
devel_0332	devel	272
devel_0333	devel	51
devel_0334	devel	110
devel_0335	devel	195
devel_0336	devel	179
devel_0337	devel	325
devel_0338	devel	131
devel_0339	devel	39
devel_0340	devel	128
devel_0341	devel	192
devel_0342	devel	81
devel_0343	devel	96
devel_0344	devel	108
devel_0345	devel	411
devel_0346	devel	98
devel_0347	devel	57
devel_0348	devel	334
devel_0349	devel	328
devel_0350	devel	47
devel_0351	devel	201
devel_0352	devel	299
devel_0353	devel	331
devel_0354	devel	87
devel_0355	devel	54
devel_0356	devel	388
devel_0357	devel	375
devel_0358	devel	316
devel_0359	devel	110
devel_0360	devel	370
devel_0361	devel	406
devel_0362	devel	171
devel_0363	devel	11
devel_0364	devel	50
devel_0365	devel	118
devel_0366	devel	279
devel_0367	devel	78
devel_0368	devel	136
devel_0369	devel	147
devel_0370	devel	312
devel_0371	devel	129
devel_0372	devel	44
devel_0373	devel	130
devel_0374	devel	3
devel_0375	devel	64
devel_0376	devel	212
devel_0377	devel	295
devel_0378	devel	139
devel_0379	devel	96
devel_0380	devel	47
devel_0381	devel	11
devel_0382	devel	140
devel_0383	devel	274
devel_0384	devel	94
devel_0385	devel	88
devel_0386	devel	92
devel_0387	devel	143
devel_0388	devel	250
devel_0389	devel	250
devel_0390	devel	412
devel_0391	devel	94
devel_0392	devel	384
devel_0393	devel	124
devel_0394	devel	410
devel_0395	devel	128
devel_0396	devel	43
devel_0397	devel	94
devel_0398	devel	289
devel_0399	devel	136
devel_0400	devel	11
devel_0401	devel	148
devel_0402	devel	164
devel_0403	devel	8
devel_0404	devel	5
devel_0405	devel	267
devel_0406	devel	11
devel_0407	devel	81
devel_0408	devel	345
devel_0409	devel	121
devel_0410	devel	312
devel_0411	devel	108
devel_0412	devel	190
devel_0413	devel	42
devel_0414	devel	183
devel_0415	devel	110
devel_0416	devel	380
devel_0417	devel	171
devel_0418	devel	332
devel_0419	devel	35
devel_0420	devel	183
devel_0421	devel	238
devel_0422	devel	409
devel_0423	devel	145
devel_0424	devel	380
devel_0425	devel	161
devel_0426	devel	129
devel_0427	devel	383
devel_0428	devel	171
devel_0429	devel	55
devel_0430	devel	136
devel_0431	devel	338
devel_0432	devel	232
devel_0433	devel	415
devel_0434	devel	44
devel_0435	devel	290
devel_0436	devel	117
devel_0437	devel	44
devel_0438	devel	98
devel_0439	devel	106
devel_0440	devel	9
devel_0441	devel	312
devel_0442	devel	78
devel_0443	devel	283
devel_0444	devel	255
devel_0445	devel	183
devel_0446	devel	347
devel_0447	devel	139
devel_0448	devel	8
devel_0449	devel	55
devel_0450	devel	244
devel_0451	devel	87
devel_0452	devel	295
devel_0453	devel	272
devel_0454	devel	42
devel_0455	devel	19
devel_0456	devel	105
devel_0457	devel	47
devel_0458	devel	294
devel_0459	devel	42
devel_0460	devel	47
devel_0461	devel	221
devel_0462	devel	130
devel_0463	devel	146
devel_0464	devel	341
devel_0465	devel	81
devel_0466	devel	129
devel_0467	devel	414
devel_0468	devel	69
devel_0469	devel	363
devel_0470	devel	130
devel_0471	devel	132
devel_0472	devel	167
devel_0473	devel	108
devel_0474	devel	78
devel_0475	devel	143
devel_0476	devel	392
devel_0477	devel	218
devel_0478	devel	132
devel_0479	devel	341
devel_0480	devel	25
devel_0481	devel	384
devel_0482	devel	260
devel_0483	devel	100
devel_0484	devel	373
devel_0485	devel	118
devel_0486	devel	294
devel_0487	devel	15
devel_0488	devel	391
devel_0489	devel	316
devel_0490	devel	342
devel_0491	devel	98
devel_0492	devel	284
devel_0493	devel	227
devel_0494	devel	375
devel_0495	devel	98
devel_0496	devel	379
devel_0497	devel	100
devel_0498	devel	269
devel_0499	devel	177
devel_0500	devel	266
devel_0501	devel	373
devel_0502	devel	98
devel_0503	devel	87
devel_0504	devel	382
devel_0505	devel	148
devel_0506	devel	280
devel_0507	devel	98
devel_0508	devel	36
devel_0509	devel	260
devel_0510	devel	148
devel_0511	devel	161
devel_0512	devel	314
devel_0513	devel	202
devel_0514	devel	128
devel_0515	devel	250
devel_0516	devel	130
devel_0517	devel	78
devel_0518	devel	269
devel_0519	devel	267
devel_0520	devel	371
devel_0521	devel	276
devel_0522	devel	124
devel_0523	devel	118
devel_0524	devel	149
devel_0525	devel	43
devel_0526	devel	202
devel_0527	devel	194
devel_0528	devel	370
devel_0529	devel	210
devel_0530	devel	281
devel_0531	devel	190
devel_0532	devel	80
devel_0533	devel	143
devel_0534	devel	29
devel_0535	devel	211
devel_0536	devel	390
devel_0537	devel	8
devel_0538	devel	175
devel_0539	devel	334
devel_0540	devel	206
devel_0541	devel	152
devel_0542	devel	153
devel_0543	devel	11
devel_0544	devel	195
devel_0545	devel	252
devel_0546	devel	137
devel_0547	devel	64
devel_0548	devel	325
devel_0549	devel	121
devel_0550	devel	8
devel_0551	devel	47
devel_0552	devel	132
devel_0553	devel	136
devel_0554	devel	114
devel_0555	devel	44
devel_0556	devel	264
devel_0557	devel	69
devel_0558	devel	192
devel_0559	devel	269
devel_0560	devel	69
devel_0561	devel	314
devel_0562	devel	117
devel_0563	devel	283
devel_0564	devel	103
devel_0565	devel	149
devel_0566	devel	267
devel_0567	devel	69
devel_0568	devel	50
devel_0569	devel	140
devel_0570	devel	339
devel_0571	devel	311
devel_0572	devel	54
devel_0573	devel	260
devel_0574	devel	117
devel_0575	devel	15
devel_0576	devel	110
devel_0577	devel	128
devel_0578	devel	19
devel_0579	devel	60
devel_0580	devel	145
devel_0581	devel	334
devel_0582	devel	106
devel_0583	devel	50
devel_0584	devel	392
devel_0585	devel	307
devel_0586	devel	296
devel_0587	devel	206
devel_0588	devel	131
devel_0589	devel	272
devel_0590	devel	314
devel_0591	devel	229
devel_0592	devel	22
devel_0593	devel	202
devel_0594	devel	137
devel_0595	devel	54
devel_0596	devel	357
devel_0597	devel	110
devel_0598	devel	98
devel_0599	devel	343
devel_0600	devel	233
devel_0601	devel	152
devel_0602	devel	55
devel_0603	devel	90
devel_0604	devel	42
devel_0605	devel	175
devel_0606	devel	169
devel_0607	devel	265
devel_0608	devel	121
devel_0609	devel	38
devel_0610	devel	265
devel_0611	devel	92
devel_0612	devel	140
devel_0613	devel	129
devel_0614	devel	60
devel_0615	devel	36
devel_0616	devel	357
devel_0617	devel	52
devel_0618	devel	367
devel_0619	devel	72
devel_0620	devel	273
devel_0621	devel	108
devel_0622	devel	51
devel_0623	devel	272
devel_0624	devel	88
devel_0625	devel	226
devel_0626	devel	87
devel_0627	devel	175
devel_0628	devel	128
devel_0629	devel	4
devel_0630	devel	4
devel_0631	devel	279
devel_0632	devel	118
devel_0633	devel	199
devel_0634	devel	251
devel_0635	devel	103
devel_0636	devel	412
devel_0637	devel	88
devel_0638	devel	51
devel_0639	devel	69
devel_0640	devel	205
devel_0641	devel	47
devel_0642	devel	25
devel_0643	devel	199
devel_0644	devel	252
devel_0645	devel	252
devel_0646	devel	22
devel_0647	devel	147
devel_0648	devel	72
devel_0649	devel	169
devel_0650	devel	325
devel_0651	devel	254
devel_0652	devel	243
devel_0653	devel	90
devel_0654	devel	177
devel_0655	devel	234
devel_0656	devel	390
devel_0657	devel	392
devel_0658	devel	87
devel_0659	devel	108
devel_0660	devel	391
devel_0661	devel	117
devel_0662	devel	341
devel_0663	devel	50
devel_0664	devel	274
devel_0665	devel	176
devel_0666	devel	115
devel_0667	devel	370
devel_0668	devel	50
devel_0669	devel	260
devel_0670	devel	342
devel_0671	devel	391
devel_0672	devel	132
devel_0673	devel	55
devel_0674	devel	254
devel_0675	devel	199
devel_0676	devel	192
devel_0677	devel	284
devel_0678	devel	121
devel_0679	devel	199
devel_0680	devel	146
devel_0681	devel	169
devel_0682	devel	12
devel_0683	devel	276
devel_0684	devel	143
devel_0685	devel	109
devel_0686	devel	92
devel_0687	devel	161
devel_0688	devel	264
devel_0689	devel	269
devel_0690	devel	4
devel_0691	devel	190
devel_0692	devel	382
devel_0693	devel	24
devel_0694	devel	146
devel_0695	devel	375
devel_0696	devel	357
devel_0697	devel	9
devel_0698	devel	143
devel_0699	devel	272
devel_0700	devel	98
devel_0701	devel	139
devel_0702	devel	94
devel_0703	devel	47
devel_0704	devel	343
devel_0705	devel	64
devel_0706	devel	109
devel_0707	devel	11
devel_0708	devel	320
devel_0709	devel	410
devel_0710	devel	199
devel_0711	devel	0
devel_0712	devel	36
devel_0713	devel	169
devel_0714	devel	117
devel_0715	devel	199
devel_0716	devel	146
devel_0717	devel	5
devel_0718	devel	264
devel_0719	devel	171
devel_0720	devel	411
devel_0721	devel	382
devel_0722	devel	362
devel_0723	devel	8
devel_0724	devel	338
devel_0725	devel	36
devel_0726	devel	43
devel_0727	devel	339
devel_0728	devel	4
devel_0729	devel	299
devel_0730	devel	103
devel_0731	devel	301
devel_0732	devel	50
devel_0733	devel	342
devel_0734	devel	25
devel_0735	devel	332
devel_0736	devel	396
devel_0737	devel	332
devel_0738	devel	299
devel_0739	devel	192
devel_0740	devel	328
devel_0741	devel	12
devel_0742	devel	285
devel_0743	devel	290
devel_0744	devel	128
devel_0745	devel	94
devel_0746	devel	362
devel_0747	devel	384
devel_0748	devel	110
devel_0749	devel	124
devel_0750	devel	391
devel_0751	devel	274
devel_0752	devel	266
devel_0753	devel	209
devel_0754	devel	50
devel_0755	devel	371
devel_0756	devel	130
devel_0757	devel	94
devel_0758	devel	146
devel_0759	devel	146
devel_0760	devel	143
devel_0761	devel	35
devel_0762	devel	169
devel_0763	devel	247
devel_0764	devel	314
devel_0765	devel	146
devel_0766	devel	44
devel_0767	devel	146
devel_0768	devel	51
devel_0769	devel	114
devel_0770	devel	266
devel_0771	devel	80
devel_0772	devel	247
devel_0773	devel	246
devel_0774	devel	35
devel_0775	devel	271
devel_0776	devel	171
devel_0777	devel	250
devel_0778	devel	78
devel_0779	devel	262
devel_0780	devel	265
devel_0781	devel	276
devel_0782	devel	345
devel_0783	devel	384
devel_0784	devel	81
devel_0785	devel	284
devel_0786	devel	411
devel_0787	devel	195
devel_0788	devel	311
devel_0789	devel	316
devel_0790	devel	339
devel_0791	devel	90
devel_0792	devel	108
devel_0793	devel	3
devel_0794	devel	81
devel_0795	devel	129
devel_0796	devel	114
devel_0797	devel	227
devel_0798	devel	267
devel_0799	devel	57
devel_0800	devel	250
devel_0801	devel	186
devel_0802	devel	19
devel_0803	devel	271
devel_0804	devel	212
devel_0805	devel	129
devel_0806	devel	320
devel_0807	devel	106
devel_0808	devel	100
devel_0809	devel	149
devel_0810	devel	171
devel_0811	devel	370
devel_0812	devel	380
devel_0813	devel	261
devel_0814	devel	273
devel_0815	devel	4
devel_0816	devel	78
devel_0817	devel	250
devel_0818	devel	311
devel_0819	devel	190
devel_0820	devel	328
devel_0821	devel	132
devel_0822	devel	312
devel_0823	devel	94
devel_0824	devel	285
devel_0825	devel	227
devel_0826	devel	147
devel_0827	devel	238
devel_0828	devel	152
devel_0829	devel	47
devel_0830	devel	98
devel_0831	devel	35
devel_0832	devel	124
devel_0833	devel	264
devel_0834	devel	284
devel_0835	devel	103
devel_0836	devel	206
devel_0837	devel	148
devel_0838	devel	218
devel_0839	devel	328
devel_0840	devel	131
devel_0841	devel	137
devel_0842	devel	276
devel_0843	devel	78
devel_0844	devel	148
devel_0845	devel	90
devel_0846	devel	94
devel_0847	devel	4
devel_0848	devel	54
devel_0849	devel	201
devel_0850	devel	118
devel_0851	devel	140
devel_0852	devel	47
devel_0853	devel	202
devel_0854	devel	19
devel_0855	devel	190
devel_0856	devel	384
devel_0857	devel	308
devel_0858	devel	88
devel_0859	devel	380
devel_0860	devel	139
devel_0861	devel	96
devel_0862	devel	223
devel_0863	devel	338
devel_0864	devel	105
devel_0865	devel	44
devel_0866	devel	246
devel_0867	devel	360
devel_0868	devel	24
devel_0869	devel	281
devel_0870	devel	190
devel_0871	devel	146
devel_0872	devel	8
devel_0873	devel	314
devel_0874	devel	170
devel_0875	devel	276
devel_0876	devel	167
devel_0877	devel	147
devel_0878	devel	266
devel_0879	devel	42
devel_0880	devel	299
devel_0881	devel	250
devel_0882	devel	375
devel_0883	devel	137
devel_0884	devel	284
devel_0885	devel	179
devel_0886	devel	39
devel_0887	devel	105
devel_0888	devel	22
devel_0889	devel	212
devel_0890	devel	334
devel_0891	devel	209
devel_0892	devel	284
devel_0893	devel	225
devel_0894	devel	306
devel_0895	devel	137
devel_0896	devel	371
devel_0897	devel	206
devel_0898	devel	341
devel_0899	devel	243
devel_0900	devel	167
devel_0901	devel	209
devel_0902	devel	294
devel_0903	devel	226
devel_0904	devel	320
devel_0905	devel	340
devel_0906	devel	64
devel_0907	devel	411
devel_0908	devel	296
devel_0909	devel	301
devel_0910	devel	42
devel_0911	devel	139
devel_0912	devel	90
devel_0913	devel	392
devel_0914	devel	287
devel_0915	devel	412
devel_0916	devel	396
devel_0917	devel	370
devel_0918	devel	211
devel_0919	devel	81
devel_0920	devel	25
devel_0921	devel	139
devel_0922	devel	375
devel_0923	devel	375
devel_0924	devel	42
devel_0925	devel	132
devel_0926	devel	198
devel_0927	devel	47
devel_0928	devel	279
devel_0929	devel	145
devel_0930	devel	64
devel_0931	devel	362
devel_0932	devel	360
devel_0933	devel	128
devel_0934	devel	411
devel_0935	devel	117
devel_0936	devel	103
devel_0937	devel	9
devel_0938	devel	186
devel_0939	devel	22
devel_0940	devel	244
devel_0941	devel	164
devel_0942	devel	43
devel_0943	devel	214
devel_0944	devel	149
devel_0945	devel	179
devel_0946	devel	398
devel_0947	devel	43
devel_0948	devel	272
devel_0949	devel	227
devel_0950	devel	195
devel_0951	devel	148
devel_0952	devel	363
devel_0953	devel	219
devel_0954	devel	96
devel_0955	devel	280
devel_0956	devel	222
devel_0957	devel	218
devel_0958	devel	388
devel_0959	devel	36
devel_0960	devel	148
devel_0961	devel	78
devel_0962	devel	33
devel_0963	devel	281
devel_0964	devel	153
devel_0965	devel	152
devel_0966	devel	387
devel_0967	devel	192
devel_0968	devel	50
devel_0969	devel	129
devel_0970	devel	4
devel_0971	devel	47
devel_0972	devel	170
devel_0973	devel	325
devel_0974	devel	284
devel_0975	devel	344
devel_0976	devel	233
devel_0977	devel	114
devel_0978	devel	414
devel_0979	devel	80
devel_0980	devel	195
devel_0981	devel	334
devel_0982	devel	69
devel_0983	devel	38
devel_0984	devel	98
devel_0985	devel	179
devel_0986	devel	250
devel_0987	devel	324
devel_0988	devel	350
devel_0989	devel	108
devel_0990	devel	375
devel_0991	devel	50
devel_0992	devel	78
devel_0993	devel	57
devel_0994	devel	307
devel_0995	devel	202
devel_0996	devel	411
devel_0997	devel	415
devel_0998	devel	328
devel_0999	devel	226
devel_1000	devel	238
devel_1001	devel	384
devel_1002	devel	391
devel_1003	devel	88
devel_1004	devel	398
devel_1005	devel	92
devel_1006	devel	283
devel_1007	devel	121
devel_1008	devel	179
devel_1009	devel	367
devel_1010	devel	296
devel_1011	devel	232
devel_1012	devel	132
devel_1013	devel	198
devel_1014	devel	57
devel_1015	devel	55
devel_1016	devel	9
devel_1017	devel	273
devel_1018	devel	294
devel_1019	devel	8
devel_1020	devel	118
devel_1021	devel	22
devel_1022	devel	143
devel_1023	devel	108
devel_1024	devel	232
devel_1025	devel	178
devel_1026	devel	210
devel_1027	devel	410
devel_1028	devel	194
devel_1029	devel	299
devel_1030	devel	57
devel_1031	devel	114
devel_1032	devel	117
devel_1033	devel	22
devel_1034	devel	383
devel_1035	devel	87
devel_1036	devel	392
devel_1037	devel	50
devel_1038	devel	169
devel_1039	devel	283
devel_1040	devel	175
devel_1041	devel	290
devel_1042	devel	246
devel_1043	devel	25
devel_1044	devel	175
devel_1045	devel	212
devel_1046	devel	210
devel_1047	devel	167
devel_1048	devel	276
devel_1049	devel	230
devel_1050	devel	149
devel_1051	devel	227
devel_1052	devel	39
devel_1053	devel	12
devel_1054	devel	412
devel_1055	devel	192
devel_1056	devel	132
devel_1057	devel	124
devel_1058	devel	57
devel_1059	devel	343
devel_1060	devel	146
devel_1061	devel	24
devel_1062	devel	339
devel_1063	devel	387
devel_1064	devel	71
devel_1065	devel	11
devel_1066	devel	306
devel_1067	devel	148
devel_1068	devel	269
devel_1069	devel	244
devel_1070	devel	110
devel_1071	devel	25
devel_1072	devel	171
devel_1073	devel	177
devel_1074	devel	252
devel_1075	devel	51
devel_1076	devel	262
devel_1077	devel	198
devel_1078	devel	284
devel_1079	devel	3
devel_1080	devel	344
devel_1081	devel	131
devel_1082	devel	281
devel_1083	devel	136
devel_1084	devel	64
devel_1085	devel	233
devel_1086	devel	214
devel_1087	devel	230
devel_1088	devel	341
devel_1089	devel	117
devel_1090	devel	202
devel_1091	devel	161
devel_1092	devel	96
devel_1093	devel	212
devel_1094	devel	110
devel_1095	devel	161
devel_1096	devel	370
devel_1097	devel	214
devel_1098	devel	186
devel_1099	devel	314
devel_1100	devel	261
devel_1101	devel	110
devel_1102	devel	375
devel_1103	devel	161
devel_1104	devel	226
devel_1105	devel	164
devel_1106	devel	398
devel_1107	devel	272
devel_1108	devel	47
devel_1109	devel	252
devel_1110	devel	0
devel_1111	devel	135
devel_1112	devel	311
devel_1113	devel	90
devel_1114	devel	289
devel_1115	devel	308
devel_1116	devel	247
devel_1117	devel	186
devel_1118	devel	19
devel_1119	devel	202
devel_1120	devel	280
devel_1121	devel	52
devel_1122	devel	323
devel_1123	devel	343
devel_1124	devel	47
devel_1125	devel	209
devel_1126	devel	124
devel_1127	devel	170
devel_1128	devel	262
devel_1129	devel	379
devel_1130	devel	229
devel_1131	devel	121
devel_1132	devel	308
devel_1133	devel	71
devel_1134	devel	22
devel_1135	devel	321
devel_1136	devel	81
devel_1137	devel	9
devel_1138	devel	5
devel_1139	devel	227
devel_1140	devel	140
devel_1141	devel	47
devel_1142	devel	274
devel_1143	devel	78
devel_1144	devel	198
devel_1145	devel	117
devel_1146	devel	115
devel_1147	devel	338
devel_1148	devel	301
devel_1149	devel	139
devel_1150	devel	214
devel_1151	devel	145
devel_1152	devel	343
devel_1153	devel	124
devel_1154	devel	362
devel_1155	devel	140
devel_1156	devel	194
devel_1157	devel	60
devel_1158	devel	210
devel_1159	devel	29
devel_1160	devel	132
devel_1161	devel	284
devel_1162	devel	360
devel_1163	devel	192
devel_1164	devel	216
devel_1165	devel	232
devel_1166	devel	128
devel_1167	devel	179
devel_1168	devel	272
devel_1169	devel	281
devel_1170	devel	22
devel_1171	devel	226
devel_1172	devel	43
devel_1173	devel	78
devel_1174	devel	247
devel_1175	devel	410
devel_1176	devel	103
devel_1177	devel	262
devel_1178	devel	209
devel_1179	devel	148
devel_1180	devel	233
devel_1181	devel	42
devel_1182	devel	370
devel_1183	devel	128
devel_1184	devel	87
devel_1185	devel	268
devel_1186	devel	161
devel_1187	devel	343
devel_1188	devel	3
devel_1189	devel	251
devel_1190	devel	294
devel_1191	devel	320
devel_1192	devel	69
devel_1193	devel	175
devel_1194	devel	238
devel_1195	devel	11
devel_1196	devel	179
devel_1197	devel	140
devel_1198	devel	8
devel_1199	devel	363
devel_1200	devel	244
devel_1201	devel	284
devel_1202	devel	140
devel_1203	devel	121
devel_1204	devel	3
devel_1205	devel	128
devel_1206	devel	47
devel_1207	devel	171
devel_1208	devel	161
devel_1209	devel	370
devel_1210	devel	47
devel_1211	devel	81
devel_1212	devel	254
devel_1213	devel	261
devel_1214	devel	190
devel_1215	devel	16
devel_1216	devel	170
devel_1217	devel	280
devel_1218	devel	238
devel_1219	devel	108
devel_1220	devel	221
devel_1221	devel	164
devel_1222	devel	19
devel_1223	devel	124
devel_1224	devel	272
devel_1225	devel	192
devel_1226	devel	179
devel_1227	devel	341
devel_1228	devel	71
devel_1229	devel	8
devel_1230	devel	221
devel_1231	devel	78
devel_1232	devel	334
devel_1233	devel	279
devel_1234	devel	371
devel_1235	devel	137
devel_1236	devel	47
devel_1237	devel	409
devel_1238	devel	121
devel_1239	devel	325
devel_1240	devel	269
devel_1241	devel	4
devel_1242	devel	250
devel_1243	devel	136
devel_1244	devel	226
devel_1245	devel	90
devel_1246	devel	177
devel_1247	devel	244
devel_1248	devel	77
devel_1249	devel	390
devel_1250	devel	186
devel_1251	devel	209
devel_1252	devel	94
devel_1253	devel	139
devel_1254	devel	129
devel_1255	devel	332
devel_1256	devel	255
devel_1257	devel	390
devel_1258	devel	147
devel_1259	devel	60
devel_1260	devel	54
devel_1261	devel	380
devel_1262	devel	206
devel_1263	devel	316
devel_1264	devel	243
devel_1265	devel	216
devel_1266	devel	152
devel_1267	devel	352
devel_1268	devel	254
devel_1269	devel	388
devel_1270	devel	51
devel_1271	devel	106
devel_1272	devel	320
devel_1273	devel	47
devel_1274	devel	279
devel_1275	devel	44
devel_1276	devel	211
devel_1277	devel	324
devel_1278	devel	343
devel_1279	devel	273
devel_1280	devel	98
devel_1281	devel	392
devel_1282	devel	4
devel_1283	devel	9
devel_1284	devel	147
devel_1285	devel	284
devel_1286	devel	161
devel_1287	devel	195
devel_1288	devel	130
devel_1289	devel	273
devel_1290	devel	198
devel_1291	devel	226
devel_1292	devel	8
devel_1293	devel	146
devel_1294	devel	26
devel_1295	devel	390
devel_1296	devel	246
devel_1297	devel	149
devel_1298	devel	118
devel_1299	devel	316
devel_1300	devel	130
devel_1301	devel	250
devel_1302	devel	255
devel_1303	devel	279
devel_1304	devel	344
devel_1305	devel	289
devel_1306	devel	398
devel_1307	devel	50
devel_1308	devel	199
devel_1309	devel	110
devel_1310	devel	52
devel_1311	devel	388
devel_1312	devel	47
devel_1313	devel	316
devel_1314	devel	252
devel_1315	devel	301
devel_1316	devel	26
devel_1317	devel	108
devel_1318	devel	250
devel_1319	devel	194
devel_1320	devel	43
devel_1321	devel	131
devel_1322	devel	78
devel_1323	devel	169
devel_1324	devel	391
devel_1325	devel	373
devel_1326	devel	273
devel_1327	devel	130
devel_1328	devel	77
devel_1329	devel	9
devel_1330	devel	412
devel_1331	devel	272
devel_1332	devel	149
devel_1333	devel	356
devel_1334	devel	118
devel_1335	devel	50
devel_1336	devel	261
devel_1337	devel	81
devel_1338	devel	147
devel_1339	devel	328
devel_1340	devel	261
devel_1341	devel	283
devel_1342	devel	410
devel_1343	devel	324
devel_1344	devel	221
devel_1345	devel	221
devel_1346	devel	25
devel_1347	devel	22
devel_1348	devel	100
devel_1349	devel	0
devel_1350	devel	60
devel_1351	devel	267
devel_1352	devel	296
devel_1353	devel	373
devel_1354	devel	314
devel_1355	devel	136
devel_1356	devel	409
devel_1357	devel	170
devel_1358	devel	284
devel_1359	devel	136
devel_1360	devel	29
devel_1361	devel	78
devel_1362	devel	316
devel_1363	devel	289
devel_1364	devel	9
devel_1365	devel	223
devel_1366	devel	128
devel_1367	devel	387
devel_1368	devel	87
devel_1369	devel	128
devel_1370	devel	387
devel_1371	devel	64
devel_1372	devel	55
devel_1373	devel	380
devel_1374	devel	78
devel_1375	devel	362
devel_1376	devel	269
devel_1377	devel	380
devel_1378	devel	81
devel_1379	devel	106
devel_1380	devel	269
devel_1381	devel	29
devel_1382	devel	22
devel_1383	devel	146
devel_1384	devel	124
devel_1385	devel	121
devel_1386	devel	260
devel_1387	devel	78
devel_1388	devel	190
devel_1389	devel	195
devel_1390	devel	276
devel_1391	devel	50
devel_1392	devel	251
devel_1393	devel	147
devel_1394	devel	299
devel_1395	devel	110
devel_1396	devel	415
devel_1397	devel	190
devel_1398	devel	148
devel_1399	devel	50
devel_1400	devel	296
devel_1401	devel	367
devel_1402	devel	386
devel_1403	devel	24
devel_1404	devel	136
devel_1405	devel	137
devel_1406	devel	60
devel_1407	devel	147
devel_1408	devel	344
devel_1409	devel	81
devel_1410	devel	19
devel_1411	devel	140
devel_1412	devel	370
devel_1413	devel	47
devel_1414	devel	36
devel_1415	devel	175
devel_1416	devel	246
devel_1417	devel	43
devel_1418	devel	308
devel_1419	devel	50
devel_1420	devel	183
devel_1421	devel	19
devel_1422	devel	398
devel_1423	devel	345
devel_1424	devel	140
devel_1425	devel	272
devel_1426	devel	78
devel_1427	devel	81
devel_1428	devel	332
devel_1429	devel	190
devel_1430	devel	103
devel_1431	devel	170
devel_1432	devel	69
devel_1433	devel	149
devel_1434	devel	81
devel_1435	devel	106
devel_1436	devel	406
devel_1437	devel	255
devel_1438	devel	383
devel_1439	devel	260
devel_1440	devel	44
devel_1441	devel	78
devel_1442	devel	132
devel_1443	devel	103
devel_1444	devel	205
devel_1445	devel	296
devel_1446	devel	375
devel_1447	devel	224
devel_1448	devel	108
devel_1449	devel	187
devel_1450	devel	341
devel_1451	devel	96
devel_1452	devel	332
devel_1453	devel	44
devel_1454	devel	250
devel_1455	devel	25
devel_1456	devel	186
devel_1457	devel	47
devel_1458	devel	250
devel_1459	devel	130
devel_1460	devel	136
devel_1461	devel	149
devel_1462	devel	161
devel_1463	devel	320
devel_1464	devel	205
devel_1465	devel	221
devel_1466	devel	190
devel_1467	devel	128
devel_1468	devel	121
devel_1469	devel	410
devel_1470	devel	5
devel_1471	devel	334
devel_1472	devel	24
devel_1473	devel	345
devel_1474	devel	206
devel_1475	devel	11
devel_1476	devel	307
devel_1477	devel	252
devel_1478	devel	344
devel_1479	devel	169
devel_1480	devel	202
devel_1481	devel	206
devel_1482	devel	343
devel_1483	devel	238
devel_1484	devel	50
devel_1485	devel	130
devel_1486	devel	352
devel_1487	devel	69
devel_1488	devel	78
devel_1489	devel	121
devel_1490	devel	367
devel_1491	devel	146
devel_1492	devel	148
devel_1493	devel	22
devel_1494	devel	283
devel_1495	devel	186
devel_1496	devel	131
devel_1497	devel	384
devel_1498	devel	328
devel_1499	devel	124
devel_1500	devel	219
devel_1501	devel	114
devel_1502	devel	47
devel_1503	devel	199
devel_1504	devel	370
devel_1505	devel	0
devel_1506	devel	19
devel_1507	devel	320
devel_1508	devel	88
devel_1509	devel	266
devel_1510	devel	152
devel_1511	devel	371
devel_1512	devel	132
devel_1513	devel	3
devel_1514	devel	81
devel_1515	devel	128
devel_1516	devel	371
devel_1517	devel	140
devel_1518	devel	193
devel_1519	devel	210
devel_1520	devel	139
devel_1521	devel	25
devel_1522	devel	43
devel_1523	devel	132
devel_1524	devel	268
devel_1525	devel	255
devel_1526	devel	192
devel_1527	devel	4
devel_1528	devel	367
devel_1529	devel	198
devel_1530	devel	96
devel_1531	devel	371
devel_1532	devel	233
devel_1533	devel	129
devel_1534	devel	117
devel_1535	devel	267
devel_1536	devel	387
devel_1537	devel	232
devel_1538	devel	273
devel_1539	devel	94
devel_1540	devel	42
devel_1541	devel	272
devel_1542	devel	340
devel_1543	devel	0
devel_1544	devel	284
devel_1545	devel	130
devel_1546	devel	88
devel_1547	devel	195
devel_1548	devel	190
devel_1549	devel	110
devel_1550	devel	130
devel_1551	devel	140
devel_1552	devel	223
devel_1553	devel	221
devel_1554	devel	284
devel_1555	devel	115
devel_1556	devel	195
devel_1557	devel	147
devel_1558	devel	131
devel_1559	devel	170
devel_1560	devel	334
devel_1561	devel	274
devel_1562	devel	210
devel_1563	devel	64
devel_1564	devel	334
devel_1565	devel	175
devel_1566	devel	276
devel_1567	devel	233
devel_1568	devel	386
devel_1569	devel	9
devel_1570	devel	320
devel_1571	devel	43
devel_1572	devel	255
devel_1573	devel	146
devel_1574	devel	384
devel_1575	devel	78
devel_1576	devel	179
devel_1577	devel	314
devel_1578	devel	42
devel_1579	devel	202
devel_1580	devel	71
devel_1581	devel	261
devel_1582	devel	88
devel_1583	devel	26
devel_1584	devel	202
devel_1585	devel	106
devel_1586	devel	81
devel_1587	devel	128
devel_1588	devel	218
devel_1589	devel	146
devel_1590	devel	96
devel_1591	devel	216
devel_1592	devel	22
devel_1593	devel	250
devel_1594	devel	209
devel_1595	devel	42
devel_1596	devel	69
devel_1597	devel	78
devel_1598	devel	332
devel_1599	devel	299
devel_1600	devel	29
devel_1601	devel	69
devel_1602	devel	202
devel_1603	devel	77
devel_1604	devel	78
devel_1605	devel	222
devel_1606	devel	341
devel_1607	devel	230
devel_1608	devel	341
devel_1609	devel	103
devel_1610	devel	352
devel_1611	devel	367
devel_1612	devel	232
devel_1613	devel	244
devel_1614	devel	98
devel_1615	devel	29
devel_1616	devel	177
devel_1617	devel	320
devel_1618	devel	11
devel_1619	devel	360
devel_1620	devel	274
devel_1621	devel	106
devel_1622	devel	283
devel_1623	devel	209
devel_1624	devel	412
devel_1625	devel	139
devel_1626	devel	340
devel_1627	devel	50
devel_1628	devel	306
devel_1629	devel	130
devel_1630	devel	87
devel_1631	devel	244
devel_1632	devel	352
devel_1633	devel	195
devel_1634	devel	254
devel_1635	devel	42
devel_1636	devel	281
devel_1637	devel	320
devel_1638	devel	279
devel_1639	devel	266
devel_1640	devel	221
devel_1641	devel	77
devel_1642	devel	78
devel_1643	devel	96
devel_1644	devel	255
devel_1645	devel	55
devel_1646	devel	383
devel_1647	devel	412
devel_1648	devel	295
devel_1649	devel	406
devel_1650	devel	202
devel_1651	devel	3
devel_1652	devel	244
devel_1653	devel	341
devel_1654	devel	29
devel_1655	devel	96
devel_1656	devel	324
devel_1657	devel	190
devel_1658	devel	92
devel_1659	devel	25
devel_1660	devel	108
devel_1661	devel	252
devel_1662	devel	147
devel_1663	devel	47
devel_1664	devel	254
devel_1665	devel	25
devel_1666	devel	145
devel_1667	devel	44
devel_1668	devel	276
devel_1669	devel	272
devel_1670	devel	265
devel_1671	devel	343
devel_1672	devel	284
devel_1673	devel	90
devel_1674	devel	26
devel_1675	devel	108
devel_1676	devel	147
devel_1677	devel	409
devel_1678	devel	90
devel_1679	devel	90
devel_1680	devel	225
devel_1681	devel	35
devel_1682	devel	145
devel_1683	devel	69
devel_1684	devel	195
devel_1685	devel	365
devel_1686	devel	129
devel_1687	devel	94
devel_1688	devel	269
devel_1689	devel	51
devel_1690	devel	132
devel_1691	devel	365
devel_1692	devel	72
devel_1693	devel	90
devel_1694	devel	281
devel_1695	devel	11
devel_1696	devel	414
devel_1697	devel	36
devel_1698	devel	169
devel_1699	devel	411
devel_1700	devel	103
devel_1701	devel	334
devel_1702	devel	285
devel_1703	devel	183
devel_1704	devel	214
devel_1705	devel	276
devel_1706	devel	251
devel_1707	devel	130
devel_1708	devel	47
devel_1709	devel	261
devel_1710	devel	363
devel_1711	devel	33
devel_1712	devel	167
devel_1713	devel	136
devel_1714	devel	117
devel_1715	devel	106
devel_1716	devel	227
devel_1717	devel	296
devel_1718	devel	210
devel_1719	devel	50
devel_1720	devel	103
devel_1721	devel	265
devel_1722	devel	43
devel_1723	devel	87
devel_1724	devel	190
devel_1725	devel	90
devel_1726	devel	269
devel_1727	devel	137
devel_1728	devel	147
devel_1729	devel	391
devel_1730	devel	96
devel_1731	devel	5
devel_1732	devel	360
devel_1733	devel	148
devel_1734	devel	250
devel_1735	devel	129
devel_1736	devel	355
devel_1737	devel	260
devel_1738	devel	238
devel_1739	devel	22
devel_1740	devel	146
devel_1741	devel	287
devel_1742	devel	132
devel_1743	devel	96
devel_1744	devel	9
devel_1745	devel	140
devel_1746	devel	186
devel_1747	devel	94
devel_1748	devel	36
devel_1749	devel	171
devel_1750	devel	147
devel_1751	devel	105
devel_1752	devel	87
devel_1753	devel	299
devel_1754	devel	148
devel_1755	devel	312
devel_1756	devel	143
devel_1757	devel	367
devel_1758	devel	55
devel_1759	devel	94
devel_1760	devel	105
devel_1761	devel	371
devel_1762	devel	280
devel_1763	devel	409
devel_1764	devel	148
devel_1765	devel	137
devel_1766	devel	287
devel_1767	devel	341
devel_1768	devel	64
devel_1769	devel	175
devel_1770	devel	105
devel_1771	devel	149
devel_1772	devel	118
devel_1773	devel	272
devel_1774	devel	54
devel_1775	devel	299
devel_1776	devel	117
devel_1777	devel	148
devel_1778	devel	199
devel_1779	devel	51
devel_1780	devel	299
devel_1781	devel	218
devel_1782	devel	29
devel_1783	devel	227
devel_1784	devel	360
devel_1785	devel	379
devel_1786	devel	9
devel_1787	devel	152
devel_1788	devel	370
devel_1789	devel	264
devel_1790	devel	130
devel_1791	devel	25
devel_1792	devel	343
devel_1793	devel	332
devel_1794	devel	362
devel_1795	devel	265
devel_1796	devel	262
devel_1797	devel	340
devel_1798	devel	110
devel_1799	devel	283
devel_1800	devel	25
devel_1801	devel	137
devel_1802	devel	352
devel_1803	devel	106
devel_1804	devel	143
devel_1805	devel	29
devel_1806	devel	379
devel_1807	devel	136
devel_1808	devel	331
devel_1809	devel	247
devel_1810	devel	139
devel_1811	devel	90
devel_1812	devel	362
devel_1813	devel	52
devel_1814	devel	78
devel_1815	devel	238
devel_1816	devel	276
devel_1817	devel	332
devel_1818	devel	370
devel_1819	devel	8
devel_1820	devel	43
devel_1821	devel	352
devel_1822	devel	96
devel_1823	devel	221
devel_1824	devel	332
devel_1825	devel	212
devel_1826	devel	365
devel_1827	devel	50
devel_1828	devel	334
devel_1829	devel	294
devel_1830	devel	410
devel_1831	devel	192
devel_1832	devel	143
devel_1833	devel	105
devel_1834	devel	367
devel_1835	devel	147
devel_1836	devel	92
devel_1837	devel	64
devel_1838	devel	287
devel_1839	devel	57
devel_1840	devel	250
devel_1841	devel	103
devel_1842	devel	148
devel_1843	devel	50
devel_1844	devel	52
devel_1845	devel	96
devel_1846	devel	276
devel_1847	devel	271
devel_1848	devel	117
devel_1849	devel	285
devel_1850	devel	251
devel_1851	devel	352
devel_1852	devel	147
devel_1853	devel	338
devel_1854	devel	94
devel_1855	devel	106
devel_1856	devel	345
devel_1857	devel	71
devel_1858	devel	92
devel_1859	devel	161
devel_1860	devel	363
devel_1861	devel	81
devel_1862	devel	36
devel_1863	devel	273
devel_1864	devel	192
devel_1865	devel	312
devel_1866	devel	118
devel_1867	devel	98
devel_1868	devel	87
devel_1869	devel	81
devel_1870	devel	130
devel_1871	devel	379
devel_1872	devel	244
devel_1873	devel	80
devel_1874	devel	124
devel_1875	devel	307
devel_1876	devel	195
devel_1877	devel	139
devel_1878	devel	3
devel_1879	devel	345
devel_1880	devel	96
devel_1881	devel	130
devel_1882	devel	117
devel_1883	devel	375
devel_1884	devel	287
devel_1885	devel	243
devel_1886	devel	149
devel_1887	devel	129
devel_1888	devel	386
devel_1889	devel	80
devel_1890	devel	55
devel_1891	devel	132
devel_1892	devel	170
devel_1893	devel	90
devel_1894	devel	360
devel_1895	devel	321
devel_1896	devel	54
devel_1897	devel	210
devel_1898	devel	230
devel_1899	devel	130
devel_1900	devel	410
devel_1901	devel	136
devel_1902	devel	8
devel_1903	devel	192
devel_1904	devel	148
devel_1905	devel	190
devel_1906	devel	90
devel_1907	devel	108
devel_1908	devel	3
devel_1909	devel	54
devel_1910	devel	94
devel_1911	devel	370
devel_1912	devel	218
devel_1913	devel	193
devel_1914	devel	136
devel_1915	devel	219
devel_1916	devel	167
devel_1917	devel	136
devel_1918	devel	223
devel_1919	devel	94
devel_1920	devel	35
devel_1921	devel	254
devel_1922	devel	257
devel_1923	devel	128
devel_1924	devel	92
devel_1925	devel	149
devel_1926	devel	296
devel_1927	devel	276
devel_1928	devel	77
devel_1929	devel	114
devel_1930	devel	146
devel_1931	devel	0
devel_1932	devel	44
devel_1933	devel	167
devel_1934	devel	117
devel_1935	devel	130
devel_1936	devel	266
devel_1937	devel	35
devel_1938	devel	229
devel_1939	devel	171
devel_1940	devel	209
devel_1941	devel	301
devel_1942	devel	276
devel_1943	devel	273
devel_1944	devel	145
devel_1945	devel	294
devel_1946	devel	130
devel_1947	devel	140
devel_1948	devel	255
devel_1949	devel	371
devel_1950	devel	47
devel_1951	devel	124
devel_1952	devel	78
devel_1953	devel	96
devel_1954	devel	106
devel_1955	devel	409
devel_1956	devel	92
devel_1957	devel	334
devel_1958	devel	252
devel_1959	devel	87
devel_1960	devel	192
devel_1961	devel	121
devel_1962	devel	262
devel_1963	devel	299
devel_1964	devel	221
devel_1965	devel	373
devel_1966	devel	118
devel_1967	devel	103
devel_1968	devel	147
devel_1969	devel	54
devel_1970	devel	69
devel_1971	devel	72
devel_1972	devel	121
devel_1973	devel	262
devel_1974	devel	47
devel_1975	devel	96
devel_1976	devel	257
devel_1977	devel	3
devel_1978	devel	3
devel_1979	devel	276
devel_1980	devel	250
devel_1981	devel	209
devel_1982	devel	0
devel_1983	devel	128
devel_1984	devel	148
devel_1985	devel	373
devel_1986	devel	71
devel_1987	devel	238
devel_1988	devel	334
devel_1989	devel	391
devel_1990	devel	281
devel_1991	devel	96
devel_1992	devel	96
devel_1993	devel	118
devel_1994	devel	171
devel_1995	devel	175
devel_1996	devel	26
devel_1997	devel	250
devel_1998	devel	98
devel_1999	devel	71
devel_2000	devel	118
devel_2001	devel	124
devel_2002	devel	22
devel_2003	devel	268
devel_2004	devel	344
devel_2005	devel	50
devel_2006	devel	129
devel_2007	devel	262
devel_2008	devel	139
devel_2009	devel	391
devel_2010	devel	72
devel_2011	devel	19
devel_2012	devel	339
devel_2013	devel	260
devel_2014	devel	152
devel_2015	devel	280
devel_2016	devel	98
devel_2017	devel	199
devel_2018	devel	190
devel_2019	devel	339
devel_2020	devel	221
devel_2021	devel	268
devel_2022	devel	171
devel_2023	devel	47
devel_2024	devel	90
devel_2025	devel	199
devel_2026	devel	164
devel_2027	devel	108
devel_2028	devel	328
devel_2029	devel	16
devel_2030	devel	137
devel_2031	devel	370
devel_2032	devel	140
devel_2033	devel	284
devel_2034	devel	268
devel_2035	devel	148
devel_2036	devel	411
devel_2037	devel	244
devel_2038	devel	19
devel_2039	devel	409
devel_2040	devel	179
devel_2041	devel	130
devel_2042	devel	50
devel_2043	devel	36
devel_2044	devel	283
devel_2045	devel	140
devel_2046	devel	251
devel_2047	devel	98
devel_2048	devel	195
devel_2049	devel	117
devel_2050	devel	103
devel_2051	devel	47
devel_2052	devel	121
devel_2053	devel	212
devel_2054	devel	301
devel_2055	devel	306
devel_2056	devel	124
devel_2057	devel	387
devel_2058	devel	64
devel_2059	devel	145
devel_2060	devel	106
devel_2061	devel	347
devel_2062	devel	25
devel_2063	devel	250
devel_2064	devel	161
devel_2065	devel	412
devel_2066	devel	100
devel_2067	devel	175
devel_2068	devel	229
devel_2069	devel	146
devel_2070	devel	206
devel_2071	devel	183
devel_2072	devel	136
devel_2073	devel	417
devel_2074	devel	328
devel_2075	devel	219
devel_2076	devel	370
devel_2077	devel	43
devel_2078	devel	170
devel_2079	devel	265
devel_2080	devel	341
devel_2081	devel	384
devel_2082	devel	69
devel_2083	devel	24
devel_2084	devel	103
devel_2085	devel	282
devel_2086	devel	42
devel_2087	devel	320
devel_2088	devel	195
devel_2089	devel	391
devel_2090	devel	147
devel_2091	devel	22
devel_2092	devel	209
devel_2093	devel	331
devel_2094	devel	179
devel_2095	devel	100
devel_2096	devel	214
devel_2097	devel	206
devel_2098	devel	370
devel_2099	devel	167
devel_2100	devel	186
devel_2101	devel	124
devel_2102	devel	36
devel_2103	devel	321
devel_2104	devel	96
devel_2105	devel	247
devel_2106	devel	279
devel_2107	devel	8
devel_2108	devel	261
devel_2109	devel	131
devel_2110	devel	69
devel_2111	devel	255
devel_2112	devel	380
devel_2113	devel	146
devel_2114	devel	132
devel_2115	devel	3
devel_2116	devel	290
devel_2117	devel	26
devel_2118	devel	26
devel_2119	devel	340
devel_2120	devel	124
devel_2121	devel	124
devel_2122	devel	108
devel_2123	devel	71
devel_2124	devel	114
devel_2125	devel	212
devel_2126	devel	16
devel_2127	devel	281
devel_2128	devel	78
devel_2129	devel	96
devel_2130	devel	244
devel_2131	devel	306
devel_2132	devel	90
devel_2133	devel	283
devel_2134	devel	311
devel_2135	devel	417
devel_2136	devel	414
devel_2137	devel	140
devel_2138	devel	50
devel_2139	devel	145
devel_2140	devel	398
devel_2141	devel	72
devel_2142	devel	183
devel_2143	devel	314
devel_2144	devel	92
devel_2145	devel	94
devel_2146	devel	114
devel_2147	devel	94
devel_2148	devel	328
devel_2149	devel	202
devel_2150	devel	265
devel_2151	devel	72
devel_2152	devel	8
devel_2153	devel	114
devel_2154	devel	98
devel_2155	devel	44
devel_2156	devel	382
devel_2157	devel	271
devel_2158	devel	250
devel_2159	devel	43
devel_2160	devel	3
devel_2161	devel	43
devel_2162	devel	0
devel_2163	devel	343
devel_2164	devel	273
devel_2165	devel	129
devel_2166	devel	130
devel_2167	devel	344
devel_2168	devel	129
devel_2169	devel	145
devel_2170	devel	115
devel_2171	devel	218
devel_2172	devel	108
devel_2173	devel	190
devel_2174	devel	396
devel_2175	devel	193
devel_2176	devel	145
devel_2177	devel	244
devel_2178	devel	11
devel_2179	devel	367
devel_2180	devel	12
devel_2181	devel	262
devel_2182	devel	195
devel_2183	devel	80
devel_2184	devel	96
devel_2185	devel	221
devel_2186	devel	145
devel_2187	devel	3
devel_2188	devel	301
devel_2189	devel	71
devel_2190	devel	373
devel_2191	devel	117
devel_2192	devel	262
devel_2193	devel	78
devel_2194	devel	370
devel_2195	devel	352
devel_2196	devel	39
devel_2197	devel	148
devel_2198	devel	100
devel_2199	devel	87
devel_2200	devel	25
devel_2201	devel	398
devel_2202	devel	71
devel_2203	devel	22
devel_2204	devel	171
devel_2205	devel	261
devel_2206	devel	260
devel_2207	devel	186
devel_2208	devel	114
devel_2209	devel	244
devel_2210	devel	143
devel_2211	devel	140
devel_2212	devel	269
devel_2213	devel	88
devel_2214	devel	250
devel_2215	devel	340
devel_2216	devel	345
devel_2217	devel	412
devel_2218	devel	19
devel_2219	devel	367
devel_2220	devel	132
devel_2221	devel	391
devel_2222	devel	88
devel_2223	devel	380
devel_2224	devel	100
devel_2225	devel	44
devel_2226	devel	131
devel_2227	devel	273
devel_2228	devel	301
devel_2229	devel	179
devel_2230	devel	199
devel_2231	devel	42
devel_2232	devel	130
devel_2233	devel	199
devel_2234	devel	121
devel_2235	devel	114
devel_2236	devel	92
devel_2237	devel	367
devel_2238	devel	254
devel_2239	devel	98
devel_2240	devel	130
devel_2241	devel	212
devel_2242	devel	136
devel_2243	devel	281
devel_2244	devel	108
devel_2245	devel	412
devel_2246	devel	371
devel_2247	devel	219
devel_2248	devel	52
devel_2249	devel	152
devel_2250	devel	145
devel_2251	devel	132
devel_2252	devel	42
devel_2253	devel	25
devel_2254	devel	132
devel_2255	devel	87
devel_2256	devel	192
devel_2257	devel	78
devel_2258	devel	29
devel_2259	devel	212
devel_2260	devel	266
devel_2261	devel	227
devel_2262	devel	226
devel_2263	devel	143
devel_2264	devel	50
devel_2265	devel	29
devel_2266	devel	19
devel_2267	devel	227
devel_2268	devel	205
devel_2269	devel	143
devel_2270	devel	24
devel_2271	devel	299
devel_2272	devel	393
devel_2273	devel	371
devel_2274	devel	193
devel_2275	devel	152
devel_2276	devel	375
devel_2277	devel	296
devel_2278	devel	71
devel_2279	devel	206
devel_2280	devel	71
devel_2281	devel	343
devel_2282	devel	15
devel_2283	devel	283
devel_2284	devel	115
devel_2285	devel	212
devel_2286	devel	137
devel_2287	devel	214
devel_2288	devel	384
devel_2289	devel	290
devel_2290	devel	179
devel_2291	devel	276
devel_2292	devel	357
devel_2293	devel	143
devel_2294	devel	365
devel_2295	devel	29
devel_2296	devel	177
devel_2297	devel	252
devel_2298	devel	254
devel_2299	devel	137
devel_2300	devel	8
devel_2301	devel	214
devel_2302	devel	118
devel_2303	devel	87
devel_2304	devel	386
devel_2305	devel	121
devel_2306	devel	171
devel_2307	devel	320
devel_2308	devel	81
devel_2309	devel	390
devel_2310	devel	44
devel_2311	devel	260
devel_2312	devel	232
devel_2313	devel	190
devel_2314	devel	77
devel_2315	devel	47
devel_2316	devel	331
devel_2317	devel	384
devel_2318	devel	296
devel_2319	devel	42
devel_2320	devel	264
devel_2321	devel	247
devel_2322	devel	54
devel_2323	devel	12
devel_2324	devel	283
devel_2325	devel	219
devel_2326	devel	222
devel_2327	devel	285
devel_2328	devel	145
devel_2329	devel	139
devel_2330	devel	43
devel_2331	devel	128
devel_2332	devel	192
devel_2333	devel	71
devel_2334	devel	211
devel_2335	devel	26
devel_2336	devel	296
devel_2337	devel	149
devel_2338	devel	380
devel_2339	devel	287
devel_2340	devel	100
devel_2341	devel	167
devel_2342	devel	244
devel_2343	devel	171
devel_2344	devel	334
devel_2345	devel	161
devel_2346	devel	190
devel_2347	devel	25
devel_2348	devel	94
devel_2349	devel	352
devel_2350	devel	343
devel_2351	devel	100
devel_2352	devel	143
devel_2353	devel	225
devel_2354	devel	222
devel_2355	devel	196
devel_2356	devel	296
devel_2357	devel	334
devel_2358	devel	221
devel_2359	devel	147
devel_2360	devel	334
devel_2361	devel	57
devel_2362	devel	148
devel_2363	devel	195
devel_2364	devel	345
devel_2365	devel	384
devel_2366	devel	106
devel_2367	devel	210
devel_2368	devel	352
devel_2369	devel	36
devel_2370	devel	121
devel_2371	devel	274
devel_2372	devel	146
devel_2373	devel	308
devel_2374	devel	343
devel_2375	devel	92
devel_2376	devel	54
devel_2377	devel	265
devel_2378	devel	367
devel_2379	devel	382
devel_2380	devel	60
devel_2381	devel	140
devel_2382	devel	55
devel_2383	devel	192
devel_2384	devel	192
devel_2385	devel	170
devel_2386	devel	375
devel_2387	devel	262
devel_2388	devel	267
devel_2389	devel	274
devel_2390	devel	285
devel_2391	devel	147
devel_2392	devel	261
devel_2393	devel	391
devel_2394	devel	143
devel_2395	devel	44
devel_2396	devel	146
devel_2397	devel	195
devel_2398	devel	350
devel_2399	devel	296
devel_2400	devel	152
devel_2401	devel	147
devel_2402	devel	124
devel_2403	devel	43
devel_2404	devel	47
devel_2405	devel	29
devel_2406	devel	392
devel_2407	devel	371
devel_2408	devel	262
devel_2409	devel	412
devel_2410	devel	232
devel_2411	devel	88
devel_2412	devel	64
devel_2413	devel	371
devel_2414	devel	121
devel_2415	devel	290
devel_2416	devel	352
devel_2417	devel	88
devel_2418	devel	131
devel_2419	devel	223
devel_2420	devel	22
devel_2421	devel	226
devel_2422	devel	192
devel_2423	devel	238
devel_2424	devel	35
devel_2425	devel	149
devel_2426	devel	161
devel_2427	devel	29
devel_2428	devel	262
devel_2429	devel	143
devel_2430	devel	161
devel_2431	devel	33
devel_2432	devel	54
devel_2433	devel	194
devel_2434	devel	64
devel_2435	devel	294
devel_2436	devel	244
devel_2437	devel	272
devel_2438	devel	114
devel_2439	devel	267
devel_2440	devel	409
devel_2441	devel	260
devel_2442	devel	100
devel_2443	devel	94
devel_2444	devel	267
devel_2445	devel	87
devel_2446	devel	190
devel_2447	devel	343
devel_2448	devel	321
devel_2449	devel	412
devel_2450	devel	103
devel_2451	devel	167
devel_2452	devel	198
devel_2453	devel	252
devel_2454	devel	15
devel_2455	devel	362
devel_2456	devel	72
devel_2457	devel	42
devel_2458	devel	192
devel_2459	devel	118
devel_2460	devel	179
devel_2461	devel	363
devel_2462	devel	321
devel_2463	devel	357
devel_2464	devel	69
devel_2465	devel	352
devel_2466	devel	218
devel_2467	devel	261
devel_2468	devel	308
devel_2469	devel	25
devel_2470	devel	108
devel_2471	devel	100
devel_2472	devel	92
devel_2473	devel	226
devel_2474	devel	169
devel_2475	devel	96
devel_2476	devel	218
devel_2477	devel	4
devel_2478	devel	43
devel_2479	devel	269
devel_2480	devel	370
devel_2481	devel	54
devel_2482	devel	81
devel_2483	devel	60
devel_2484	devel	106
devel_2485	devel	344
devel_2486	devel	252
devel_2487	devel	347
devel_2488	devel	25
devel_2489	devel	171
devel_2490	devel	169
devel_2491	devel	206
devel_2492	devel	90
devel_2493	devel	281
devel_2494	devel	299
devel_2495	devel	212
devel_2496	devel	332
devel_2497	devel	345
devel_2498	devel	117
devel_2499	devel	383
devel_2500	devel	8
devel_2501	devel	139
devel_2502	devel	370
devel_2503	devel	296
devel_2504	devel	44
devel_2505	devel	64
devel_2506	devel	131
devel_2507	devel	124
devel_2508	devel	169
devel_2509	devel	100
devel_2510	devel	161
devel_2511	devel	357
devel_2512	devel	344
devel_2513	devel	170
devel_2514	devel	25
devel_2515	devel	87
devel_2516	devel	36
devel_2517	devel	334
devel_2518	devel	280
devel_2519	devel	98
devel_2520	devel	175
devel_2521	devel	198
devel_2522	devel	129
devel_2523	devel	78
devel_2524	devel	250
devel_2525	devel	161
devel_2526	devel	25
devel_2527	devel	371
devel_2528	devel	147
devel_2529	devel	69
devel_2530	devel	54
devel_2531	devel	320
devel_2532	devel	121
devel_2533	devel	229
devel_2534	devel	206
devel_2535	devel	114
devel_2536	devel	114
devel_2537	devel	161
devel_2538	devel	117
devel_2539	devel	186
devel_2540	devel	11
devel_2541	devel	22
devel_2542	devel	139
devel_2543	devel	186
devel_2544	devel	26
devel_2545	devel	321
devel_2546	devel	92
devel_2547	devel	195
devel_2548	devel	100
devel_2549	devel	131
devel_2550	devel	227
devel_2551	devel	367
devel_2552	devel	214
devel_2553	devel	232
devel_2554	devel	147
devel_2555	devel	114
devel_2556	devel	373
devel_2557	devel	94
devel_2558	devel	92
devel_2559	devel	272
devel_2560	devel	108
devel_2561	devel	398
devel_2562	devel	71
devel_2563	devel	380
devel_2564	devel	233
devel_2565	devel	192
devel_2566	devel	179
devel_2567	devel	225
devel_2568	devel	117
devel_2569	devel	94
devel_2570	devel	71
devel_2571	devel	360
devel_2572	devel	103
devel_2573	devel	287
devel_2574	devel	221
devel_2575	devel	43
devel_2576	devel	299
devel_2577	devel	221
devel_2578	devel	183
devel_2579	devel	186
devel_2580	devel	226
devel_2581	devel	152
devel_2582	devel	314
devel_2583	devel	137
devel_2584	devel	169
devel_2585	devel	117
devel_2586	devel	149
devel_2587	devel	234
devel_2588	devel	139
devel_2589	devel	25
devel_2590	devel	261
devel_2591	devel	170
devel_2592	devel	124
devel_2593	devel	139
devel_2594	devel	136
devel_2595	devel	186
devel_2596	devel	114
devel_2597	devel	221
devel_2598	devel	269
devel_2599	devel	117
devel_2600	devel	92
devel_2601	devel	250
devel_2602	devel	128
devel_2603	devel	246
devel_2604	devel	272
devel_2605	devel	334
devel_2606	devel	29
devel_2607	devel	274
devel_2608	devel	139
devel_2609	devel	324
devel_2610	devel	139
devel_2611	devel	312
devel_2612	devel	243
devel_2613	devel	124
devel_2614	devel	202
devel_2615	devel	175
devel_2616	devel	367
devel_2617	devel	69
devel_2618	devel	143
devel_2619	devel	92
devel_2620	devel	96
devel_2621	devel	195
devel_2622	devel	19
devel_2623	devel	312
devel_2624	devel	129
devel_2625	devel	19
devel_2626	devel	221
devel_2627	devel	260
devel_2628	devel	283
devel_2629	devel	108
devel_2630	devel	167
devel_2631	devel	284
devel_2632	devel	25
devel_2633	devel	371
devel_2634	devel	308
devel_2635	devel	64
devel_2636	devel	202
devel_2637	devel	382
devel_2638	devel	117
devel_2639	devel	209
devel_2640	devel	29
devel_2641	devel	251
devel_2642	devel	175
devel_2643	devel	47
devel_2644	devel	412
devel_2645	devel	117
devel_2646	devel	54
devel_2647	devel	392
devel_2648	devel	391
devel_2649	devel	98
devel_2650	devel	412
devel_2651	devel	22
devel_2652	devel	140
devel_2653	devel	169
devel_2654	devel	139
devel_2655	devel	179
devel_2656	devel	44
devel_2657	devel	345
devel_2658	devel	267
devel_2659	devel	294
devel_2660	devel	129
devel_2661	devel	414
devel_2662	devel	130
devel_2663	devel	130
devel_2664	devel	343
devel_2665	devel	129
devel_2666	devel	232
devel_2667	devel	36
devel_2668	devel	148
devel_2669	devel	390
devel_2670	devel	268
devel_2671	devel	314
devel_2672	devel	209
devel_2673	devel	42
devel_2674	devel	320
devel_2675	devel	136
devel_2676	devel	226
devel_2677	devel	152
devel_2678	devel	195
devel_2679	devel	206
devel_2680	devel	25
devel_2681	devel	301
devel_2682	devel	78
devel_2683	devel	225
devel_2684	devel	284
devel_2685	devel	274
devel_2686	devel	262
devel_2687	devel	382
devel_2688	devel	136
devel_2689	devel	195
devel_2690	devel	108
devel_2691	devel	274
devel_2692	devel	96
devel_2693	devel	132
devel_2694	devel	51
devel_2695	devel	380
devel_2696	devel	115
devel_2697	devel	43
devel_2698	devel	11
devel_2699	devel	345
devel_2700	devel	50
devel_2701	devel	103
devel_2702	devel	226
devel_2703	devel	273
devel_2704	devel	325
devel_2705	devel	55
devel_2706	devel	345
devel_2707	devel	255
devel_2708	devel	169
devel_2709	devel	175
devel_2710	devel	251
devel_2711	devel	146
devel_2712	devel	222
devel_2713	devel	147
devel_2714	devel	29
devel_2715	devel	261
devel_2716	devel	390
devel_2717	devel	262
devel_2718	devel	164
devel_2719	devel	94
devel_2720	devel	25
devel_2721	devel	341
devel_2722	devel	121
devel_2723	devel	118
devel_2724	devel	212
devel_2725	devel	92
devel_2726	devel	72
devel_2727	devel	328
devel_2728	devel	170
devel_2729	devel	410
devel_2730	devel	108
devel_2731	devel	100
devel_2732	devel	55
devel_2733	devel	331
devel_2734	devel	345
devel_2735	devel	312
devel_2736	devel	264
devel_2737	devel	121
devel_2738	devel	42
devel_2739	devel	72
devel_2740	devel	94
devel_2741	devel	363
devel_2742	devel	35
devel_2743	devel	8
devel_2744	devel	362
devel_2745	devel	43
devel_2746	devel	52
devel_2747	devel	296
devel_2748	devel	222
devel_2749	devel	375
devel_2750	devel	114
devel_2751	devel	254
devel_2752	devel	15
devel_2753	devel	306
devel_2754	devel	375
devel_2755	devel	307
devel_2756	devel	140
devel_2757	devel	8
devel_2758	devel	121
devel_2759	devel	24
devel_2760	devel	343
devel_2761	devel	50
devel_2762	devel	148
devel_2763	devel	265
devel_2764	devel	149
devel_2765	devel	147
devel_2766	devel	167
devel_2767	devel	140
devel_2768	devel	96
devel_2769	devel	15
devel_2770	devel	43
devel_2771	devel	343
devel_2772	devel	410
devel_2773	devel	117
devel_2774	devel	412
devel_2775	devel	106
devel_2776	devel	43
devel_2777	devel	78
devel_2778	devel	192
devel_2779	devel	386
devel_2780	devel	98
devel_2781	devel	96
devel_2782	devel	43
devel_2783	devel	103
devel_2784	devel	0
devel_2785	devel	118
devel_2786	devel	179
devel_2787	devel	90
devel_2788	devel	36
devel_2789	devel	194
devel_2790	devel	25
devel_2791	devel	140
devel_2792	devel	171
devel_2793	devel	360
devel_2794	devel	121
devel_2795	devel	362
devel_2796	devel	254
devel_2797	devel	167
devel_2798	devel	136
devel_2799	devel	103
devel_2800	devel	47
devel_2801	devel	243
devel_2802	devel	140
devel_2803	devel	42
devel_2804	devel	179
devel_2805	devel	232
devel_2806	devel	261
devel_2807	devel	140
devel_2808	devel	118
devel_2809	devel	171
devel_2810	devel	132
devel_2811	devel	343
devel_2812	devel	209
devel_2813	devel	409
devel_2814	devel	80
devel_2815	devel	370
devel_2816	devel	260
devel_2817	devel	78
devel_2818	devel	362
devel_2819	devel	417
devel_2820	devel	129
devel_2821	devel	384
devel_2822	devel	29
devel_2823	devel	22
devel_2824	devel	273
devel_2825	devel	284
devel_2826	devel	167
devel_2827	devel	24
devel_2828	devel	409
devel_2829	devel	132
devel_2830	devel	94
devel_2831	devel	388
devel_2832	devel	179
devel_2833	devel	50
devel_2834	devel	19
devel_2835	devel	311
devel_2836	devel	5
devel_2837	devel	294
devel_2838	devel	198
devel_2839	devel	411
devel_2840	devel	153
devel_2841	devel	316
devel_2842	devel	255
devel_2843	devel	371
devel_2844	devel	26
devel_2845	devel	252
devel_2846	devel	409
devel_2847	devel	195
devel_2848	devel	153
devel_2849	devel	250
devel_2850	devel	64
devel_2851	devel	92
devel_2852	devel	71
devel_2853	devel	244
devel_2854	devel	280
devel_2855	devel	50
devel_2856	devel	352
devel_2857	devel	98
devel_2858	devel	214
devel_2859	devel	222
devel_2860	devel	117
devel_2861	devel	391
devel_2862	devel	328
devel_2863	devel	345
devel_2864	devel	279
devel_2865	devel	266
devel_2866	devel	8
devel_2867	devel	243
devel_2868	devel	205
devel_2869	devel	103
devel_2870	devel	398
devel_2871	devel	254
devel_2872	devel	106
devel_2873	devel	146
devel_2874	devel	334
devel_2875	devel	294
devel_2876	devel	230
devel_2877	devel	202
devel_2878	devel	29
devel_2879	devel	230
devel_2880	devel	15
devel_2881	devel	96
devel_2882	devel	146
devel_2883	devel	87
devel_2884	devel	22
devel_2885	devel	69
devel_2886	devel	149
devel_2887	devel	276
devel_2888	devel	129
devel_2889	devel	360
devel_2890	devel	352
devel_2891	devel	136
devel_2892	devel	132
devel_2893	devel	118
devel_2894	devel	47
devel_2895	devel	131
devel_2896	devel	284
devel_2897	devel	29
devel_2898	devel	11
devel_2899	devel	57
devel_2900	devel	190
devel_2901	devel	206
devel_2902	devel	255
devel_2903	devel	12
devel_2904	devel	214
devel_2905	devel	339
devel_2906	devel	132
devel_2907	devel	232
devel_2908	devel	211
devel_2909	devel	206
devel_2910	devel	50
devel_2911	devel	64
devel_2912	devel	261
devel_2913	devel	146
devel_2914	devel	8
devel_2915	devel	391
devel_2916	devel	52
devel_2917	devel	296
devel_2918	devel	234
devel_2919	devel	261
devel_2920	devel	252
devel_2921	devel	140
devel_2922	devel	272
devel_2923	devel	264
devel_2924	devel	3
devel_2925	devel	147
devel_2926	devel	250
devel_2927	devel	209
devel_2928	devel	115
devel_2929	devel	114
devel_2930	devel	355
devel_2931	devel	350
devel_2932	devel	222
devel_2933	devel	345
devel_2934	devel	314
devel_2935	devel	88
devel_2936	devel	106
devel_2937	devel	206
devel_2938	devel	190
devel_2939	devel	390
devel_2940	devel	202
devel_2941	devel	212
devel_2942	devel	25
devel_2943	devel	149
devel_2944	devel	384
devel_2945	devel	276
devel_2946	devel	146
devel_2947	devel	132
devel_2948	devel	44
devel_2949	devel	218
devel_2950	devel	206
devel_2951	devel	77
devel_2952	devel	412
devel_2953	devel	124
devel_2954	devel	25
devel_2955	devel	252
devel_2956	devel	254
devel_2957	devel	3
devel_2958	devel	311
devel_2959	devel	5
devel_2960	devel	281
devel_2961	devel	128
devel_2962	devel	406
devel_2963	devel	81
devel_2964	devel	409
devel_2965	devel	0
devel_2966	devel	152
devel_2967	devel	42
devel_2968	devel	282
devel_2969	devel	363
devel_2970	devel	51
devel_2971	devel	380
devel_2972	devel	409
devel_2973	devel	255
devel_2974	devel	80
devel_2975	devel	50
devel_2976	devel	209
devel_2977	devel	3
devel_2978	devel	57
devel_2979	devel	139
devel_2980	devel	352
devel_2981	devel	212
devel_2982	devel	252
devel_2983	devel	314
devel_2984	devel	108
devel_2985	devel	147
devel_2986	devel	222
devel_2987	devel	284
devel_2988	devel	214
devel_2989	devel	94
devel_2990	devel	198
devel_2991	devel	214
devel_2992	devel	146
devel_2993	devel	108
devel_2994	devel	221
devel_2995	devel	177
devel_2996	devel	386
devel_2997	devel	196
devel_2998	devel	232
devel_2999	devel	261
devel_3000	devel	247
devel_3001	devel	316
devel_3002	devel	128
devel_3003	devel	80
devel_3004	devel	149
devel_3005	devel	60
devel_3006	devel	98
devel_3007	devel	100
devel_3008	devel	212
devel_3009	devel	130
devel_3010	devel	206
devel_3011	devel	221
devel_3012	devel	36
devel_3013	devel	77
devel_3014	devel	214
devel_3015	devel	78
devel_3016	devel	16
devel_3017	devel	340
devel_3018	devel	282
devel_3019	devel	52
devel_3020	devel	390
devel_3021	devel	202
devel_3022	devel	105
devel_3023	devel	186
devel_3024	devel	143
devel_3025	devel	4
devel_3026	devel	229
devel_3027	devel	201
devel_3028	devel	71
devel_3029	devel	281
devel_3030	devel	33
devel_3031	devel	272
devel_3032	devel	393
devel_3033	devel	33
devel_3034	devel	284
devel_3035	devel	370
devel_3036	devel	8
devel_3037	devel	124
devel_3038	devel	243
devel_3039	devel	64
devel_3040	devel	244
devel_3041	devel	50
devel_3042	devel	0
devel_3043	devel	384
devel_3044	devel	234
devel_3045	devel	71
devel_3046	devel	284
devel_3047	devel	198
devel_3048	devel	132
devel_3049	devel	192
devel_3050	devel	110
devel_3051	devel	129
devel_3052	devel	261
devel_3053	devel	274
devel_3054	devel	186
devel_3055	devel	38
devel_3056	devel	192
devel_3057	devel	299
devel_3058	devel	22
devel_3059	devel	42
devel_3060	devel	103
devel_3061	devel	161
devel_3062	devel	140
devel_3063	devel	92
devel_3064	devel	29
devel_3065	devel	334
devel_3066	devel	161
devel_3067	devel	137
devel_3068	devel	254
devel_3069	devel	164
devel_3070	devel	289
devel_3071	devel	171
devel_3072	devel	299
devel_3073	devel	43
devel_3074	devel	186
devel_3075	devel	331
devel_3076	devel	250
devel_3077	devel	271
devel_3078	devel	50
devel_3079	devel	179
devel_3080	devel	98
devel_3081	devel	210
devel_3082	devel	55
devel_3083	devel	301
devel_3084	devel	147
devel_3085	devel	202
devel_3086	devel	386
devel_3087	devel	50
devel_3088	devel	106
devel_3089	devel	132
devel_3090	devel	264
devel_3091	devel	206
devel_3092	devel	94
devel_3093	devel	345
devel_3094	devel	243
devel_3095	devel	52
devel_3096	devel	380
devel_3097	devel	43
devel_3098	devel	216
devel_3099	devel	299
devel_3100	devel	124
devel_3101	devel	388
devel_3102	devel	193
devel_3103	devel	24
devel_3104	devel	71
devel_3105	devel	147
devel_3106	devel	266
devel_3107	devel	19
devel_3108	devel	16
devel_3109	devel	362
devel_3110	devel	170
devel_3111	devel	147
devel_3112	devel	131
devel_3113	devel	218
devel_3114	devel	331
devel_3115	devel	50
devel_3116	devel	131
devel_3117	devel	16
devel_3118	devel	170
devel_3119	devel	328
devel_3120	devel	233
devel_3121	devel	367
devel_3122	devel	392
devel_3123	devel	296
devel_3124	devel	287
devel_3125	devel	171
devel_3126	devel	357
devel_3127	devel	196
devel_3128	devel	269
devel_3129	devel	266
devel_3130	devel	281
devel_3131	devel	25
devel_3132	devel	147
devel_3133	devel	22
devel_3134	devel	71
devel_3135	devel	186
devel_3136	devel	161
devel_3137	devel	199
devel_3138	devel	146
devel_3139	devel	373
devel_3140	devel	52
devel_3141	devel	87
devel_3142	devel	9
devel_3143	devel	103
devel_3144	devel	132
devel_3145	devel	373
devel_3146	devel	118
devel_3147	devel	98
devel_3148	devel	382
devel_3149	devel	55
devel_3150	devel	42
devel_3151	devel	363
devel_3152	devel	16
devel_3153	devel	147
devel_3154	devel	218
devel_3155	devel	42
devel_3156	devel	296
devel_3157	devel	282
devel_3158	devel	39
devel_3159	devel	386
devel_3160	devel	273
devel_3161	devel	190
devel_3162	devel	103
devel_3163	devel	117
devel_3164	devel	60
devel_3165	devel	314
devel_3166	devel	287
devel_3167	devel	3
devel_3168	devel	132
devel_3169	devel	108
devel_3170	devel	50
devel_3171	devel	371
devel_3172	devel	244
devel_3173	devel	332
devel_3174	devel	388
devel_3175	devel	78
devel_3176	devel	149
devel_3177	devel	226
devel_3178	devel	132
devel_3179	devel	147
devel_3180	devel	147
devel_3181	devel	222
devel_3182	devel	57
devel_3183	devel	42
devel_3184	devel	414
devel_3185	devel	139
devel_3186	devel	260
devel_3187	devel	132
devel_3188	devel	193
devel_3189	devel	261
devel_3190	devel	117
devel_3191	devel	250
devel_3192	devel	283
devel_3193	devel	360
devel_3194	devel	221
devel_3195	devel	9
devel_3196	devel	147
devel_3197	devel	233
devel_3198	devel	260
devel_3199	devel	152
devel_3200	devel	55
devel_3201	devel	186
devel_3202	devel	146
devel_3203	devel	3
devel_3204	devel	140
devel_3205	devel	212
devel_3206	devel	238
devel_3207	devel	43
devel_3208	devel	267
devel_3209	devel	218
devel_3210	devel	87
devel_3211	devel	295
devel_3212	devel	328
devel_3213	devel	72
devel_3214	devel	252
devel_3215	devel	269
devel_3216	devel	233
devel_3217	devel	170
devel_3218	devel	284
devel_3219	devel	265
devel_3220	devel	130
devel_3221	devel	106
devel_3222	devel	78
devel_3223	devel	36
devel_3224	devel	254
devel_3225	devel	19
devel_3226	devel	199
devel_3227	devel	390
devel_3228	devel	238
devel_3229	devel	87
devel_3230	devel	227
devel_3231	devel	199
devel_3232	devel	15
devel_3233	devel	417
devel_3234	devel	52
devel_3235	devel	147
devel_3236	devel	260
devel_3237	devel	29
devel_3238	devel	383
devel_3239	devel	78
devel_3240	devel	345
devel_3241	devel	118
devel_3242	devel	176
devel_3243	devel	4
devel_3244	devel	96
devel_3245	devel	390
devel_3246	devel	148
devel_3247	devel	199
devel_3248	devel	271
devel_3249	devel	325
devel_3250	devel	341
devel_3251	devel	114
devel_3252	devel	22
devel_3253	devel	29
devel_3254	devel	325
devel_3255	devel	321
devel_3256	devel	22
devel_3257	devel	283
devel_3258	devel	128
devel_3259	devel	8
devel_3260	devel	152
devel_3261	devel	145
devel_3262	devel	198
devel_3263	devel	9
devel_3264	devel	243
devel_3265	devel	268
devel_3266	devel	179
devel_3267	devel	344
devel_3268	devel	282
devel_3269	devel	81
devel_3270	devel	221
devel_3271	devel	370
devel_3272	devel	230
devel_3273	devel	87
devel_3274	devel	312
devel_3275	devel	183
devel_3276	devel	137
devel_3277	devel	198
devel_3278	devel	47
devel_3279	devel	22
devel_3280	devel	209
devel_3281	devel	140
devel_3282	devel	222
devel_3283	devel	42
devel_3284	devel	417
devel_3285	devel	175
devel_3286	devel	43
devel_3287	devel	117
devel_3288	devel	345
devel_3289	devel	11
devel_3290	devel	367
devel_3291	devel	149
devel_3292	devel	344
devel_3293	devel	345
devel_3294	devel	365
devel_3295	devel	19
devel_3296	devel	380
devel_3297	devel	282
devel_3298	devel	148
devel_3299	devel	390
devel_3300	devel	314
devel_3301	devel	321
devel_3302	devel	271
devel_3303	devel	334
devel_3304	devel	50
devel_3305	devel	198
devel_3306	devel	234
devel_3307	devel	124
devel_3308	devel	190
devel_3309	devel	387
devel_3310	devel	370
devel_3311	devel	209
devel_3312	devel	88
devel_3313	devel	325
devel_3314	devel	103
devel_3315	devel	129
devel_3316	devel	169
devel_3317	devel	334
devel_3318	devel	130
devel_3319	devel	29
devel_3320	devel	3
devel_3321	devel	25
devel_3322	devel	379
devel_3323	devel	149
devel_3324	devel	36
devel_3325	devel	233
devel_3326	devel	60
devel_3327	devel	260
devel_3328	devel	284
devel_3329	devel	57
devel_3330	devel	299
devel_3331	devel	71
devel_3332	devel	219
devel_3333	devel	306
devel_3334	devel	192
devel_3335	devel	94
devel_3336	devel	64
devel_3337	devel	409
devel_3338	devel	36
devel_3339	devel	26
devel_3340	devel	265
devel_3341	devel	224
devel_3342	devel	149
devel_3343	devel	8
devel_3344	devel	26
devel_3345	devel	415
devel_3346	devel	360
devel_3347	devel	29
devel_3348	devel	391
devel_3349	devel	334
devel_3350	devel	131
devel_3351	devel	148
devel_3352	devel	371
devel_3353	devel	380
devel_3354	devel	384
devel_3355	devel	371
devel_3356	devel	281
devel_3357	devel	43
devel_3358	devel	411
devel_3359	devel	192
devel_3360	devel	306
devel_3361	devel	51
devel_3362	devel	149
devel_3363	devel	26
devel_3364	devel	42
devel_3365	devel	287
devel_3366	devel	264
devel_3367	devel	412
devel_3368	devel	265
devel_3369	devel	246
devel_3370	devel	218
devel_3371	devel	169
devel_3372	devel	114
devel_3373	devel	262
devel_3374	devel	238
devel_3375	devel	214
devel_3376	devel	22
devel_3377	devel	103
devel_3378	devel	88
devel_3379	devel	131
devel_3380	devel	64
devel_3381	devel	214
devel_3382	devel	145
devel_3383	devel	280
devel_3384	devel	44
devel_3385	devel	222
devel_3386	devel	343
devel_3387	devel	161
devel_3388	devel	124
devel_3389	devel	3
devel_3390	devel	131
devel_3391	devel	140
devel_3392	devel	94
devel_3393	devel	209
devel_3394	devel	195
devel_3395	devel	340
devel_3396	devel	47
devel_3397	devel	145
devel_3398	devel	269
devel_3399	devel	103
devel_3400	devel	50
devel_3401	devel	232
devel_3402	devel	60
devel_3403	devel	312
devel_3404	devel	148
devel_3405	devel	265
devel_3406	devel	382
devel_3407	devel	267
devel_3408	devel	146
devel_3409	devel	15
devel_3410	devel	380
devel_3411	devel	328
devel_3412	devel	81
devel_3413	devel	396
devel_3414	devel	148
devel_3415	devel	341
devel_3416	devel	221
devel_3417	devel	190
devel_3418	devel	26
devel_3419	devel	33
devel_3420	devel	260
devel_3421	devel	131
devel_3422	devel	167
devel_3423	devel	44
devel_3424	devel	328
devel_3425	devel	314
devel_3426	devel	64
devel_3427	devel	238
devel_3428	devel	209
devel_3429	devel	175
devel_3430	devel	212
devel_3431	devel	140
devel_3432	devel	8
devel_3433	devel	325
devel_3434	devel	212
devel_3435	devel	71
devel_3436	devel	25
devel_3437	devel	146
devel_3438	devel	140
devel_3439	devel	171
devel_3440	devel	209
devel_3441	devel	35
devel_3442	devel	198
devel_3443	devel	130
devel_3444	devel	314
devel_3445	devel	222
devel_3446	devel	128
devel_3447	devel	321
devel_3448	devel	247
devel_3449	devel	280
devel_3450	devel	227
devel_3451	devel	148
devel_3452	devel	55
devel_3453	devel	281
devel_3454	devel	88
devel_3455	devel	81
devel_3456	devel	143
devel_3457	devel	222
devel_3458	devel	321
devel_3459	devel	221
devel_3460	devel	264
devel_3461	devel	282
devel_3462	devel	176
devel_3463	devel	209
devel_3464	devel	3
devel_3465	devel	149
devel_3466	devel	301
devel_3467	devel	47
devel_3468	devel	190
devel_3469	devel	234
devel_3470	devel	29
devel_3471	devel	254
devel_3472	devel	393
devel_3473	devel	244
devel_3474	devel	140
devel_3475	devel	81
devel_3476	devel	347
devel_3477	devel	352
devel_3478	devel	227
devel_3479	devel	132
devel_3480	devel	398
devel_3481	devel	210
devel_3482	devel	205
devel_3483	devel	29
devel_3484	devel	352
devel_3485	devel	47
devel_3486	devel	167
devel_3487	devel	43
devel_3488	devel	110
devel_3489	devel	209
devel_3490	devel	149
devel_3491	devel	290
devel_3492	devel	96
devel_3493	devel	47
devel_3494	devel	25
devel_3495	devel	130
devel_3496	devel	264
devel_3497	devel	129
devel_3498	devel	285
devel_3499	devel	55
devel_3500	devel	132
devel_3501	devel	338
devel_3502	devel	87
devel_3503	devel	221
devel_3504	devel	71
devel_3505	devel	69
devel_3506	devel	276
devel_3507	devel	177
devel_3508	devel	169
devel_3509	devel	284
devel_3510	devel	202
devel_3511	devel	325
devel_3512	devel	121
devel_3513	devel	94
devel_3514	devel	146
devel_3515	devel	81
devel_3516	devel	177
devel_3517	devel	16
devel_3518	devel	387
devel_3519	devel	81
devel_3520	devel	171
devel_3521	devel	117
devel_3522	devel	250
devel_3523	devel	299
devel_3524	devel	80
devel_3525	devel	145
devel_3526	devel	55
devel_3527	devel	179
devel_3528	devel	386
devel_3529	devel	206
devel_3530	devel	69
devel_3531	devel	152
devel_3532	devel	64
devel_3533	devel	314
devel_3534	devel	222
devel_3535	devel	149
devel_3536	devel	139
devel_3537	devel	11
devel_3538	devel	118
devel_3539	devel	43
devel_3540	devel	88
devel_3541	devel	262
devel_3542	devel	171
devel_3543	devel	147
devel_3544	devel	285
devel_3545	devel	50
devel_3546	devel	171
devel_3547	devel	164
devel_3548	devel	51
devel_3549	devel	246
devel_3550	devel	0
devel_3551	devel	352
devel_3552	devel	227
devel_3553	devel	164
devel_3554	devel	129
devel_3555	devel	199
devel_3556	devel	132
devel_3557	devel	8
devel_3558	devel	145
devel_3559	devel	3
devel_3560	devel	108
devel_3561	devel	44
devel_3562	devel	257
devel_3563	devel	143
devel_3564	devel	222
devel_3565	devel	57
devel_3566	devel	417
devel_3567	devel	186
devel_3568	devel	398
devel_3569	devel	50
devel_3570	devel	96
devel_3571	devel	52
devel_3572	devel	25
devel_3573	devel	198
devel_3574	devel	136
devel_3575	devel	106
devel_3576	devel	78
devel_3577	devel	314
devel_3578	devel	9
devel_3579	devel	15
devel_3580	devel	218
devel_3581	devel	143
devel_3582	devel	147
devel_3583	devel	334
devel_3584	devel	114
devel_3585	devel	281
devel_3586	devel	131
devel_3587	devel	272
devel_3588	devel	137
devel_3589	devel	50
devel_3590	devel	340
devel_3591	devel	268
devel_3592	devel	254
devel_3593	devel	0
devel_3594	devel	136
devel_3595	devel	409
devel_3596	devel	365
devel_3597	devel	129
devel_3598	devel	55
devel_3599	devel	209
devel_3600	devel	238
devel_3601	devel	341
devel_3602	devel	146
devel_3603	devel	170
devel_3604	devel	146
devel_3605	devel	243
devel_3606	devel	130
devel_3607	devel	363
devel_3608	devel	161
devel_3609	devel	71
devel_3610	devel	192
devel_3611	devel	209
devel_3612	devel	130
devel_3613	devel	152
devel_3614	devel	209
devel_3615	devel	227
devel_3616	devel	209
devel_3617	devel	376
devel_3618	devel	312
devel_3619	devel	223
devel_3620	devel	171
devel_3621	devel	4
devel_3622	devel	103
devel_3623	devel	216
devel_3624	devel	106
devel_3625	devel	340
devel_3626	devel	221
devel_3627	devel	179
devel_3628	devel	106
devel_3629	devel	274
devel_3630	devel	55
devel_3631	devel	42
devel_3632	devel	0
devel_3633	devel	51
devel_3634	devel	88
devel_3635	devel	55
devel_3636	devel	265
devel_3637	devel	103
devel_3638	devel	50
devel_3639	devel	398
devel_3640	devel	118
devel_3641	devel	393
devel_3642	devel	43
devel_3643	devel	136
devel_3644	devel	193
devel_3645	devel	64
devel_3646	devel	195
devel_3647	devel	115
devel_3648	devel	252
devel_3649	devel	199
devel_3650	devel	250
devel_3651	devel	339
devel_3652	devel	199
devel_3653	devel	255
devel_3654	devel	171
devel_3655	devel	230
devel_3656	devel	36
devel_3657	devel	246
devel_3658	devel	64
devel_3659	devel	103
devel_3660	devel	146
devel_3661	devel	8
devel_3662	devel	227
devel_3663	devel	332
devel_3664	devel	345
devel_3665	devel	131
devel_3666	devel	118
devel_3667	devel	246
devel_3668	devel	54
devel_3669	devel	261
devel_3670	devel	375
devel_3671	devel	325
devel_3672	devel	148
devel_3673	devel	268
devel_3674	devel	265
devel_3675	devel	50
devel_3676	devel	260
devel_3677	devel	284
devel_3678	devel	190
devel_3679	devel	124
devel_3680	devel	194
devel_3681	devel	145
devel_3682	devel	271
devel_3683	devel	60
devel_3684	devel	265
devel_3685	devel	375
devel_3686	devel	314
devel_3687	devel	44
devel_3688	devel	87
devel_3689	devel	344
devel_3690	devel	219
devel_3691	devel	388
devel_3692	devel	92
devel_3693	devel	92
devel_3694	devel	299
devel_3695	devel	87
devel_3696	devel	320
devel_3697	devel	64
devel_3698	devel	22
devel_3699	devel	92
devel_3700	devel	232
devel_3701	devel	106
devel_3702	devel	410
devel_3703	devel	410
devel_3704	devel	170
devel_3705	devel	57
devel_3706	devel	55
devel_3707	devel	140
devel_3708	devel	334
devel_3709	devel	139
devel_3710	devel	5
devel_3711	devel	60
devel_3712	devel	210
devel_3713	devel	387
devel_3714	devel	233
devel_3715	devel	80
devel_3716	devel	344
devel_3717	devel	186
devel_3718	devel	190
devel_3719	devel	11
devel_3720	devel	128
devel_3721	devel	94
devel_3722	devel	227
devel_3723	devel	267
devel_3724	devel	255
devel_3725	devel	44
devel_3726	devel	284
devel_3727	devel	64
devel_3728	devel	8
devel_3729	devel	230
devel_3730	devel	412
devel_3731	devel	338
devel_3732	devel	169
devel_3733	devel	108
devel_3734	devel	398
devel_3735	devel	387
devel_3736	devel	342
devel_3737	devel	250
devel_3738	devel	193
devel_3739	devel	186
devel_3740	devel	147
devel_3741	devel	19
devel_3742	devel	36
devel_3743	devel	414
devel_3744	devel	328
devel_3745	devel	9
devel_3746	devel	387
devel_3747	devel	391
devel_3748	devel	343
devel_3749	devel	383
devel_3750	devel	340
devel_3751	devel	169
devel_3752	devel	25
devel_3753	devel	25
devel_3754	devel	115
devel_3755	devel	370
devel_3756	devel	72
devel_3757	devel	367
devel_3758	devel	311
devel_3759	devel	170
devel_3760	devel	289
devel_3761	devel	169
devel_3762	devel	272
devel_3763	devel	375
devel_3764	devel	147
devel_3765	devel	409
devel_3766	devel	255
devel_3767	devel	316
devel_3768	devel	190
devel_3769	devel	64
devel_3770	devel	247
devel_3771	devel	114
devel_3772	devel	54
devel_3773	devel	114
devel_3774	devel	8
devel_3775	devel	94
devel_3776	devel	299
devel_3777	devel	387
devel_3778	devel	192
devel_3779	devel	192
devel_3780	devel	108
devel_3781	devel	57
devel_3782	devel	325
devel_3783	devel	42
devel_3784	devel	193
devel_3785	devel	50
devel_3786	devel	81
devel_3787	devel	25
devel_3788	devel	130
devel_3789	devel	331
devel_3790	devel	312
devel_3791	devel	371
devel_3792	devel	94
devel_3793	devel	118
devel_3794	devel	88
devel_3795	devel	260
devel_3796	devel	179
devel_3797	devel	50
devel_3798	devel	290
devel_3799	devel	69
devel_3800	devel	92
devel_3801	devel	194
devel_3802	devel	267
devel_3803	devel	55
devel_3804	devel	43
devel_3805	devel	47
devel_3806	devel	373
devel_3807	devel	284
devel_3808	devel	216
devel_3809	devel	81
devel_3810	devel	202
devel_3811	devel	307
devel_3812	devel	146
devel_3813	devel	230
devel_3814	devel	195
devel_3815	devel	130
devel_3816	devel	152
devel_3817	devel	279
devel_3818	devel	57
devel_3819	devel	64
devel_3820	devel	195
devel_3821	devel	186
devel_3822	devel	284
devel_3823	devel	312
devel_3824	devel	179
devel_3825	devel	90
devel_3826	devel	216
devel_3827	devel	244
devel_3828	devel	325
devel_3829	devel	296
devel_3830	devel	71
devel_3831	devel	345
devel_3832	devel	169
devel_3833	devel	406
devel_3834	devel	9
devel_3835	devel	117
devel_3836	devel	295
devel_3837	devel	161
devel_3838	devel	294
devel_3839	devel	232
devel_3840	devel	170
devel_3841	devel	161
devel_3842	devel	36
devel_3843	devel	146
devel_3844	devel	87
devel_3845	devel	137
devel_3846	devel	128
devel_3847	devel	360
devel_3848	devel	411
devel_3849	devel	9
devel_3850	devel	69
devel_3851	devel	118
devel_3852	devel	3
devel_3853	devel	265
devel_3854	devel	54
devel_3855	devel	328
devel_3856	devel	252
devel_3857	devel	362
devel_3858	devel	22
devel_3859	devel	108
devel_3860	devel	252
devel_3861	devel	411
devel_3862	devel	312
devel_3863	devel	238
devel_3864	devel	376
devel_3865	devel	186
devel_3866	devel	81
devel_3867	devel	334
devel_3868	devel	78
devel_3869	devel	398
devel_3870	devel	312
devel_3871	devel	5
devel_3872	devel	250
devel_3873	devel	279
devel_3874	devel	340
devel_3875	devel	280
devel_3876	devel	352
devel_3877	devel	69
devel_3878	devel	334
devel_3879	devel	334
devel_3880	devel	406
devel_3881	devel	15
devel_3882	devel	284
devel_3883	devel	78
devel_3884	devel	260
devel_3885	devel	342
devel_3886	devel	108
devel_3887	devel	345
devel_3888	devel	272
devel_3889	devel	43
devel_3890	devel	218
devel_3891	devel	264
devel_3892	devel	131
devel_3893	devel	193
devel_3894	devel	55
devel_3895	devel	210
devel_3896	devel	367
devel_3897	devel	69
devel_3898	devel	139
devel_3899	devel	16
devel_3900	devel	132
devel_3901	devel	52
devel_3902	devel	328
devel_3903	devel	64
devel_3904	devel	398
devel_3905	devel	183
devel_3906	devel	96
devel_3907	devel	209
devel_3908	devel	283
devel_3909	devel	341
devel_3910	devel	103
devel_3911	devel	177
devel_3912	devel	148
devel_3913	devel	265
devel_3914	devel	295
devel_3915	devel	50
devel_3916	devel	261
devel_3917	devel	3
devel_3918	devel	383
devel_3919	devel	345
devel_3920	devel	238
devel_3921	devel	382
devel_3922	devel	280
devel_3923	devel	169
devel_3924	devel	25
devel_3925	devel	316
devel_3926	devel	316
devel_3927	devel	410
devel_3928	devel	103
devel_3929	devel	80
devel_3930	devel	299
devel_3931	devel	4
devel_3932	devel	347
devel_3933	devel	252
devel_3934	devel	143
devel_3935	devel	396
devel_3936	devel	92
devel_3937	devel	175
devel_3938	devel	8
devel_3939	devel	33
devel_3940	devel	212
devel_3941	devel	78
devel_3942	devel	121
devel_3943	devel	202
devel_3944	devel	124
devel_3945	devel	0
devel_3946	devel	130
devel_3947	devel	175
devel_3948	devel	100
devel_3949	devel	69
devel_3950	devel	192
devel_3951	devel	269
devel_3952	devel	345
devel_3953	devel	55
devel_3954	devel	325
devel_3955	devel	284
devel_3956	devel	396
devel_3957	devel	90
devel_3958	devel	114
devel_3959	devel	314
devel_3960	devel	171
devel_3961	devel	100
devel_3962	devel	25
devel_3963	devel	118
devel_3964	devel	149
devel_3965	devel	29
devel_3966	devel	29
devel_3967	devel	143
devel_3968	devel	81
devel_3969	devel	345
devel_3970	devel	325
devel_3971	devel	94
devel_3972	devel	281
devel_3973	devel	226
devel_3974	devel	64
devel_3975	devel	92
devel_3976	devel	262
devel_3977	devel	344
devel_3978	devel	106
devel_3979	devel	314
devel_3980	devel	76
devel_3981	devel	370
devel_3982	devel	357
devel_3983	devel	406
devel_3984	devel	29
devel_3985	devel	146
devel_3986	devel	179
devel_3987	devel	152
devel_3988	devel	264
devel_3989	devel	29
devel_3990	devel	328
devel_3991	devel	169
devel_3992	devel	170
devel_3993	devel	268
devel_3994	devel	71
devel_3995	devel	22
devel_3996	devel	260
devel_3997	devel	175
devel_3998	devel	225
devel_3999	devel	299
devel_4000	devel	105
devel_4001	devel	103
devel_4002	devel	345
devel_4003	devel	11
devel_4004	devel	25
devel_4005	devel	284
devel_4006	devel	238
devel_4007	devel	409
devel_4008	devel	64
devel_4009	devel	221
devel_4010	devel	152
devel_4011	devel	137
devel_4012	devel	271
devel_4013	devel	341
devel_4014	devel	87
devel_4015	devel	132
devel_4016	devel	81
devel_4017	devel	118
devel_4018	devel	186
devel_4019	devel	130
devel_4020	devel	137
devel_4021	devel	118
devel_4022	devel	118
devel_4023	devel	132
devel_4024	devel	12
devel_4025	devel	195
devel_4026	devel	390
devel_4027	devel	186
devel_4028	devel	343
devel_4029	devel	132
devel_4030	devel	328
devel_4031	devel	115
devel_4032	devel	36
devel_4033	devel	124
devel_4034	devel	55
devel_4035	devel	3
devel_4036	devel	264
devel_4037	devel	54
devel_4038	devel	147
devel_4039	devel	114
devel_4040	devel	136
devel_4041	devel	149
devel_4042	devel	110
devel_4043	devel	331
devel_4044	devel	192
devel_4045	devel	219
devel_4046	devel	257
devel_4047	devel	192
devel_4048	devel	296
devel_4049	devel	132
devel_4050	devel	43
devel_4051	devel	43
devel_4052	devel	251
devel_4053	devel	343
devel_4054	devel	57
devel_4055	devel	171
devel_4056	devel	35
devel_4057	devel	38
devel_4058	devel	192
devel_4059	devel	171
devel_4060	devel	273
devel_4061	devel	129
devel_4062	devel	50
devel_4063	devel	175
devel_4064	devel	269
devel_4065	devel	250
devel_4066	devel	128
devel_4067	devel	64
devel_4068	devel	108
devel_4069	devel	192
devel_4070	devel	311
devel_4071	devel	262
devel_4072	devel	0
devel_4073	devel	190
devel_4074	devel	161
devel_4075	devel	190
devel_4076	devel	383
devel_4077	devel	384
devel_4078	devel	47
devel_4079	devel	136
devel_4080	devel	8
devel_4081	devel	186
devel_4082	devel	296
devel_4083	devel	92
devel_4084	devel	328
devel_4085	devel	243
devel_4086	devel	312
devel_4087	devel	190
devel_4088	devel	137
devel_4089	devel	360
devel_4090	devel	43
devel_4091	devel	296
devel_4092	devel	72
devel_4093	devel	306
devel_4094	devel	276
devel_4095	devel	227
devel_4096	devel	363
devel_4097	devel	15
devel_4098	devel	98
devel_4099	devel	316
devel_4100	devel	103
devel_4101	devel	26
devel_4102	devel	186
devel_4103	devel	77
devel_4104	devel	199
devel_4105	devel	375
devel_4106	devel	308
devel_4107	devel	370
devel_4108	devel	343
devel_4109	devel	334
devel_4110	devel	105
devel_4111	devel	410
devel_4112	devel	186
devel_4113	devel	106
devel_4114	devel	234
devel_4115	devel	210
devel_4116	devel	214
devel_4117	devel	227
devel_4118	devel	320
devel_4119	devel	294
devel_4120	devel	307
devel_4121	devel	234
devel_4122	devel	306
devel_4123	devel	54
devel_4124	devel	98
devel_4125	devel	375
devel_4126	devel	343
devel_4127	devel	103
devel_4128	devel	64
devel_4129	devel	244
devel_4130	devel	147
devel_4131	devel	22
devel_4132	devel	92
devel_4133	devel	328
devel_4134	devel	169
devel_4135	devel	57
devel_4136	devel	43
devel_4137	devel	219
devel_4138	devel	363
devel_4139	devel	205
devel_4140	devel	274
devel_4141	devel	60
devel_4142	devel	206
devel_4143	devel	195
devel_4144	devel	147
devel_4145	devel	8
devel_4146	devel	269
devel_4147	devel	114
devel_4148	devel	94
devel_4149	devel	262
devel_4150	devel	365
devel_4151	devel	316
devel_4152	devel	0
devel_4153	devel	179
devel_4154	devel	50
devel_4155	devel	199
devel_4156	devel	206
devel_4157	devel	137
devel_4158	devel	124
devel_4159	devel	139
devel_4160	devel	131
devel_4161	devel	146
devel_4162	devel	103
devel_4163	devel	42
devel_4164	devel	22
devel_4165	devel	193
devel_4166	devel	106
devel_4167	devel	22
devel_4168	devel	43
devel_4169	devel	140
devel_4170	devel	24
devel_4171	devel	22
devel_4172	devel	308
devel_4173	devel	384
devel_4174	devel	299
devel_4175	devel	343
devel_4176	devel	44
devel_4177	devel	325
devel_4178	devel	320
devel_4179	devel	254
devel_4180	devel	136
devel_4181	devel	283
devel_4182	devel	269
devel_4183	devel	251
devel_4184	devel	145
devel_4185	devel	29
devel_4186	devel	57
devel_4187	devel	147
devel_4188	devel	139
devel_4189	devel	321
devel_4190	devel	0
devel_4191	devel	192
devel_4192	devel	250
devel_4193	devel	345
devel_4194	devel	145
devel_4195	devel	64
devel_4196	devel	121
devel_4197	devel	383
devel_4198	devel	11
devel_4199	devel	36
devel_4200	devel	212
devel_4201	devel	314
devel_4202	devel	94
devel_4203	devel	227
devel_4204	devel	110
devel_4205	devel	387
devel_4206	devel	55
devel_4207	devel	218
devel_4208	devel	147
devel_4209	devel	92
devel_4210	devel	148
devel_4211	devel	334
devel_4212	devel	283
devel_4213	devel	96
devel_4214	devel	192
devel_4215	devel	132
devel_4216	devel	132
devel_4217	devel	229
devel_4218	devel	39
devel_4219	devel	371
devel_4220	devel	170
devel_4221	devel	139
devel_4222	devel	250
devel_4223	devel	250
devel_4224	devel	131
devel_4225	devel	232
devel_4226	devel	205
devel_4227	devel	332
devel_4228	devel	390
devel_4229	devel	146
devel_4230	devel	360
devel_4231	devel	88
devel_4232	devel	145
devel_4233	devel	379
devel_4234	devel	254
devel_4235	devel	77
devel_4236	devel	50
devel_4237	devel	24
devel_4238	devel	179
devel_4239	devel	92
devel_4240	devel	390
devel_4241	devel	43
devel_4242	devel	390
devel_4243	devel	383
devel_4244	devel	376
devel_4245	devel	128
devel_4246	devel	161
devel_4247	devel	169
devel_4248	devel	387
devel_4249	devel	264
devel_4250	devel	115
devel_4251	devel	72
devel_4252	devel	22
devel_4253	devel	132
devel_4254	devel	233
devel_4255	devel	227
devel_4256	devel	252
devel_4257	devel	269
devel_4258	devel	71
devel_4259	devel	255
devel_4260	devel	4
devel_4261	devel	136
devel_4262	devel	382
devel_4263	devel	202
devel_4264	devel	375
devel_4265	devel	69
devel_4266	devel	143
devel_4267	devel	115
devel_4268	devel	170
devel_4269	devel	261
devel_4270	devel	195
devel_4271	devel	167
devel_4272	devel	232
devel_4273	devel	255
devel_4274	devel	124
devel_4275	devel	223
devel_4276	devel	169
devel_4277	devel	3
devel_4278	devel	29
devel_4279	devel	92
devel_4280	devel	43
devel_4281	devel	299
devel_4282	devel	243
devel_4283	devel	78
devel_4284	devel	131
devel_4285	devel	47
devel_4286	devel	247
devel_4287	devel	332
devel_4288	devel	334
devel_4289	devel	312
devel_4290	devel	35
devel_4291	devel	143
devel_4292	devel	206
devel_4293	devel	227
devel_4294	devel	261
devel_4295	devel	367
devel_4296	devel	78
devel_4297	devel	52
devel_4298	devel	243
devel_4299	devel	38
devel_4300	devel	118
devel_4301	devel	103
devel_4302	devel	192
devel_4303	devel	100
devel_4304	devel	190
devel_4305	devel	347
devel_4306	devel	360
devel_4307	devel	251
devel_4308	devel	146
devel_4309	devel	229
devel_4310	devel	251
devel_4311	devel	267
devel_4312	devel	43
devel_4313	devel	183
devel_4314	devel	3
devel_4315	devel	284
devel_4316	devel	81
devel_4317	devel	417
devel_4318	devel	177
devel_4319	devel	54
devel_4320	devel	50
devel_4321	devel	314
devel_4322	devel	384
devel_4323	devel	382
devel_4324	devel	334
devel_4325	devel	148
devel_4326	devel	247
devel_4327	devel	196
devel_4328	devel	25
devel_4329	devel	15
devel_4330	devel	110
devel_4331	devel	128
devel_4332	devel	252
devel_4333	devel	338
devel_4334	devel	209
devel_4335	devel	250
devel_4336	devel	186
devel_4337	devel	386
devel_4338	devel	98
devel_4339	devel	192
devel_4340	devel	106
devel_4341	devel	339
devel_4342	devel	117
devel_4343	devel	117
devel_4344	devel	252
devel_4345	devel	344
devel_4346	devel	130
devel_4347	devel	128
devel_4348	devel	212
devel_4349	devel	316
devel_4350	devel	398
devel_4351	devel	410
devel_4352	devel	290
devel_4353	devel	363
devel_4354	devel	265
devel_4355	devel	206
devel_4356	devel	205
devel_4357	devel	380
devel_4358	devel	129
devel_4359	devel	35
devel_4360	devel	325
devel_4361	devel	314
devel_4362	devel	90
devel_4363	devel	192
devel_4364	devel	252
devel_4365	devel	25
devel_4366	devel	284
devel_4367	devel	124
devel_4368	devel	169
devel_4369	devel	391
devel_4370	devel	234
devel_4371	devel	190
devel_4372	devel	227
devel_4373	devel	167
devel_4374	devel	233
devel_4375	devel	352
devel_4376	devel	414
devel_4377	devel	43
devel_4378	devel	412
devel_4379	devel	69
devel_4380	devel	250
devel_4381	devel	147
devel_4382	devel	12
devel_4383	devel	380
devel_4384	devel	19
devel_4385	devel	276
devel_4386	devel	281
devel_4387	devel	412
devel_4388	devel	283
devel_4389	devel	312
devel_4390	devel	117
devel_4391	devel	36
devel_4392	devel	175
devel_4393	devel	94
devel_4394	devel	370
devel_4395	devel	131
devel_4396	devel	331
devel_4397	devel	88
devel_4398	devel	272
devel_4399	devel	38
devel_4400	devel	177
devel_4401	devel	221
devel_4402	devel	295
devel_4403	devel	106
devel_4404	devel	130
devel_4405	devel	146
devel_4406	devel	251
devel_4407	devel	410
devel_4408	devel	140
devel_4409	devel	92
devel_4410	devel	314
devel_4411	devel	11
devel_4412	devel	105
devel_4413	devel	214
devel_4414	devel	283
devel_4415	devel	296
devel_4416	devel	376
devel_4417	devel	243
devel_4418	devel	262
devel_4419	devel	350
devel_4420	devel	209
devel_4421	devel	280
devel_4422	devel	129
devel_4423	devel	131
devel_4424	devel	129
devel_4425	devel	140
devel_4426	devel	252
devel_4427	devel	211
devel_4428	devel	88
devel_4429	devel	225
devel_4430	devel	262
devel_4431	devel	118
devel_4432	devel	131
devel_4433	devel	136
devel_4434	devel	410
devel_4435	devel	206
devel_4436	devel	171
devel_4437	devel	409
devel_4438	devel	118
devel_4439	devel	325
devel_4440	devel	164
devel_4441	devel	246
devel_4442	devel	171
devel_4443	devel	19
devel_4444	devel	60
devel_4445	devel	196
devel_4446	devel	257
devel_4447	devel	344
devel_4448	devel	274
devel_4449	devel	232
devel_4450	devel	190
devel_4451	devel	262
devel_4452	devel	87
devel_4453	devel	265
devel_4454	devel	175
devel_4455	devel	216
devel_4456	devel	344
devel_4457	devel	137
devel_4458	devel	42
devel_4459	devel	283
devel_4460	devel	25
devel_4461	devel	255
devel_4462	devel	124
devel_4463	devel	118
devel_4464	devel	110
devel_4465	devel	170
devel_4466	devel	47
devel_4467	devel	211
devel_4468	devel	145
devel_4469	devel	314
devel_4470	devel	8
devel_4471	devel	398
devel_4472	devel	233
devel_4473	devel	206
devel_4474	devel	3
devel_4475	devel	115
devel_4476	devel	16
devel_4477	devel	223
devel_4478	devel	42
devel_4479	devel	19
devel_4480	devel	362
devel_4481	devel	222
devel_4482	devel	210
devel_4483	devel	365
devel_4484	devel	357
devel_4485	devel	147
devel_4486	devel	117
devel_4487	devel	341
devel_4488	devel	284
devel_4489	devel	411
devel_4490	devel	375
devel_4491	devel	299
devel_4492	devel	103
devel_4493	devel	370
devel_4494	devel	233
devel_4495	devel	195
devel_4496	devel	69
devel_4497	devel	16
devel_4498	devel	314
devel_4499	devel	44
devel_4500	devel	145
devel_4501	devel	44
devel_4502	devel	388
devel_4503	devel	202
devel_4504	devel	190
devel_4505	devel	29
devel_4506	devel	196
devel_4507	devel	227
devel_4508	devel	80
devel_4509	devel	47
devel_4510	devel	90
devel_4511	devel	308
devel_4512	devel	118
devel_4513	devel	266
devel_4514	devel	390
devel_4515	devel	341
devel_4516	devel	92
devel_4517	devel	344
devel_4518	devel	373
devel_4519	devel	108
devel_4520	devel	276
devel_4521	devel	211
devel_4522	devel	284
devel_4523	devel	339
devel_4524	devel	11
devel_4525	devel	406
devel_4526	devel	129
devel_4527	devel	341
devel_4528	devel	265
devel_4529	devel	50
devel_4530	devel	387
devel_4531	devel	409
devel_4532	devel	205
devel_4533	devel	199
devel_4534	devel	71
devel_4535	devel	261
devel_4536	devel	371
devel_4537	devel	103
devel_4538	devel	175
devel_4539	devel	206
devel_4540	devel	29
devel_4541	devel	260
devel_4542	devel	339
devel_4543	devel	128
devel_4544	devel	130
devel_4545	devel	355
devel_4546	devel	145
devel_4547	devel	325
devel_4548	devel	47
devel_4549	devel	121
devel_4550	devel	175
devel_4551	devel	312
devel_4552	devel	375
devel_4553	devel	9
devel_4554	devel	136
devel_4555	devel	96
devel_4556	devel	139
devel_4557	devel	4
devel_4558	devel	43
devel_4559	devel	110
devel_4560	devel	81
devel_4561	devel	161
devel_4562	devel	216
devel_4563	devel	129
devel_4564	devel	274
devel_4565	devel	284
devel_4566	devel	55
devel_4567	devel	262
devel_4568	devel	81
devel_4569	devel	320
devel_4570	devel	140
devel_4571	devel	131
devel_4572	devel	175
devel_4573	devel	284
devel_4574	devel	4
devel_4575	devel	57
devel_4576	devel	55
devel_4577	devel	161
devel_4578	devel	71
devel_4579	devel	146
devel_4580	devel	78
devel_4581	devel	192
devel_4582	devel	375
devel_4583	devel	118
devel_4584	devel	15
devel_4585	devel	261
devel_4586	devel	246
devel_4587	devel	371
devel_4588	devel	8
devel_4589	devel	15
devel_4590	devel	147
devel_4591	devel	202
devel_4592	devel	260
devel_4593	devel	52
devel_4594	devel	108
devel_4595	devel	347
devel_4596	devel	5
devel_4597	devel	43
devel_4598	devel	145
devel_4599	devel	57
devel_4600	devel	342
devel_4601	devel	250
devel_4602	devel	306
devel_4603	devel	262
devel_4604	devel	370
devel_4605	devel	90
devel_4606	devel	334
devel_4607	devel	383
devel_4608	devel	164
devel_4609	devel	175
devel_4610	devel	388
devel_4611	devel	280
devel_4612	devel	232
devel_4613	devel	233
devel_4614	devel	202
devel_4615	devel	214
devel_4616	devel	96
devel_4617	devel	362
devel_4618	devel	238
devel_4619	devel	195
devel_4620	devel	149
devel_4621	devel	285
devel_4622	devel	341
devel_4623	devel	22
devel_4624	devel	175
devel_4625	devel	268
devel_4626	devel	24
devel_4627	devel	106
devel_4628	devel	233
devel_4629	devel	289
devel_4630	devel	146
devel_4631	devel	147
devel_4632	devel	145
devel_4633	devel	143
devel_4634	devel	222
devel_4635	devel	132
devel_4636	devel	314
devel_4637	devel	252
devel_4638	devel	92
devel_4639	devel	106
devel_4640	devel	232
devel_4641	devel	227
devel_4642	devel	219
devel_4643	devel	128
devel_4644	devel	137
devel_4645	devel	218
devel_4646	devel	306
devel_4647	devel	169
devel_4648	devel	320
devel_4649	devel	209
devel_4650	devel	90
devel_4651	devel	352
devel_4652	devel	44
devel_4653	devel	87
devel_4654	devel	117
devel_4655	devel	384
devel_4656	devel	250
devel_4657	devel	198
devel_4658	devel	19
devel_4659	devel	273
devel_4660	devel	43
devel_4661	devel	171
devel_4662	devel	396
devel_4663	devel	391
devel_4664	devel	81
devel_4665	devel	212
devel_4666	devel	137
devel_4667	devel	78
devel_4668	devel	26
devel_4669	devel	250
devel_4670	devel	145
devel_4671	devel	226
devel_4672	devel	198
devel_4673	devel	212
devel_4674	devel	355
devel_4675	devel	87
devel_4676	devel	363
devel_4677	devel	171
devel_4678	devel	51
devel_4679	devel	167
devel_4680	devel	50
devel_4681	devel	136
devel_4682	devel	373
devel_4683	devel	140
devel_4684	devel	192
devel_4685	devel	238
devel_4686	devel	255
devel_4687	devel	276
devel_4688	devel	100
devel_4689	devel	39
devel_4690	devel	146
devel_4691	devel	9
devel_4692	devel	78
devel_4693	devel	250
devel_4694	devel	411
devel_4695	devel	331
devel_4696	devel	287
devel_4697	devel	232
devel_4698	devel	328
devel_4699	devel	78
devel_4700	devel	223
devel_4701	devel	55
devel_4702	devel	87
devel_4703	devel	284
devel_4704	devel	78
devel_4705	devel	179
devel_4706	devel	219
devel_4707	devel	264
devel_4708	devel	409
devel_4709	devel	350
devel_4710	devel	325
devel_4711	devel	250
devel_4712	devel	96
devel_4713	devel	227
devel_4714	devel	81
devel_4715	devel	69
devel_4716	devel	284
devel_4717	devel	396
devel_4718	devel	334
devel_4719	devel	92
devel_4720	devel	375
devel_4721	devel	71
devel_4722	devel	124
devel_4723	devel	267
devel_4724	devel	139
devel_4725	devel	161
devel_4726	devel	373
devel_4727	devel	171
devel_4728	devel	255
devel_4729	devel	284
devel_4730	devel	192
devel_4731	devel	272
devel_4732	devel	94
devel_4733	devel	260
devel_4734	devel	325
devel_4735	devel	306
devel_4736	devel	257
devel_4737	devel	393
devel_4738	devel	341
devel_4739	devel	232
devel_4740	devel	87
devel_4741	devel	43
devel_4742	devel	344
devel_4743	devel	347
devel_4744	devel	47
devel_4745	devel	140
devel_4746	devel	221
devel_4747	devel	139
devel_4748	devel	212
devel_4749	devel	352
devel_4750	devel	252
devel_4751	devel	196
devel_4752	devel	129
devel_4753	devel	324
devel_4754	devel	167
devel_4755	devel	29
devel_4756	devel	33
devel_4757	devel	106
devel_4758	devel	334
devel_4759	devel	186
devel_4760	devel	88
devel_4761	devel	306
devel_4762	devel	38
devel_4763	devel	280
devel_4764	devel	252
devel_4765	devel	338
devel_4766	devel	412
devel_4767	devel	223
devel_4768	devel	341
devel_4769	devel	146
devel_4770	devel	9
devel_4771	devel	71
devel_4772	devel	145
devel_4773	devel	250
devel_4774	devel	205
devel_4775	devel	131
devel_4776	devel	279
devel_4777	devel	328
devel_4778	devel	209
devel_4779	devel	118
devel_4780	devel	338
devel_4781	devel	8
devel_4782	devel	265
devel_4783	devel	64
devel_4784	devel	124
devel_4785	devel	345
devel_4786	devel	9
devel_4787	devel	284
devel_4788	devel	140
devel_4789	devel	341
devel_4790	devel	334
devel_4791	devel	152
devel_4792	devel	238
devel_4793	devel	161
devel_4794	devel	143
devel_4795	devel	214
devel_4796	devel	199
devel_4797	devel	132
devel_4798	devel	8
devel_4799	devel	98
devel_4800	devel	186
devel_4801	devel	88
devel_4802	devel	11
devel_4803	devel	276
devel_4804	devel	88
devel_4805	devel	334
devel_4806	devel	396
devel_4807	devel	193
devel_4808	devel	324
devel_4809	devel	183
devel_4810	devel	325
devel_4811	devel	147
devel_4812	devel	284
devel_4813	devel	87
devel_4814	devel	398
devel_4815	devel	229
devel_4816	devel	50
devel_4817	devel	148
devel_4818	devel	308
devel_4819	devel	347
devel_4820	devel	250
devel_4821	devel	0
devel_4822	devel	118
devel_4823	devel	136
devel_4824	devel	55
devel_4825	devel	323
devel_4826	devel	44
devel_4827	devel	130
devel_4828	devel	238
devel_4829	devel	108
devel_4830	devel	152
devel_4831	devel	383
devel_4832	devel	233
devel_4833	devel	238
devel_4834	devel	363
devel_4835	devel	124
devel_4836	devel	78
devel_4837	devel	294
devel_4838	devel	4
devel_4839	devel	94
devel_4840	devel	265
devel_4841	devel	124
devel_4842	devel	60
devel_4843	devel	103
devel_4844	devel	114
devel_4845	devel	325
devel_4846	devel	175
devel_4847	devel	296
devel_4848	devel	222
devel_4849	devel	273
devel_4850	devel	117
devel_4851	devel	299
devel_4852	devel	343
devel_4853	devel	92
devel_4854	devel	367
devel_4855	devel	411
devel_4856	devel	15
devel_4857	devel	214
devel_4858	devel	260
devel_4859	devel	51
devel_4860	devel	149
devel_4861	devel	43
devel_4862	devel	15
devel_4863	devel	140
devel_4864	devel	352
devel_4865	devel	312
devel_4866	devel	19
devel_4867	devel	3
devel_4868	devel	274
devel_4869	devel	140
devel_4870	devel	145
devel_4871	devel	100
devel_4872	devel	325
devel_4873	devel	320
devel_4874	devel	375
devel_4875	devel	50
devel_4876	devel	370
devel_4877	devel	194
devel_4878	devel	117
devel_4879	devel	281
devel_4880	devel	105
devel_4881	devel	167
devel_4882	devel	230
devel_4883	devel	198
devel_4884	devel	384
devel_4885	devel	250
devel_4886	devel	384
devel_4887	devel	171
devel_4888	devel	308
devel_4889	devel	283
devel_4890	devel	69
devel_4891	devel	117
devel_4892	devel	226
devel_4893	devel	118
devel_4894	devel	370
devel_4895	devel	295
devel_4896	devel	205
devel_4897	devel	128
devel_4898	devel	29
devel_4899	devel	78
devel_4900	devel	121
devel_4901	devel	392
devel_4902	devel	222
devel_4903	devel	388
devel_4904	devel	87
devel_4905	devel	311
devel_4906	devel	265
devel_4907	devel	212
devel_4908	devel	19
devel_4909	devel	108
devel_4910	devel	264
devel_4911	devel	391
devel_4912	devel	60
devel_4913	devel	284
devel_4914	devel	363
devel_4915	devel	121
devel_4916	devel	331
devel_4917	devel	117
devel_4918	devel	9
devel_4919	devel	391
devel_4920	devel	15
devel_4921	devel	311
devel_4922	devel	206
devel_4923	devel	143
devel_4924	devel	88
devel_4925	devel	117
devel_4926	devel	218
devel_4927	devel	321
devel_4928	devel	147
devel_4929	devel	29
devel_4930	devel	409
devel_4931	devel	186
devel_4932	devel	396
devel_4933	devel	43
devel_4934	devel	269
devel_4935	devel	370
devel_4936	devel	114
devel_4937	devel	9
devel_4938	devel	130
devel_4939	devel	145
devel_4940	devel	117
devel_4941	devel	136
devel_4942	devel	325
devel_4943	devel	206
devel_4944	devel	255
devel_4945	devel	88
devel_4946	devel	169
devel_4947	devel	210
devel_4948	devel	218
devel_4949	devel	149
devel_4950	devel	47
devel_4951	devel	252
devel_4952	devel	284
devel_4953	devel	314
devel_4954	devel	396
devel_4955	devel	272
devel_4956	devel	311
devel_4957	devel	324
devel_4958	devel	352
devel_4959	devel	171
devel_4960	devel	54
devel_4961	devel	370
devel_4962	devel	265
devel_4963	devel	140
devel_4964	devel	50
devel_4965	devel	287
devel_4966	devel	132
devel_4967	devel	108
devel_4968	devel	343
devel_4969	devel	29
devel_4970	devel	147
devel_4971	devel	345
devel_4972	devel	146
devel_4973	devel	140
devel_4974	devel	312
devel_4975	devel	90
devel_4976	devel	42
devel_4977	devel	196
devel_4978	devel	296
devel_4979	devel	179
devel_4980	devel	108
devel_4981	devel	238
devel_4982	devel	170
devel_4983	devel	98
devel_4984	devel	3
devel_4985	devel	26
devel_4986	devel	90
devel_4987	devel	103
devel_4988	devel	69
devel_4989	devel	312
devel_4990	devel	334
devel_4991	devel	396
devel_4992	devel	22
devel_4993	devel	55
devel_4994	devel	118
devel_4995	devel	3
devel_4996	devel	226
devel_4997	devel	152
devel_4998	devel	137
devel_4999	devel	19
devel_5000	devel	43
devel_5001	devel	316
devel_5002	devel	38
devel_5003	devel	96
devel_5004	devel	167
devel_5005	devel	47
devel_5006	devel	227
devel_5007	devel	124
devel_5008	devel	96
devel_5009	devel	230
devel_5010	devel	139
devel_5011	devel	238
devel_5012	devel	38
devel_5013	devel	209
devel_5014	devel	92
devel_5015	devel	320
devel_5016	devel	76
devel_5017	devel	3
devel_5018	devel	214
devel_5019	devel	367
devel_5020	devel	19
devel_5021	devel	121
devel_5022	devel	71
devel_5023	devel	371
devel_5024	devel	202
devel_5025	devel	261
devel_5026	devel	387
devel_5027	devel	103
devel_5028	devel	38
devel_5029	devel	334
devel_5030	devel	169
devel_5031	devel	129
devel_5032	devel	11
devel_5033	devel	147
devel_5034	devel	244
devel_5035	devel	57
devel_5036	devel	47
devel_5037	devel	128
devel_5038	devel	343
devel_5039	devel	87
devel_5040	devel	272
devel_5041	devel	29
devel_5042	devel	312
devel_5043	devel	44
devel_5044	devel	170
devel_5045	devel	195
devel_5046	devel	390
devel_5047	devel	143
devel_5048	devel	26
devel_5049	devel	4
devel_5050	devel	54
devel_5051	devel	11
devel_5052	devel	190
devel_5053	devel	312
devel_5054	devel	43
devel_5055	devel	257
devel_5056	devel	50
devel_5057	devel	334
devel_5058	devel	121
devel_5059	devel	244
devel_5060	devel	124
devel_5061	devel	412
devel_5062	devel	43
devel_5063	devel	164
devel_5064	devel	47
devel_5065	devel	164
devel_5066	devel	244
devel_5067	devel	139
devel_5068	devel	412
devel_5069	devel	308
devel_5070	devel	411
devel_5071	devel	131
devel_5072	devel	345
devel_5073	devel	287
devel_5074	devel	284
devel_5075	devel	230
devel_5076	devel	262
devel_5077	devel	121
devel_5078	devel	194
devel_5079	devel	211
devel_5080	devel	341
devel_5081	devel	161
devel_5082	devel	15
devel_5083	devel	186
devel_5084	devel	94
devel_5085	devel	22
devel_5086	devel	284
devel_5087	devel	90
devel_5088	devel	218
devel_5089	devel	388
devel_5090	devel	273
devel_5091	devel	265
devel_5092	devel	24
devel_5093	devel	0
devel_5094	devel	77
devel_5095	devel	218
devel_5096	devel	287
devel_5097	devel	33
devel_5098	devel	29
devel_5099	devel	255
devel_5100	devel	264
devel_5101	devel	55
devel_5102	devel	316
devel_5103	devel	269
devel_5104	devel	44
devel_5105	devel	47
devel_5106	devel	72
devel_5107	devel	52
devel_5108	devel	370
devel_5109	devel	11
devel_5110	devel	39
devel_5111	devel	140
devel_5112	devel	269
devel_5113	devel	350
devel_5114	devel	206
devel_5115	devel	367
devel_5116	devel	71
devel_5117	devel	296
devel_5118	devel	373
devel_5119	devel	94
devel_5120	devel	370
devel_5121	devel	145
devel_5122	devel	387
devel_5123	devel	171
devel_5124	devel	341
devel_5125	devel	391
devel_5126	devel	8
devel_5127	devel	103
devel_5128	devel	276
devel_5129	devel	392
devel_5130	devel	121
devel_5131	devel	339
devel_5132	devel	282
devel_5133	devel	22
devel_5134	devel	306
devel_5135	devel	325
devel_5136	devel	42
devel_5137	devel	143
devel_5138	devel	42
devel_5139	devel	192
devel_5140	devel	124
devel_5141	devel	352
devel_5142	devel	167
devel_5143	devel	72
devel_5144	devel	268
devel_5145	devel	367
devel_5146	devel	42
devel_5147	devel	50
devel_5148	devel	206
devel_5149	devel	222
devel_5150	devel	143
devel_5151	devel	230
devel_5152	devel	131
devel_5153	devel	143
devel_5154	devel	310
devel_5155	devel	129
devel_5156	devel	137
devel_5157	devel	121
devel_5158	devel	321
devel_5159	devel	186
devel_5160	devel	179
devel_5161	devel	92
devel_5162	devel	272
devel_5163	devel	276
devel_5164	devel	29
devel_5165	devel	219
devel_5166	devel	121
devel_5167	devel	262
devel_5168	devel	69
devel_5169	devel	410
devel_5170	devel	367
devel_5171	devel	50
devel_5172	devel	145
devel_5173	devel	118
devel_5174	devel	384
devel_5175	devel	299
devel_5176	devel	16
devel_5177	devel	175
devel_5178	devel	94
devel_5179	devel	272
devel_5180	devel	209
devel_5181	devel	128
devel_5182	devel	108
devel_5183	devel	115
devel_5184	devel	360
devel_5185	devel	90
devel_5186	devel	114
devel_5187	devel	271
devel_5188	devel	246
devel_5189	devel	183
devel_5190	devel	106
devel_5191	devel	233
devel_5192	devel	57
devel_5193	devel	388
devel_5194	devel	370
devel_5195	devel	128
devel_5196	devel	254
devel_5197	devel	136
devel_5198	devel	387
devel_5199	devel	114
devel_5200	devel	219
devel_5201	devel	57
devel_5202	devel	145
devel_5203	devel	198
devel_5204	devel	375
devel_5205	devel	140
devel_5206	devel	352
devel_5207	devel	282
devel_5208	devel	136
devel_5209	devel	136
devel_5210	devel	287
devel_5211	devel	183
devel_5212	devel	371
devel_5213	devel	268
devel_5214	devel	167
devel_5215	devel	370
devel_5216	devel	92
devel_5217	devel	69
devel_5218	devel	147
devel_5219	devel	267
devel_5220	devel	388
devel_5221	devel	24
devel_5222	devel	92
devel_5223	devel	132
devel_5224	devel	195
devel_5225	devel	3
devel_5226	devel	216
devel_5227	devel	100
devel_5228	devel	202
devel_5229	devel	193
devel_5230	devel	334
devel_5231	devel	210
devel_5232	devel	343
devel_5233	devel	88
devel_5234	devel	131
devel_5235	devel	103
devel_5236	devel	129
devel_5237	devel	92
devel_5238	devel	325
devel_5239	devel	149
devel_5240	devel	360
devel_5241	devel	76
devel_5242	devel	218
devel_5243	devel	43
devel_5244	devel	5
devel_5245	devel	198
devel_5246	devel	390
devel_5247	devel	143
devel_5248	devel	306
devel_5249	devel	77
devel_5250	devel	77
devel_5251	devel	4
devel_5252	devel	35
devel_5253	devel	118
devel_5254	devel	186
devel_5255	devel	260
devel_5256	devel	145
devel_5257	devel	341
devel_5258	devel	216
devel_5259	devel	36
devel_5260	devel	121
devel_5261	devel	198
devel_5262	devel	106
devel_5263	devel	251
devel_5264	devel	398
devel_5265	devel	265
devel_5266	devel	209
devel_5267	devel	124
devel_5268	devel	175
devel_5269	devel	169
devel_5270	devel	29
devel_5271	devel	149
devel_5272	devel	243
devel_5273	devel	118
devel_5274	devel	175
devel_5275	devel	147
devel_5276	devel	320
devel_5277	devel	250
devel_5278	devel	316
devel_5279	devel	131
devel_5280	devel	36
devel_5281	devel	272
devel_5282	devel	250
devel_5283	devel	296
devel_5284	devel	338
devel_5285	devel	118
devel_5286	devel	370
devel_5287	devel	210
devel_5288	devel	43
devel_5289	devel	373
devel_5290	devel	316
devel_5291	devel	26
devel_5292	devel	25
devel_5293	devel	169
devel_5294	devel	280
devel_5295	devel	260
devel_5296	devel	145
devel_5297	devel	43
devel_5298	devel	396
devel_5299	devel	257
devel_5300	devel	212
devel_5301	devel	316
devel_5302	devel	221
devel_5303	devel	110
devel_5304	devel	257
devel_5305	devel	52
devel_5306	devel	328
devel_5307	devel	412
devel_5308	devel	55
devel_5309	devel	234
devel_5310	devel	43
devel_5311	devel	269
devel_5312	devel	47
devel_5313	devel	365
devel_5314	devel	183
devel_5315	devel	186
devel_5316	devel	254
devel_5317	devel	88
devel_5318	devel	312
devel_5319	devel	121
devel_5320	devel	90
devel_5321	devel	96
devel_5322	devel	222
devel_5323	devel	328
devel_5324	devel	64
devel_5325	devel	19
devel_5326	devel	164
devel_5327	devel	175
devel_5328	devel	411
devel_5329	devel	90
devel_5330	devel	137
devel_5331	devel	363
devel_5332	devel	15
devel_5333	devel	321
devel_5334	devel	69
devel_5335	devel	50
devel_5336	devel	343
devel_5337	devel	71
devel_5338	devel	117
devel_5339	devel	77
devel_5340	devel	324
devel_5341	devel	221
devel_5342	devel	210
devel_5343	devel	392
devel_5344	devel	4
devel_5345	devel	124
devel_5346	devel	38
devel_5347	devel	415
devel_5348	devel	276
devel_5349	devel	43
devel_5350	devel	206
devel_5351	devel	44
devel_5352	devel	299
devel_5353	devel	36
devel_5354	devel	214
devel_5355	devel	137
devel_5356	devel	198
devel_5357	devel	152
devel_5358	devel	341
devel_5359	devel	177
devel_5360	devel	352
devel_5361	devel	365
devel_5362	devel	344
devel_5363	devel	81
devel_5364	devel	311
devel_5365	devel	266
devel_5366	devel	69
devel_5367	devel	283
devel_5368	devel	290
devel_5369	devel	391
devel_5370	devel	121
devel_5371	devel	269
devel_5372	devel	170
devel_5373	devel	260
devel_5374	devel	69
devel_5375	devel	265
devel_5376	devel	78
devel_5377	devel	357
devel_5378	devel	343
devel_5379	devel	195
devel_5380	devel	4
devel_5381	devel	392
devel_5382	devel	124
devel_5383	devel	103
devel_5384	devel	206
devel_5385	devel	267
devel_5386	devel	103
devel_5387	devel	324
devel_5388	devel	131
devel_5389	devel	43
devel_5390	devel	227
devel_5391	devel	287
devel_5392	devel	106
devel_5393	devel	29
devel_5394	devel	98
devel_5395	devel	128
devel_5396	devel	90
devel_5397	devel	109
devel_5398	devel	9
devel_5399	devel	391
devel_5400	devel	398
devel_5401	devel	8
devel_5402	devel	212
devel_5403	devel	201
devel_5404	devel	39
devel_5405	devel	124
devel_5406	devel	250
devel_5407	devel	171
devel_5408	devel	232
devel_5409	devel	202
devel_5410	devel	190
devel_5411	devel	221
devel_5412	devel	47
devel_5413	devel	380
devel_5414	devel	124
devel_5415	devel	244
devel_5416	devel	167
devel_5417	devel	29
devel_5418	devel	137
devel_5419	devel	105
devel_5420	devel	36
devel_5421	devel	390
devel_5422	devel	148
devel_5423	devel	312
devel_5424	devel	131
devel_5425	devel	398
devel_5426	devel	328
devel_5427	devel	280
devel_5428	devel	360
devel_5429	devel	289
devel_5430	devel	265
devel_5431	devel	121
devel_5432	devel	254
devel_5433	devel	212
devel_5434	devel	175
devel_5435	devel	131
devel_5436	devel	206
devel_5437	devel	284
devel_5438	devel	269
devel_5439	devel	57
devel_5440	devel	128
devel_5441	devel	214
devel_5442	devel	226
devel_5443	devel	223
devel_5444	devel	60
devel_5445	devel	26
devel_5446	devel	92
devel_5447	devel	64
devel_5448	devel	367
devel_5449	devel	147
devel_5450	devel	202
devel_5451	devel	287
devel_5452	devel	332
devel_5453	devel	287
devel_5454	devel	332
devel_5455	devel	96
devel_5456	devel	29
devel_5457	devel	175
devel_5458	devel	25
devel_5459	devel	5
devel_5460	devel	143
devel_5461	devel	347
devel_5462	devel	410
devel_5463	devel	308
devel_5464	devel	92
devel_5465	devel	255
devel_5466	devel	192
devel_5467	devel	50
devel_5468	devel	118
devel_5469	devel	11
devel_5470	devel	132
devel_5471	devel	71
devel_5472	devel	412
devel_5473	devel	164
devel_5474	devel	260
devel_5475	devel	121
devel_5476	devel	146
devel_5477	devel	115
devel_5478	devel	25
devel_5479	devel	214
devel_5480	devel	43
devel_5481	devel	110
devel_5482	devel	94
devel_5483	devel	57
devel_5484	devel	108
devel_5485	devel	114
devel_5486	devel	272
devel_5487	devel	98
devel_5488	devel	265
devel_5489	devel	246
devel_5490	devel	36
devel_5491	devel	299
devel_5492	devel	391
devel_5493	devel	92
devel_5494	devel	92
devel_5495	devel	146
devel_5496	devel	15
devel_5497	devel	47
devel_5498	devel	51
devel_5499	devel	392
devel_5500	devel	382
devel_5501	devel	409
devel_5502	devel	167
devel_5503	devel	42
devel_5504	devel	251
devel_5505	devel	299
devel_5506	devel	118
devel_5507	devel	334
devel_5508	devel	98
devel_5509	devel	246
devel_5510	devel	267
devel_5511	devel	341
devel_5512	devel	366
devel_5513	devel	140
devel_5514	devel	195
devel_5515	devel	306
devel_5516	devel	370
devel_5517	devel	54
devel_5518	devel	414
devel_5519	devel	212
devel_5520	devel	80
devel_5521	devel	98
devel_5522	devel	296
devel_5523	devel	341
devel_5524	devel	88
devel_5525	devel	244
devel_5526	devel	274
devel_5527	devel	42
devel_5528	devel	229
devel_5529	devel	147
devel_5530	devel	171
devel_5531	devel	167
devel_5532	devel	363
devel_5533	devel	294
devel_5534	devel	341
devel_5535	devel	232
devel_5536	devel	409
devel_5537	devel	50
devel_5538	devel	72
devel_5539	devel	363
devel_5540	devel	227
devel_5541	devel	78
devel_5542	devel	338
devel_5543	devel	192
devel_5544	devel	201
devel_5545	devel	118
devel_5546	devel	118
devel_5547	devel	202
devel_5548	devel	105
devel_5549	devel	390
devel_5550	devel	396
devel_5551	devel	118
devel_5552	devel	192
devel_5553	devel	328
devel_5554	devel	3
devel_5555	devel	221
devel_5556	devel	47
devel_5557	devel	72
devel_5558	devel	262
devel_5559	devel	77
devel_5560	devel	255
devel_5561	devel	81
devel_5562	devel	114
devel_5563	devel	103
devel_5564	devel	92
devel_5565	devel	132
devel_5566	devel	72
devel_5567	devel	129
devel_5568	devel	92
devel_5569	devel	148
devel_5570	devel	137
devel_5571	devel	170
devel_5572	devel	170
devel_5573	devel	262
devel_5574	devel	260
devel_5575	devel	398
devel_5576	devel	214
devel_5577	devel	255
devel_5578	devel	121
devel_5579	devel	341
devel_5580	devel	22
devel_5581	devel	279
devel_5582	devel	152
devel_5583	devel	47
devel_5584	devel	64
devel_5585	devel	223
devel_5586	devel	137
devel_5587	devel	47
devel_5588	devel	43
devel_5589	devel	130
devel_5590	devel	205
devel_5591	devel	149
devel_5592	devel	9
devel_5593	devel	198
devel_5594	devel	57
devel_5595	devel	232
devel_5596	devel	64
devel_5597	devel	51
devel_5598	devel	129
devel_5599	devel	87
devel_5600	devel	227
devel_5601	devel	321
devel_5602	devel	371
devel_5603	devel	273
devel_5604	devel	233
devel_5605	devel	265
devel_5606	devel	8
devel_5607	devel	136
devel_5608	devel	339
devel_5609	devel	117
devel_5610	devel	205
devel_5611	devel	350
devel_5612	devel	308
devel_5613	devel	145
devel_5614	devel	106
devel_5615	devel	87
devel_5616	devel	340
devel_5617	devel	103
devel_5618	devel	192
devel_5619	devel	384
devel_5620	devel	284
devel_5621	devel	257
devel_5622	devel	50
devel_5623	devel	147
devel_5624	devel	15
devel_5625	devel	209
devel_5626	devel	344
devel_5627	devel	284
devel_5628	devel	260
devel_5629	devel	43
devel_5630	devel	398
devel_5631	devel	345
devel_5632	devel	64
devel_5633	devel	16
devel_5634	devel	132
devel_5635	devel	92
devel_5636	devel	117
devel_5637	devel	410
devel_5638	devel	60
devel_5639	devel	152
devel_5640	devel	148
devel_5641	devel	161
devel_5642	devel	108
devel_5643	devel	167
devel_5644	devel	390
devel_5645	devel	299
devel_5646	devel	98
devel_5647	devel	190
devel_5648	devel	206
devel_5649	devel	179
devel_5650	devel	221
devel_5651	devel	64
devel_5652	devel	29
devel_5653	devel	306
devel_5654	devel	212
devel_5655	devel	71
devel_5656	devel	149
devel_5657	devel	299
devel_5658	devel	221
devel_5659	devel	198
devel_5660	devel	186
devel_5661	devel	175
devel_5662	devel	64
devel_5663	devel	54
devel_5664	devel	179
devel_5665	devel	254
devel_5666	devel	350
devel_5667	devel	118
devel_5668	devel	243
devel_5669	devel	137
devel_5670	devel	230
devel_5671	devel	206
devel_5672	devel	87
devel_5673	devel	375
devel_5674	devel	118
devel_5675	devel	167
devel_5676	devel	90
devel_5677	devel	320
devel_5678	devel	170
devel_5679	devel	226
devel_5680	devel	128
devel_5681	devel	124
devel_5682	devel	251
devel_5683	devel	71
devel_5684	devel	230
devel_5685	devel	169
devel_5686	devel	314
devel_5687	devel	211
devel_5688	devel	295
devel_5689	devel	24
devel_5690	devel	232
devel_5691	devel	137
devel_5692	devel	94
devel_5693	devel	9
devel_5694	devel	299
devel_5695	devel	339
devel_5696	devel	379
devel_5697	devel	94
devel_5698	devel	47
devel_5699	devel	331
devel_5700	devel	360
devel_5701	devel	414
devel_5702	devel	193
devel_5703	devel	143
devel_5704	devel	103
devel_5705	devel	105
devel_5706	devel	222
devel_5707	devel	325
devel_5708	devel	36
devel_5709	devel	219
devel_5710	devel	252
devel_5711	devel	22
devel_5712	devel	238
devel_5713	devel	175
devel_5714	devel	274
devel_5715	devel	90
devel_5716	devel	171
devel_5717	devel	170
devel_5718	devel	77
devel_5719	devel	388
devel_5720	devel	386
devel_5721	devel	143
devel_5722	devel	367
devel_5723	devel	265
devel_5724	devel	222
devel_5725	devel	71
devel_5726	devel	352
devel_5727	devel	314
devel_5728	devel	143
devel_5729	devel	391
devel_5730	devel	137
devel_5731	devel	50
devel_5732	devel	3
devel_5733	devel	169
devel_5734	devel	50
devel_5735	devel	255
devel_5736	devel	72
devel_5737	devel	145
devel_5738	devel	284
devel_5739	devel	145
devel_5740	devel	98
devel_5741	devel	219
devel_5742	devel	57
devel_5743	devel	44
devel_5744	devel	29
devel_5745	devel	121
devel_5746	devel	261
devel_5747	devel	42
devel_5748	devel	262
devel_5749	devel	192
devel_5750	devel	296
devel_5751	devel	194
devel_5752	devel	170
devel_5753	devel	296
devel_5754	devel	202
devel_5755	devel	194
devel_5756	devel	29
devel_5757	devel	143
devel_5758	devel	272
devel_5759	devel	15
devel_5760	devel	47
devel_5761	devel	266
devel_5762	devel	371
devel_5763	devel	198
devel_5764	devel	414
devel_5765	devel	90
devel_5766	devel	5
devel_5767	devel	251
devel_5768	devel	22
devel_5769	devel	44
devel_5770	devel	366
devel_5771	devel	87
devel_5772	devel	64
devel_5773	devel	139
devel_5774	devel	131
devel_5775	devel	190
devel_5776	devel	44
devel_5777	devel	179
devel_5778	devel	331
devel_5779	devel	145
devel_5780	devel	60
devel_5781	devel	183
devel_5782	devel	334
devel_5783	devel	22
devel_5784	devel	320
devel_5785	devel	252
devel_5786	devel	193
devel_5787	devel	195
devel_5788	devel	222
devel_5789	devel	314
devel_5790	devel	268
devel_5791	devel	4
devel_5792	devel	81
devel_5793	devel	81
devel_5794	devel	76
devel_5795	devel	341
devel_5796	devel	267
devel_5797	devel	5
devel_5798	devel	229
devel_5799	devel	103
devel_5800	devel	43
devel_5801	devel	186
devel_5802	devel	8
devel_5803	devel	194
devel_5804	devel	78
devel_5805	devel	44
devel_5806	devel	115
devel_5807	devel	3
devel_5808	devel	392
devel_5809	devel	149
devel_5810	devel	106
devel_5811	devel	192
devel_5812	devel	72
devel_5813	devel	87
devel_5814	devel	357
devel_5815	devel	209
devel_5816	devel	264
devel_5817	devel	87
devel_5818	devel	252
devel_5819	devel	193
devel_5820	devel	145
devel_5821	devel	229
devel_5822	devel	167
devel_5823	devel	15
devel_5824	devel	179
devel_5825	devel	221
devel_5826	devel	254
devel_5827	devel	273
devel_5828	devel	170
devel_5829	devel	280
devel_5830	devel	55
devel_5831	devel	38
devel_5832	devel	114
devel_5833	devel	269
devel_5834	devel	212
devel_5835	devel	371
devel_5836	devel	121
devel_5837	devel	272
devel_5838	devel	221
devel_5839	devel	29
devel_5840	devel	262
devel_5841	devel	54
devel_5842	devel	409
devel_5843	devel	103
devel_5844	devel	131
devel_5845	devel	355
devel_5846	devel	198
devel_5847	devel	328
devel_5848	devel	262
devel_5849	devel	81
devel_5850	devel	175
devel_5851	devel	149
devel_5852	devel	149
devel_5853	devel	347
devel_5854	devel	15
devel_5855	devel	29
devel_5856	devel	281
devel_5857	devel	186
devel_5858	devel	343
devel_5859	devel	8
devel_5860	devel	69
devel_5861	devel	367
devel_5862	devel	328
devel_5863	devel	36
devel_5864	devel	190
devel_5865	devel	47
devel_5866	devel	352
devel_5867	devel	334
devel_5868	devel	371
devel_5869	devel	299
devel_5870	devel	72
devel_5871	devel	244
devel_5872	devel	24
devel_5873	devel	132
devel_5874	devel	94
devel_5875	devel	50
devel_5876	devel	108
devel_5877	devel	390
devel_5878	devel	25
devel_5879	devel	299
devel_5880	devel	22
devel_5881	devel	129
devel_5882	devel	94
devel_5883	devel	164
devel_5884	devel	106
devel_5885	devel	161
devel_5886	devel	145
devel_5887	devel	279
devel_5888	devel	332
devel_5889	devel	410
devel_5890	devel	411
devel_5891	devel	314
devel_5892	devel	282
devel_5893	devel	92
devel_5894	devel	15
devel_5895	devel	96
devel_5896	devel	140
devel_5897	devel	143
devel_5898	devel	118
devel_5899	devel	81
devel_5900	devel	375
devel_5901	devel	273
devel_5902	devel	227
devel_5903	devel	362
devel_5904	devel	175
devel_5905	devel	265
devel_5906	devel	233
devel_5907	devel	211
devel_5908	devel	250
devel_5909	devel	78
devel_5910	devel	167
devel_5911	devel	316
devel_5912	devel	320
devel_5913	devel	94
devel_5914	devel	382
devel_5915	devel	314
devel_5916	devel	247
devel_5917	devel	19
devel_5918	devel	147
devel_5919	devel	357
devel_5920	devel	243
devel_5921	devel	3
devel_5922	devel	118
devel_5923	devel	171
devel_5924	devel	171
devel_5925	devel	195
devel_5926	devel	266
devel_5927	devel	145
devel_5928	devel	264
devel_5929	devel	147
devel_5930	devel	261
devel_5931	devel	342
devel_5932	devel	132
devel_5933	devel	71
devel_5934	devel	175
devel_5935	devel	19
devel_5936	devel	47
devel_5937	devel	131
devel_5938	devel	252
devel_5939	devel	164
devel_5940	devel	90
devel_5941	devel	406
devel_5942	devel	392
devel_5943	devel	334
devel_5944	devel	283
devel_5945	devel	321
devel_5946	devel	238
devel_5947	devel	106
devel_5948	devel	8
devel_5949	devel	325
devel_5950	devel	296
devel_5951	devel	143
devel_5952	devel	206
devel_5953	devel	192
devel_5954	devel	170
devel_5955	devel	250
devel_5956	devel	186
devel_5957	devel	132
devel_5958	devel	391
devel_5959	devel	265
devel_5960	devel	370
devel_5961	devel	22
devel_5962	devel	417
devel_5963	devel	221
devel_5964	devel	376
devel_5965	devel	148
devel_5966	devel	69
devel_5967	devel	209
devel_5968	devel	140
devel_5969	devel	108
devel_5970	devel	129
devel_5971	devel	124
devel_5972	devel	223
devel_5973	devel	280
devel_5974	devel	230
devel_5975	devel	334
devel_5976	devel	60
devel_5977	devel	308
devel_5978	devel	285
devel_5979	devel	409
devel_5980	devel	290
devel_5981	devel	108
devel_5982	devel	114
devel_5983	devel	146
devel_5984	devel	274
devel_5985	devel	265
devel_5986	devel	332
devel_5987	devel	54
devel_5988	devel	117
devel_5989	devel	8
devel_5990	devel	272
devel_5991	devel	230
devel_5992	devel	195
devel_5993	devel	341
devel_5994	devel	44
devel_5995	devel	128
devel_5996	devel	221
devel_5997	devel	145
devel_5998	devel	343
devel_5999	devel	295
devel_6000	devel	345
devel_6001	devel	26
devel_6002	devel	411
devel_6003	devel	140
devel_6004	devel	51
devel_6005	devel	383
devel_6006	devel	92
devel_6007	devel	47
devel_6008	devel	295
devel_6009	devel	264
devel_6010	devel	274
devel_6011	devel	192
devel_6012	devel	193
devel_6013	devel	267
devel_6014	devel	108
devel_6015	devel	211
devel_6016	devel	243
devel_6017	devel	328
devel_6018	devel	238
devel_6019	devel	391
devel_6020	devel	148
devel_6021	devel	22
devel_6022	devel	219
devel_6023	devel	284
devel_6024	devel	81
devel_6025	devel	267
devel_6026	devel	209
devel_6027	devel	409
devel_6028	devel	71
devel_6029	devel	190
devel_6030	devel	223
devel_6031	devel	406
devel_6032	devel	380
devel_6033	devel	247
devel_6034	devel	202
devel_6035	devel	218
devel_6036	devel	312
devel_6037	devel	334
devel_6038	devel	410
devel_6039	devel	161
devel_6040	devel	149
devel_6041	devel	370
devel_6042	devel	94
devel_6043	devel	169
devel_6044	devel	146
devel_6045	devel	0
devel_6046	devel	135
devel_6047	devel	281
devel_6048	devel	15
devel_6049	devel	108
devel_6050	devel	280
devel_6051	devel	202
devel_6052	devel	339
devel_6053	devel	344
devel_6054	devel	109
devel_6055	devel	35
devel_6056	devel	219
devel_6057	devel	139
devel_6058	devel	60
devel_6059	devel	105
devel_6060	devel	54
devel_6061	devel	218
devel_6062	devel	87
devel_6063	devel	363
devel_6064	devel	232
devel_6065	devel	383
devel_6066	devel	367
devel_6067	devel	43
devel_6068	devel	202
devel_6069	devel	22
devel_6070	devel	186
devel_6071	devel	175
devel_6072	devel	110
devel_6073	devel	363
devel_6074	devel	406
devel_6075	devel	161
devel_6076	devel	287
devel_6077	devel	131
devel_6078	devel	145
devel_6079	devel	128
devel_6080	devel	118
devel_6081	devel	276
devel_6082	devel	284
devel_6083	devel	186
devel_6084	devel	194
devel_6085	devel	124
devel_6086	devel	186
devel_6087	devel	148
devel_6088	devel	81
devel_6089	devel	36
devel_6090	devel	24
devel_6091	devel	25
devel_6092	devel	43
devel_6093	devel	250
devel_6094	devel	383
devel_6095	devel	47
devel_6096	devel	388
devel_6097	devel	362
devel_6098	devel	15
devel_6099	devel	19
devel_6100	devel	250
devel_6101	devel	264
devel_6102	devel	190
devel_6103	devel	38
devel_6104	devel	171
devel_6105	devel	117
devel_6106	devel	54
devel_6107	devel	177
devel_6108	devel	212
devel_6109	devel	186
devel_6110	devel	328
devel_6111	devel	143
devel_6112	devel	205
devel_6113	devel	384
devel_6114	devel	229
devel_6115	devel	22
devel_6116	devel	131
devel_6117	devel	388
devel_6118	devel	334
devel_6119	devel	186
devel_6120	devel	382
devel_6121	devel	129
devel_6122	devel	412
devel_6123	devel	244
devel_6124	devel	274
devel_6125	devel	341
devel_6126	devel	87
devel_6127	devel	195
devel_6128	devel	169
devel_6129	devel	132
devel_6130	devel	90
devel_6131	devel	114
devel_6132	devel	167
devel_6133	devel	29
devel_6134	devel	57
devel_6135	devel	50
devel_6136	devel	274
devel_6137	devel	130
devel_6138	devel	222
devel_6139	devel	171
devel_6140	devel	4
devel_6141	devel	117
devel_6142	devel	221
devel_6143	devel	192
devel_6144	devel	108
devel_6145	devel	161
devel_6146	devel	417
devel_6147	devel	367
devel_6148	devel	316
devel_6149	devel	143
devel_6150	devel	124
devel_6151	devel	71
devel_6152	devel	314
devel_6153	devel	92
devel_6154	devel	106
devel_6155	devel	50
devel_6156	devel	250
devel_6157	devel	87
devel_6158	devel	334
devel_6159	devel	226
devel_6160	devel	57
devel_6161	devel	50
devel_6162	devel	211
devel_6163	devel	190
devel_6164	devel	152
devel_6165	devel	234
devel_6166	devel	225
devel_6167	devel	252
devel_6168	devel	161
devel_6169	devel	170
devel_6170	devel	139
devel_6171	devel	103
devel_6172	devel	164
devel_6173	devel	103
devel_6174	devel	69
devel_6175	devel	299
devel_6176	devel	222
devel_6177	devel	26
devel_6178	devel	129
devel_6179	devel	371
devel_6180	devel	169
devel_6181	devel	94
devel_6182	devel	238
devel_6183	devel	316
devel_6184	devel	50
devel_6185	devel	390
devel_6186	devel	411
devel_6187	devel	384
devel_6188	devel	380
devel_6189	devel	0
devel_6190	devel	22
devel_6191	devel	414
devel_6192	devel	384
devel_6193	devel	411
devel_6194	devel	226
devel_6195	devel	78
devel_6196	devel	255
devel_6197	devel	227
devel_6198	devel	11
devel_6199	devel	8
devel_6200	devel	137
devel_6201	devel	186
devel_6202	devel	276
devel_6203	devel	230
devel_6204	devel	224
devel_6205	devel	252
devel_6206	devel	146
devel_6207	devel	283
devel_6208	devel	312
devel_6209	devel	121
devel_6210	devel	121
devel_6211	devel	194
devel_6212	devel	69
devel_6213	devel	186
devel_6214	devel	265
devel_6215	devel	409
devel_6216	devel	124
devel_6217	devel	60
devel_6218	devel	130
devel_6219	devel	214
devel_6220	devel	147
devel_6221	devel	60
devel_6222	devel	106
devel_6223	devel	267
devel_6224	devel	387
devel_6225	devel	264
devel_6226	devel	118
devel_6227	devel	299
devel_6228	devel	192
devel_6229	devel	255
devel_6230	devel	22
devel_6231	devel	370
devel_6232	devel	212
devel_6233	devel	143
devel_6234	devel	320
devel_6235	devel	25
devel_6236	devel	415
devel_6237	devel	209
devel_6238	devel	362
devel_6239	devel	25
devel_6240	devel	316
devel_6241	devel	273
devel_6242	devel	170
devel_6243	devel	192
devel_6244	devel	284
devel_6245	devel	345
devel_6246	devel	274
devel_6247	devel	271
devel_6248	devel	202
devel_6249	devel	412
devel_6250	devel	78
devel_6251	devel	341
devel_6252	devel	8
devel_6253	devel	234
devel_6254	devel	76
devel_6255	devel	25
devel_6256	devel	171
devel_6257	devel	143
devel_6258	devel	152
devel_6259	devel	409
devel_6260	devel	221
devel_6261	devel	266
devel_6262	devel	367
devel_6263	devel	379
devel_6264	devel	198
devel_6265	devel	417
devel_6266	devel	12
devel_6267	devel	334
devel_6268	devel	411
devel_6269	devel	367
devel_6270	devel	43
devel_6271	devel	12
devel_6272	devel	143
devel_6273	devel	118
devel_6274	devel	8
devel_6275	devel	264
devel_6276	devel	233
devel_6277	devel	255
devel_6278	devel	312
devel_6279	devel	161
devel_6280	devel	222
devel_6281	devel	64
devel_6282	devel	320
devel_6283	devel	272
devel_6284	devel	57
devel_6285	devel	81
devel_6286	devel	209
devel_6287	devel	8
devel_6288	devel	412
devel_6289	devel	344
devel_6290	devel	44
devel_6291	devel	194
devel_6292	devel	328
devel_6293	devel	255
devel_6294	devel	103
devel_6295	devel	164
devel_6296	devel	193
devel_6297	devel	88
devel_6298	devel	284
devel_6299	devel	194
devel_6300	devel	308
devel_6301	devel	52
devel_6302	devel	247
devel_6303	devel	8
devel_6304	devel	360
devel_6305	devel	238
devel_6306	devel	312
devel_6307	devel	274
devel_6308	devel	363
devel_6309	devel	195
devel_6310	devel	147
devel_6311	devel	296
devel_6312	devel	246
devel_6313	devel	11
devel_6314	devel	81
devel_6315	devel	223
devel_6316	devel	384
devel_6317	devel	262
devel_6318	devel	221
devel_6319	devel	186
devel_6320	devel	29
devel_6321	devel	226
devel_6322	devel	331
devel_6323	devel	268
devel_6324	devel	391
devel_6325	devel	412
devel_6326	devel	90
devel_6327	devel	384
devel_6328	devel	139
devel_6329	devel	152
devel_6330	devel	167
devel_6331	devel	47
devel_6332	devel	276
devel_6333	devel	328
devel_6334	devel	306
devel_6335	devel	222
devel_6336	devel	276
devel_6337	devel	382
devel_6338	devel	19
devel_6339	devel	250
devel_6340	devel	265
devel_6341	devel	223
devel_6342	devel	365
devel_6343	devel	360
devel_6344	devel	136
devel_6345	devel	124
devel_6346	devel	331
devel_6347	devel	114
devel_6348	devel	71
devel_6349	devel	209
devel_6350	devel	130
devel_6351	devel	192
devel_6352	devel	390
devel_6353	devel	94
devel_6354	devel	169
devel_6355	devel	121
devel_6356	devel	325
devel_6357	devel	105
devel_6358	devel	57
devel_6359	devel	206
devel_6360	devel	176
devel_6361	devel	352
devel_6362	devel	192
devel_6363	devel	252
devel_6364	devel	108
devel_6365	devel	132
devel_6366	devel	199
devel_6367	devel	219
devel_6368	devel	380
devel_6369	devel	306
devel_6370	devel	92
devel_6371	devel	367
devel_6372	devel	164
devel_6373	devel	211
devel_6374	devel	64
devel_6375	devel	212
devel_6376	devel	282
devel_6377	devel	114
devel_6378	devel	50
devel_6379	devel	57
devel_6380	devel	9
devel_6381	devel	71
devel_6382	devel	42
devel_6383	devel	161
devel_6384	devel	171
devel_6385	devel	117
devel_6386	devel	115
devel_6387	devel	296
devel_6388	devel	276
devel_6389	devel	15
devel_6390	devel	72
devel_6391	devel	265
devel_6392	devel	5
devel_6393	devel	250
devel_6394	devel	29
devel_6395	devel	343
devel_6396	devel	232
devel_6397	devel	139
devel_6398	devel	284
devel_6399	devel	22
devel_6400	devel	131
devel_6401	devel	343
devel_6402	devel	22
devel_6403	devel	347
devel_6404	devel	161
devel_6405	devel	57
devel_6406	devel	145
devel_6407	devel	136
devel_6408	devel	186
devel_6409	devel	130
devel_6410	devel	243
devel_6411	devel	334
devel_6412	devel	345
devel_6413	devel	209
devel_6414	devel	289
devel_6415	devel	131
devel_6416	devel	98
devel_6417	devel	367
devel_6418	devel	218
devel_6419	devel	412
devel_6420	devel	57
devel_6421	devel	210
devel_6422	devel	194
devel_6423	devel	44
devel_6424	devel	186
devel_6425	devel	11
devel_6426	devel	44
devel_6427	devel	271
devel_6428	devel	72
devel_6429	devel	289
devel_6430	devel	223
devel_6431	devel	64
devel_6432	devel	139
devel_6433	devel	175
devel_6434	devel	221
devel_6435	devel	194
devel_6436	devel	3
devel_6437	devel	143
devel_6438	devel	147
devel_6439	devel	328
devel_6440	devel	321
devel_6441	devel	136
devel_6442	devel	350
devel_6443	devel	295
devel_6444	devel	198
devel_6445	devel	177
devel_6446	devel	376
devel_6447	devel	324
devel_6448	devel	234
devel_6449	devel	69
devel_6450	devel	195
devel_6451	devel	92
devel_6452	devel	114
devel_6453	devel	106
devel_6454	devel	44
devel_6455	devel	149
devel_6456	devel	136
devel_6457	devel	192
devel_6458	devel	167
devel_6459	devel	224
devel_6460	devel	229
devel_6461	devel	114
devel_6462	devel	124
devel_6463	devel	238
devel_6464	devel	250
devel_6465	devel	77
devel_6466	devel	265
devel_6467	devel	179
devel_6468	devel	72
devel_6469	devel	209
devel_6470	devel	132
devel_6471	devel	147
devel_6472	devel	311
devel_6473	devel	363
devel_6474	devel	50
devel_6475	devel	218
devel_6476	devel	132
devel_6477	devel	206
devel_6478	devel	308
devel_6479	devel	218
devel_6480	devel	192
devel_6481	devel	108
devel_6482	devel	147
devel_6483	devel	380
devel_6484	devel	252
devel_6485	devel	90
devel_6486	devel	77
devel_6487	devel	347
devel_6488	devel	284
devel_6489	devel	325
devel_6490	devel	170
devel_6491	devel	410
devel_6492	devel	363
devel_6493	devel	175
devel_6494	devel	362
devel_6495	devel	43
devel_6496	devel	169
devel_6497	devel	338
devel_6498	devel	105
devel_6499	devel	198
devel_6500	devel	50
devel_6501	devel	96
devel_6502	devel	343
devel_6503	devel	130
devel_6504	devel	80
devel_6505	devel	148
devel_6506	devel	192
devel_6507	devel	108
devel_6508	devel	117
devel_6509	devel	276
devel_6510	devel	140
devel_6511	devel	148
devel_6512	devel	284
devel_6513	devel	357
devel_6514	devel	26
devel_6515	devel	94
devel_6516	devel	179
devel_6517	devel	229
devel_6518	devel	202
devel_6519	devel	11
devel_6520	devel	307
devel_6521	devel	371
devel_6522	devel	388
devel_6523	devel	265
devel_6524	devel	44
devel_6525	devel	149
devel_6526	devel	87
devel_6527	devel	287
devel_6528	devel	148
devel_6529	devel	55
devel_6530	devel	339
devel_6531	devel	391
devel_6532	devel	347
devel_6533	devel	244
devel_6534	devel	103
devel_6535	devel	175
devel_6536	devel	195
devel_6537	devel	411
devel_6538	devel	152
devel_6539	devel	87
devel_6540	devel	29
devel_6541	devel	108
devel_6542	devel	226
devel_6543	devel	11
devel_6544	devel	121
devel_6545	devel	47
devel_6546	devel	352
devel_6547	devel	77
devel_6548	devel	136
devel_6549	devel	146
devel_6550	devel	94
devel_6551	devel	284
devel_6552	devel	137
devel_6553	devel	371
devel_6554	devel	338
devel_6555	devel	343
devel_6556	devel	78
devel_6557	devel	409
devel_6558	devel	35
devel_6559	devel	64
devel_6560	devel	190
devel_6561	devel	287
devel_6562	devel	264
devel_6563	devel	312
devel_6564	devel	222
devel_6565	devel	72
devel_6566	devel	118
devel_6567	devel	118
devel_6568	devel	255
devel_6569	devel	412
devel_6570	devel	129
devel_6571	devel	4
devel_6572	devel	132
devel_6573	devel	11
devel_6574	devel	87
devel_6575	devel	0
devel_6576	devel	284
devel_6577	devel	338
devel_6578	devel	44
devel_6579	devel	271
devel_6580	devel	36
devel_6581	devel	192
devel_6582	devel	334
devel_6583	devel	199
devel_6584	devel	87
devel_6585	devel	114
devel_6586	devel	386
devel_6587	devel	105
devel_6588	devel	266
devel_6589	devel	260
devel_6590	devel	169
devel_6591	devel	152
devel_6592	devel	128
devel_6593	devel	145
devel_6594	devel	15
devel_6595	devel	331
devel_6596	devel	131
devel_6597	devel	332
devel_6598	devel	391
devel_6599	devel	71
devel_6600	devel	246
devel_6601	devel	243
devel_6602	devel	306
devel_6603	devel	129
devel_6604	devel	57
devel_6605	devel	287
devel_6606	devel	81
devel_6607	devel	251
devel_6608	devel	55
devel_6609	devel	250
devel_6610	devel	11
devel_6611	devel	44
devel_6612	devel	246
devel_6613	devel	410
devel_6614	devel	250
devel_6615	devel	384
devel_6616	devel	371
devel_6617	devel	265
devel_6618	devel	106
devel_6619	devel	129
devel_6620	devel	26
devel_6621	devel	295
devel_6622	devel	274
devel_6623	devel	145
devel_6624	devel	375
devel_6625	devel	161
devel_6626	devel	147
devel_6627	devel	167
devel_6628	devel	276
devel_6629	devel	398
devel_6630	devel	96
devel_6631	devel	222
devel_6632	devel	376
devel_6633	devel	103
devel_6634	devel	314
devel_6635	devel	199
devel_6636	devel	343
devel_6637	devel	71
devel_6638	devel	81
devel_6639	devel	161
devel_6640	devel	12
devel_6641	devel	244
devel_6642	devel	276
devel_6643	devel	35
devel_6644	devel	140
devel_6645	devel	380
devel_6646	devel	186
devel_6647	devel	148
devel_6648	devel	299
devel_6649	devel	299
devel_6650	devel	252
devel_6651	devel	271
devel_6652	devel	105
devel_6653	devel	29
devel_6654	devel	365
devel_6655	devel	281
devel_6656	devel	103
devel_6657	devel	222
devel_6658	devel	199
devel_6659	devel	152
devel_6660	devel	78
devel_6661	devel	276
devel_6662	devel	306
devel_6663	devel	171
devel_6664	devel	137
devel_6665	devel	222
devel_6666	devel	375
devel_6667	devel	264
devel_6668	devel	51
devel_6669	devel	54
devel_6670	devel	81
devel_6671	devel	19
devel_6672	devel	192
devel_6673	devel	26
devel_6674	devel	392
devel_6675	devel	284
devel_6676	devel	29
devel_6677	devel	202
devel_6678	devel	90
devel_6679	devel	281
devel_6680	devel	36
devel_6681	devel	130
devel_6682	devel	210
devel_6683	devel	177
devel_6684	devel	98
devel_6685	devel	230
devel_6686	devel	148
devel_6687	devel	47
devel_6688	devel	54
devel_6689	devel	190
devel_6690	devel	214
devel_6691	devel	251
devel_6692	devel	90
devel_6693	devel	69
devel_6694	devel	301
devel_6695	devel	282
devel_6696	devel	299
devel_6697	devel	139
devel_6698	devel	170
devel_6699	devel	110
devel_6700	devel	140
devel_6701	devel	108
devel_6702	devel	15
devel_6703	devel	36
devel_6704	devel	3
devel_6705	devel	129
devel_6706	devel	179
devel_6707	devel	392
devel_6708	devel	332
devel_6709	devel	36
devel_6710	devel	90
devel_6711	devel	274
devel_6712	devel	267
devel_6713	devel	328
devel_6714	devel	387
devel_6715	devel	190
devel_6716	devel	71
devel_6717	devel	205
devel_6718	devel	223
devel_6719	devel	375
devel_6720	devel	22
devel_6721	devel	380
devel_6722	devel	295
devel_6723	devel	36
devel_6724	devel	3
devel_6725	devel	257
devel_6726	devel	314
devel_6727	devel	205
devel_6728	devel	229
devel_6729	devel	412
devel_6730	devel	139
devel_6731	devel	88
devel_6732	devel	234
devel_6733	devel	137
devel_6734	devel	281
devel_6735	devel	261
devel_6736	devel	262
devel_6737	devel	332
devel_6738	devel	345
devel_6739	devel	279
devel_6740	devel	383
devel_6741	devel	412
devel_6742	devel	193
devel_6743	devel	344
devel_6744	devel	44
devel_6745	devel	390
devel_6746	devel	114
devel_6747	devel	268
devel_6748	devel	232
devel_6749	devel	193
devel_6750	devel	108
devel_6751	devel	50
devel_6752	devel	308
devel_6753	devel	186
devel_6754	devel	137
devel_6755	devel	341
devel_6756	devel	42
devel_6757	devel	289
devel_6758	devel	24
devel_6759	devel	167
devel_6760	devel	222
devel_6761	devel	100
devel_6762	devel	100
devel_6763	devel	196
devel_6764	devel	175
devel_6765	devel	321
devel_6766	devel	388
devel_6767	devel	106
devel_6768	devel	352
devel_6769	devel	225
devel_6770	devel	250
devel_6771	devel	92
devel_6772	devel	3
devel_6773	devel	283
devel_6774	devel	388
devel_6775	devel	341
devel_6776	devel	342
devel_6777	devel	268
devel_6778	devel	55
devel_6779	devel	218
devel_6780	devel	186
devel_6781	devel	232
devel_6782	devel	410
devel_6783	devel	4
devel_6784	devel	12
devel_6785	devel	387
devel_6786	devel	147
devel_6787	devel	367
devel_6788	devel	280
devel_6789	devel	244
devel_6790	devel	283
devel_6791	devel	105
devel_6792	devel	148
devel_6793	devel	130
devel_6794	devel	44
devel_6795	devel	192
devel_6796	devel	388
devel_6797	devel	121
devel_6798	devel	252
devel_6799	devel	290
devel_6800	devel	33
devel_6801	devel	383
devel_6802	devel	262
devel_6803	devel	371
devel_6804	devel	129
devel_6805	devel	11
devel_6806	devel	152
devel_6807	devel	238
devel_6808	devel	106
devel_6809	devel	328
devel_6810	devel	24
devel_6811	devel	269
devel_6812	devel	219
devel_6813	devel	212
devel_6814	devel	391
devel_6815	devel	210
devel_6816	devel	332
devel_6817	devel	341
devel_6818	devel	129
devel_6819	devel	179
devel_6820	devel	244
devel_6821	devel	229
devel_6822	devel	334
devel_6823	devel	344
devel_6824	devel	130
devel_6825	devel	170
devel_6826	devel	283
devel_6827	devel	261
devel_6828	devel	108
devel_6829	devel	9
devel_6830	devel	357
devel_6831	devel	267
devel_6832	devel	269
devel_6833	devel	232
devel_6834	devel	260
devel_6835	devel	117
devel_6836	devel	190
devel_6837	devel	355
devel_6838	devel	124
devel_6839	devel	132
devel_6840	devel	103
devel_6841	devel	276
devel_6842	devel	179
devel_6843	devel	198
devel_6844	devel	114
devel_6845	devel	299
devel_6846	devel	115
devel_6847	devel	282
devel_6848	devel	352
devel_6849	devel	260
devel_6850	devel	296
devel_6851	devel	147
devel_6852	devel	55
devel_6853	devel	103
devel_6854	devel	314
devel_6855	devel	16
devel_6856	devel	124
devel_6857	devel	15
devel_6858	devel	78
devel_6859	devel	179
devel_6860	devel	331
devel_6861	devel	139
devel_6862	devel	414
devel_6863	devel	152
devel_6864	devel	214
devel_6865	devel	224
devel_6866	devel	274
devel_6867	devel	50
devel_6868	devel	96
devel_6869	devel	35
devel_6870	devel	218
devel_6871	devel	264
devel_6872	devel	221
devel_6873	devel	195
devel_6874	devel	135
devel_6875	devel	143
devel_6876	devel	409
devel_6877	devel	149
devel_6878	devel	260
devel_6879	devel	50
devel_6880	devel	8
devel_6881	devel	164
devel_6882	devel	341
devel_6883	devel	137
devel_6884	devel	60
devel_6885	devel	105
devel_6886	devel	131
devel_6887	devel	294
devel_6888	devel	269
devel_6889	devel	8
devel_6890	devel	15
devel_6891	devel	140
devel_6892	devel	0
devel_6893	devel	146
devel_6894	devel	387
devel_6895	devel	36
devel_6896	devel	222
devel_6897	devel	124
devel_6898	devel	338
devel_6899	devel	51
devel_6900	devel	121
devel_6901	devel	388
devel_6902	devel	114
devel_6903	devel	281
devel_6904	devel	209
devel_6905	devel	128
devel_6906	devel	54
devel_6907	devel	205
devel_6908	devel	273
devel_6909	devel	167
devel_6910	devel	320
devel_6911	devel	218
devel_6912	devel	261
devel_6913	devel	96
devel_6914	devel	331
devel_6915	devel	380
devel_6916	devel	299
devel_6917	devel	137
devel_6918	devel	274
devel_6919	devel	265
devel_6920	devel	380
devel_6921	devel	9
devel_6922	devel	147
devel_6923	devel	179
devel_6924	devel	64
devel_6925	devel	16
devel_6926	devel	234
devel_6927	devel	331
devel_6928	devel	26
devel_6929	devel	412
devel_6930	devel	367
devel_6931	devel	179
devel_6932	devel	169
devel_6933	devel	25
devel_6934	devel	339
devel_6935	devel	347
devel_6936	devel	57
devel_6937	devel	110
devel_6938	devel	42
devel_6939	devel	212
devel_6940	devel	367
devel_6941	devel	103
devel_6942	devel	161
devel_6943	devel	268
devel_6944	devel	128
devel_6945	devel	320
devel_6946	devel	380
devel_6947	devel	229
devel_6948	devel	38
devel_6949	devel	0
devel_6950	devel	47
devel_6951	devel	260
devel_6952	devel	386
devel_6953	devel	98
devel_6954	devel	148
devel_6955	devel	12
devel_6956	devel	139
devel_6957	devel	71
devel_6958	devel	198
devel_6959	devel	352
devel_6960	devel	147
devel_6961	devel	88
devel_6962	devel	198
devel_6963	devel	262
devel_6964	devel	390
devel_6965	devel	110
devel_6966	devel	131
devel_6967	devel	103
devel_6968	devel	314
devel_6969	devel	131
devel_6970	devel	218
devel_6971	devel	43
devel_6972	devel	226
devel_6973	devel	100
devel_6974	devel	234
devel_6975	devel	233
devel_6976	devel	306
devel_6977	devel	255
devel_6978	devel	54
devel_6979	devel	60
devel_6980	devel	299
devel_6981	devel	338
devel_6982	devel	36
devel_6983	devel	24
devel_6984	devel	255
devel_6985	devel	312
devel_6986	devel	44
devel_6987	devel	137
devel_6988	devel	108
devel_6989	devel	118
devel_6990	devel	365
devel_6991	devel	363
devel_6992	devel	115
devel_6993	devel	264
devel_6994	devel	140
devel_6995	devel	264
devel_6996	devel	320
devel_6997	devel	219
devel_6998	devel	124
devel_6999	devel	149
devel_7000	devel	96
devel_7001	devel	130
devel_7002	devel	262
devel_7003	devel	409
devel_7004	devel	44
devel_7005	devel	145
devel_7006	devel	360
devel_7007	devel	357
devel_7008	devel	380
devel_7009	devel	108
devel_7010	devel	124
devel_7011	devel	35
devel_7012	devel	131
devel_7013	devel	147
devel_7014	devel	121
devel_7015	devel	412
devel_7016	devel	409
devel_7017	devel	183
devel_7018	devel	264
devel_7019	devel	36
devel_7020	devel	216
devel_7021	devel	143
devel_7022	devel	415
devel_7023	devel	47
devel_7024	devel	370
devel_7025	devel	8
devel_7026	devel	55
devel_7027	devel	396
devel_7028	devel	244
devel_7029	devel	199
devel_7030	devel	345
devel_7031	devel	139
devel_7032	devel	90
devel_7033	devel	328
devel_7034	devel	139
devel_7035	devel	367
devel_7036	devel	412
devel_7037	devel	299
devel_7038	devel	316
devel_7039	devel	195
devel_7040	devel	334
devel_7041	devel	131
devel_7042	devel	148
devel_7043	devel	233
devel_7044	devel	190
devel_7045	devel	205
devel_7046	devel	222
devel_7047	devel	149
devel_7048	devel	175
devel_7049	devel	371
devel_7050	devel	409
devel_7051	devel	169
devel_7052	devel	29
devel_7053	devel	255
devel_7054	devel	44
devel_7055	devel	273
devel_7056	devel	11
devel_7057	devel	22
devel_7058	devel	19
devel_7059	devel	72
devel_7060	devel	71
devel_7061	devel	273
devel_7062	devel	345
devel_7063	devel	153
devel_7064	devel	375
devel_7065	devel	4
devel_7066	devel	136
devel_7067	devel	250
devel_7068	devel	137
devel_7069	devel	170
devel_7070	devel	140
devel_7071	devel	199
devel_7072	devel	342
devel_7073	devel	77
devel_7074	devel	88
devel_7075	devel	411
devel_7076	devel	409
devel_7077	devel	252
devel_7078	devel	171
devel_7079	devel	131
devel_7080	devel	96
devel_7081	devel	19
devel_7082	devel	193
devel_7083	devel	132
devel_7084	devel	343
devel_7085	devel	183
devel_7086	devel	50
devel_7087	devel	362
devel_7088	devel	72
devel_7089	devel	250
devel_7090	devel	54
devel_7091	devel	43
devel_7092	devel	345
devel_7093	devel	415
devel_7094	devel	177
devel_7095	devel	29
devel_7096	devel	3
devel_7097	devel	16
devel_7098	devel	226
devel_7099	devel	281
devel_7100	devel	175
devel_7101	devel	232
devel_7102	devel	190
devel_7103	devel	199
devel_7104	devel	299
devel_7105	devel	343
devel_7106	devel	43
devel_7107	devel	272
devel_7108	devel	98
devel_7109	devel	88
devel_7110	devel	118
devel_7111	devel	296
devel_7112	devel	299
devel_7113	devel	26
devel_7114	devel	81
devel_7115	devel	283
devel_7116	devel	232
devel_7117	devel	380
devel_7118	devel	161
devel_7119	devel	146
devel_7120	devel	0
devel_7121	devel	260
devel_7122	devel	44
devel_7123	devel	370
devel_7124	devel	92
devel_7125	devel	132
devel_7126	devel	132
devel_7127	devel	283
devel_7128	devel	131
devel_7129	devel	284
devel_7130	devel	212
devel_7131	devel	171
devel_7132	devel	146
devel_7133	devel	365
devel_7134	devel	87
devel_7135	devel	108
devel_7136	devel	64
devel_7137	devel	306
devel_7138	devel	283
devel_7139	devel	363
devel_7140	devel	25
devel_7141	devel	94
devel_7142	devel	234
devel_7143	devel	143
devel_7144	devel	90
devel_7145	devel	69
devel_7146	devel	251
devel_7147	devel	54
devel_7148	devel	54
devel_7149	devel	81
devel_7150	devel	255
devel_7151	devel	338
devel_7152	devel	380
devel_7153	devel	8
devel_7154	devel	90
devel_7155	devel	296
devel_7156	devel	357
devel_7157	devel	252
devel_7158	devel	131
devel_7159	devel	212
devel_7160	devel	131
devel_7161	devel	22
devel_7162	devel	386
devel_7163	devel	96
devel_7164	devel	43
devel_7165	devel	90
devel_7166	devel	118
devel_7167	devel	274
devel_7168	devel	283
devel_7169	devel	411
devel_7170	devel	384
devel_7171	devel	212
devel_7172	devel	72
devel_7173	devel	50
devel_7174	devel	350
devel_7175	devel	136
devel_7176	devel	90
devel_7177	devel	339
devel_7178	devel	244
devel_7179	devel	11
devel_7180	devel	108
devel_7181	devel	44
devel_7182	devel	332
devel_7183	devel	205
devel_7184	devel	328
devel_7185	devel	371
devel_7186	devel	161
devel_7187	devel	285
devel_7188	devel	170
devel_7189	devel	42
devel_7190	devel	87
devel_7191	devel	218
devel_7192	devel	42
devel_7193	devel	192
devel_7194	devel	411
devel_7195	devel	343
devel_7196	devel	121
devel_7197	devel	251
devel_7198	devel	243
devel_7199	devel	379
devel_7200	devel	265
devel_7201	devel	343
devel_7202	devel	26
devel_7203	devel	4
devel_7204	devel	114
devel_7205	devel	128
devel_7206	devel	238
devel_7207	devel	71
devel_7208	devel	312
devel_7209	devel	118
devel_7210	devel	244
devel_7211	devel	363
devel_7212	devel	334
devel_7213	devel	96
devel_7214	devel	19
devel_7215	devel	171
devel_7216	devel	78
devel_7217	devel	312
devel_7218	devel	12
devel_7219	devel	198
devel_7220	devel	129
devel_7221	devel	412
devel_7222	devel	90
devel_7223	devel	169
devel_7224	devel	43
devel_7225	devel	210
devel_7226	devel	255
devel_7227	devel	345
devel_7228	devel	35
devel_7229	devel	19
devel_7230	devel	247
devel_7231	devel	382
devel_7232	devel	320
devel_7233	devel	8
devel_7234	devel	341
devel_7235	devel	273
devel_7236	devel	252
devel_7237	devel	50
devel_7238	devel	90
devel_7239	devel	186
devel_7240	devel	195
devel_7241	devel	16
devel_7242	devel	117
devel_7243	devel	42
devel_7244	devel	130
devel_7245	devel	132
devel_7246	devel	164
devel_7247	devel	251
devel_7248	devel	186
devel_7249	devel	190
devel_7250	devel	344
devel_7251	devel	140
devel_7252	devel	409
devel_7253	devel	276
devel_7254	devel	131
devel_7255	devel	247
devel_7256	devel	411
devel_7257	devel	161
devel_7258	devel	383
devel_7259	devel	202
devel_7260	devel	410
devel_7261	devel	375
devel_7262	devel	16
devel_7263	devel	411
devel_7264	devel	78
devel_7265	devel	312
devel_7266	devel	47
devel_7267	devel	199
devel_7268	devel	145
devel_7269	devel	2
devel_7270	devel	132
devel_7271	devel	325
devel_7272	devel	4
devel_7273	devel	47
devel_7274	devel	29
devel_7275	devel	371
devel_7276	devel	266
devel_7277	devel	198
devel_7278	devel	145
devel_7279	devel	29
devel_7280	devel	308
devel_7281	devel	26
devel_7282	devel	132
devel_7283	devel	0
devel_7284	devel	137
devel_7285	devel	25
devel_7286	devel	94
devel_7287	devel	3
devel_7288	devel	373
devel_7289	devel	108
devel_7290	devel	42
devel_7291	devel	145
devel_7292	devel	250
devel_7293	devel	262
devel_7294	devel	312
devel_7295	devel	192
devel_7296	devel	103
devel_7297	devel	252
devel_7298	devel	194
devel_7299	devel	98
devel_7300	devel	175
devel_7301	devel	360
devel_7302	devel	314
devel_7303	devel	299
devel_7304	devel	375
devel_7305	devel	87
devel_7306	devel	332
devel_7307	devel	22
devel_7308	devel	69
devel_7309	devel	193
devel_7310	devel	195
devel_7311	devel	57
devel_7312	devel	276
devel_7313	devel	0
devel_7314	devel	244
devel_7315	devel	25
devel_7316	devel	87
devel_7317	devel	260
devel_7318	devel	299
devel_7319	devel	390
devel_7320	devel	261
devel_7321	devel	312
devel_7322	devel	29
devel_7323	devel	320
devel_7324	devel	130
devel_7325	devel	312
devel_7326	devel	131
devel_7327	devel	334
devel_7328	devel	195
devel_7329	devel	244
devel_7330	devel	54
devel_7331	devel	391
devel_7332	devel	261
devel_7333	devel	230
devel_7334	devel	409
devel_7335	devel	396
devel_7336	devel	186
devel_7337	devel	390
devel_7338	devel	370
devel_7339	devel	202
devel_7340	devel	71
devel_7341	devel	281
devel_7342	devel	262
devel_7343	devel	266
devel_7344	devel	167
devel_7345	devel	209
devel_7346	devel	410
devel_7347	devel	360
devel_7348	devel	57
devel_7349	devel	192
devel_7350	devel	267
devel_7351	devel	386
devel_7352	devel	145
devel_7353	devel	262
devel_7354	devel	219
devel_7355	devel	161
devel_7356	devel	12
devel_7357	devel	388
devel_7358	devel	371
devel_7359	devel	105
devel_7360	devel	398
devel_7361	devel	136
devel_7362	devel	44
devel_7363	devel	170
devel_7364	devel	371
devel_7365	devel	131
devel_7366	devel	268
devel_7367	devel	282
devel_7368	devel	103
devel_7369	devel	78
devel_7370	devel	274
devel_7371	devel	412
devel_7372	devel	75
devel_7373	devel	96
devel_7374	devel	92
devel_7375	devel	88
devel_7376	devel	57
devel_7377	devel	42
devel_7378	devel	55
devel_7379	devel	5
devel_7380	devel	47
devel_7381	devel	344
devel_7382	devel	383
devel_7383	devel	393
devel_7384	devel	130
devel_7385	devel	98
devel_7386	devel	210
devel_7387	devel	387
devel_7388	devel	108
devel_7389	devel	77
devel_7390	devel	175
devel_7391	devel	370
devel_7392	devel	232
devel_7393	devel	262
devel_7394	devel	345
devel_7395	devel	262
devel_7396	devel	308
devel_7397	devel	295
devel_7398	devel	347
devel_7399	devel	212
devel_7400	devel	266
devel_7401	devel	81
devel_7402	devel	64
devel_7403	devel	121
devel_7404	devel	367
devel_7405	devel	132
devel_7406	devel	299
devel_7407	devel	87
devel_7408	devel	186
devel_7409	devel	280
devel_7410	devel	308
devel_7411	devel	106
devel_7412	devel	209
devel_7413	devel	103
devel_7414	devel	285
devel_7415	devel	147
devel_7416	devel	64
devel_7417	devel	198
devel_7418	devel	148
devel_7419	devel	246
devel_7420	devel	115
devel_7421	devel	334
devel_7422	devel	250
devel_7423	devel	81
devel_7424	devel	3
devel_7425	devel	44
devel_7426	devel	26
devel_7427	devel	44
devel_7428	devel	296
devel_7429	devel	90
devel_7430	devel	170
devel_7431	devel	229
devel_7432	devel	192
devel_7433	devel	376
devel_7434	devel	71
devel_7435	devel	132
devel_7436	devel	96
devel_7437	devel	246
devel_7438	devel	214
devel_7439	devel	149
devel_7440	devel	260
devel_7441	devel	5
devel_7442	devel	312
devel_7443	devel	98
devel_7444	devel	167
devel_7445	devel	295
devel_7446	devel	147
devel_7447	devel	164
devel_7448	devel	69
devel_7449	devel	363
devel_7450	devel	232
devel_7451	devel	409
devel_7452	devel	64
devel_7453	devel	234
devel_7454	devel	25
devel_7455	devel	284
devel_7456	devel	341
devel_7457	devel	72
devel_7458	devel	64
devel_7459	devel	375
devel_7460	devel	199
devel_7461	devel	384
devel_7462	devel	19
devel_7463	devel	260
devel_7464	devel	152
devel_7465	devel	371
devel_7466	devel	124
devel_7467	devel	171
devel_7468	devel	412
devel_7469	devel	167
devel_7470	devel	352
devel_7471	devel	171
devel_7472	devel	117
devel_7473	devel	177
devel_7474	devel	289
devel_7475	devel	392
devel_7476	devel	110
devel_7477	devel	386
devel_7478	devel	71
devel_7479	devel	214
devel_7480	devel	331
devel_7481	devel	3
devel_7482	devel	261
devel_7483	devel	328
devel_7484	devel	244
devel_7485	devel	140
devel_7486	devel	410
devel_7487	devel	42
devel_7488	devel	269
devel_7489	devel	186
devel_7490	devel	244
devel_7491	devel	234
devel_7492	devel	334
devel_7493	devel	212
devel_7494	devel	222
devel_7495	devel	60
devel_7496	devel	143
devel_7497	devel	143
devel_7498	devel	396
devel_7499	devel	33
devel_7500	devel	412
devel_7501	devel	312
devel_7502	devel	210
devel_7503	devel	38
devel_7504	devel	198
devel_7505	devel	110
devel_7506	devel	42
devel_7507	devel	223
devel_7508	devel	29
devel_7509	devel	255
devel_7510	devel	50
devel_7511	devel	284
devel_7512	devel	167
devel_7513	devel	183
devel_7514	devel	8
devel_7515	devel	261
devel_7516	devel	202
devel_7517	devel	272
devel_7518	devel	15
devel_7519	devel	255
devel_7520	devel	308
devel_7521	devel	244
devel_7522	devel	255
devel_7523	devel	341
devel_7524	devel	362
devel_7525	devel	283
devel_7526	devel	296
devel_7527	devel	271
devel_7528	devel	214
devel_7529	devel	244
devel_7530	devel	274
devel_7531	devel	212
devel_7532	devel	88
devel_7533	devel	255
devel_7534	devel	72
devel_7535	devel	212
devel_7536	devel	121
devel_7537	devel	393
devel_7538	devel	92
devel_7539	devel	273
devel_7540	devel	124
devel_7541	devel	345
devel_7542	devel	312
devel_7543	devel	118
devel_7544	devel	47
devel_7545	devel	50
devel_7546	devel	149
devel_7547	devel	190
devel_7548	devel	274
devel_7549	devel	0
devel_7550	devel	106
devel_7551	devel	175
devel_7552	devel	26
devel_7553	devel	320
devel_7554	devel	117
devel_7555	devel	314
devel_7556	devel	183
devel_7557	devel	146
devel_7558	devel	306
devel_7559	devel	38
devel_7560	devel	80
devel_7561	devel	411
devel_7562	devel	409
devel_7563	devel	117
devel_7564	devel	29
devel_7565	devel	118
devel_7566	devel	226
devel_7567	devel	148
devel_7568	devel	50
devel_7569	devel	226
devel_7570	devel	370
devel_7571	devel	198
devel_7572	devel	190
devel_7573	devel	90
devel_7574	devel	222
devel_7575	devel	281
devel_7576	devel	146
devel_7577	devel	332
devel_7578	devel	355
devel_7579	devel	199
devel_7580	devel	139
devel_7581	devel	363
devel_7582	devel	306
devel_7583	devel	69
devel_7584	devel	255
devel_7585	devel	153
devel_7586	devel	5
devel_7587	devel	167
devel_7588	devel	179
devel_7589	devel	212
devel_7590	devel	262
devel_7591	devel	109
devel_7592	devel	244
devel_7593	devel	345
devel_7594	devel	136
devel_7595	devel	211
devel_7596	devel	254
devel_7597	devel	118
devel_7598	devel	380
devel_7599	devel	312
devel_7600	devel	193
devel_7601	devel	98
devel_7602	devel	81
devel_7603	devel	232
devel_7604	devel	365
devel_7605	devel	196
devel_7606	devel	88
devel_7607	devel	314
devel_7608	devel	81
devel_7609	devel	334
devel_7610	devel	114
devel_7611	devel	411
devel_7612	devel	388
devel_7613	devel	8
devel_7614	devel	110
devel_7615	devel	409
devel_7616	devel	232
devel_7617	devel	345
devel_7618	devel	199
devel_7619	devel	36
devel_7620	devel	334
devel_7621	devel	131
devel_7622	devel	306
devel_7623	devel	108
devel_7624	devel	71
devel_7625	devel	301
devel_7626	devel	71
devel_7627	devel	294
devel_7628	devel	261
devel_7629	devel	140
devel_7630	devel	299
devel_7631	devel	140
devel_7632	devel	38
devel_7633	devel	131
devel_7634	devel	169
devel_7635	devel	71
devel_7636	devel	214
devel_7637	devel	222
devel_7638	devel	81
devel_7639	devel	110
devel_7640	devel	175
devel_7641	devel	380
devel_7642	devel	26
devel_7643	devel	262
devel_7644	devel	183
devel_7645	devel	145
devel_7646	devel	221
devel_7647	devel	146
devel_7648	devel	77
devel_7649	devel	55
devel_7650	devel	254
devel_7651	devel	287
devel_7652	devel	264
devel_7653	devel	169
devel_7654	devel	202
devel_7655	devel	209
devel_7656	devel	4
devel_7657	devel	72
devel_7658	devel	267
devel_7659	devel	367
devel_7660	devel	345
devel_7661	devel	406
devel_7662	devel	347
devel_7663	devel	265
devel_7664	devel	190
devel_7665	devel	254
devel_7666	devel	264
devel_7667	devel	384
devel_7668	devel	190
devel_7669	devel	266
devel_7670	devel	222
devel_7671	devel	262
devel_7672	devel	137
devel_7673	devel	328
devel_7674	devel	375
devel_7675	devel	15
devel_7676	devel	44
devel_7677	devel	314
devel_7678	devel	417
devel_7679	devel	90
devel_7680	devel	250
devel_7681	devel	130
devel_7682	devel	43
devel_7683	devel	412
devel_7684	devel	380
devel_7685	devel	117
devel_7686	devel	179
devel_7687	devel	147
devel_7688	devel	132
devel_7689	devel	373
devel_7690	devel	35
devel_7691	devel	352
devel_7692	devel	342
devel_7693	devel	338
devel_7694	devel	221
devel_7695	devel	44
devel_7696	devel	121
devel_7697	devel	170
devel_7698	devel	78
devel_7699	devel	78
devel_7700	devel	71
devel_7701	devel	382
devel_7702	devel	283
devel_7703	devel	190
devel_7704	devel	171
devel_7705	devel	218
devel_7706	devel	42
devel_7707	devel	186
devel_7708	devel	47
devel_7709	devel	202
devel_7710	devel	272
devel_7711	devel	388
devel_7712	devel	306
devel_7713	devel	170
devel_7714	devel	250
devel_7715	devel	325
devel_7716	devel	206
devel_7717	devel	54
devel_7718	devel	223
devel_7719	devel	92
devel_7720	devel	343
devel_7721	devel	339
devel_7722	devel	391
devel_7723	devel	343
devel_7724	devel	214
devel_7725	devel	44
devel_7726	devel	268
devel_7727	devel	280
devel_7728	devel	15
devel_7729	devel	132
devel_7730	devel	47
devel_7731	devel	90
devel_7732	devel	54
devel_7733	devel	94
devel_7734	devel	280
devel_7735	devel	8
devel_7736	devel	375
devel_7737	devel	276
devel_7738	devel	398
devel_7739	devel	190
devel_7740	devel	371
devel_7741	devel	171
devel_7742	devel	341
devel_7743	devel	274
devel_7744	devel	71
devel_7745	devel	312
devel_7746	devel	280
devel_7747	devel	345
devel_7748	devel	25
devel_7749	devel	128
devel_7750	devel	274
devel_7751	devel	160
devel_7752	devel	234
devel_7753	devel	169
devel_7754	devel	334
devel_7755	devel	363
devel_7756	devel	137
devel_7757	devel	42
devel_7758	devel	110
devel_7759	devel	140
devel_7760	devel	145
devel_7761	devel	223
devel_7762	devel	260
devel_7763	devel	224
devel_7764	devel	269
devel_7765	devel	198
devel_7766	devel	87
devel_7767	devel	60
devel_7768	devel	9
devel_7769	devel	229
devel_7770	devel	24
devel_7771	devel	192
devel_7772	devel	347
devel_7773	devel	232
devel_7774	devel	252
devel_7775	devel	143
devel_7776	devel	183
devel_7777	devel	296
devel_7778	devel	4
devel_7779	devel	230
devel_7780	devel	192
devel_7781	devel	307
devel_7782	devel	3
devel_7783	devel	47
devel_7784	devel	390
devel_7785	devel	22
devel_7786	devel	64
devel_7787	devel	50
devel_7788	devel	92
devel_7789	devel	289
devel_7790	devel	234
devel_7791	devel	221
devel_7792	devel	363
devel_7793	devel	362
devel_7794	devel	370
devel_7795	devel	415
devel_7796	devel	262
devel_7797	devel	136
devel_7798	devel	132
devel_7799	devel	110
devel_7800	devel	212
devel_7801	devel	417
devel_7802	devel	196
devel_7803	devel	130
devel_7804	devel	229
devel_7805	devel	219
devel_7806	devel	210
devel_7807	devel	51
devel_7808	devel	308
devel_7809	devel	124
devel_7810	devel	0
devel_7811	devel	92
devel_7812	devel	90
devel_7813	devel	345
devel_7814	devel	371
devel_7815	devel	171
devel_7816	devel	382
devel_7817	devel	11
devel_7818	devel	273
devel_7819	devel	409
devel_7820	devel	352
devel_7821	devel	43
devel_7822	devel	130
devel_7823	devel	50
devel_7824	devel	131
devel_7825	devel	43
devel_7826	devel	115
devel_7827	devel	269
devel_7828	devel	108
devel_7829	devel	149
devel_7830	devel	306
devel_7831	devel	352
devel_7832	devel	161
devel_7833	devel	22
devel_7834	devel	22
devel_7835	devel	360
devel_7836	devel	211
devel_7837	devel	147
devel_7838	devel	57
devel_7839	devel	388
devel_7840	devel	238
devel_7841	devel	190
devel_7842	devel	52
devel_7843	devel	360
devel_7844	devel	0
devel_7845	devel	71
devel_7846	devel	227
devel_7847	devel	206
devel_7848	devel	132
devel_7849	devel	379
devel_7850	devel	117
devel_7851	devel	121
devel_7852	devel	167
devel_7853	devel	71
devel_7854	devel	42
devel_7855	devel	205
devel_7856	devel	51
devel_7857	devel	50
devel_7858	devel	44
devel_7859	devel	47
devel_7860	devel	383
devel_7861	devel	283
devel_7862	devel	393
devel_7863	devel	22
devel_7864	devel	98
devel_7865	devel	199
devel_7866	devel	380
devel_7867	devel	380
devel_7868	devel	393
devel_7869	devel	386
devel_7870	devel	206
devel_7871	devel	98
devel_7872	devel	132
devel_7873	devel	132
devel_7874	devel	106
devel_7875	devel	255
devel_7876	devel	179
devel_7877	devel	370
devel_7878	devel	205
devel_7879	devel	124
devel_7880	devel	276
devel_7881	devel	384
devel_7882	devel	279
devel_7883	devel	192
devel_7884	devel	260
devel_7885	devel	391
devel_7886	devel	4
devel_7887	devel	392
devel_7888	devel	161
devel_7889	devel	272
devel_7890	devel	272
devel_7891	devel	190
devel_7892	devel	272
devel_7893	devel	146
devel_7894	devel	12
devel_7895	devel	124
devel_7896	devel	87
devel_7897	devel	139
devel_7898	devel	388
devel_7899	devel	415
devel_7900	devel	274
devel_7901	devel	192
devel_7902	devel	38
devel_7903	devel	255
devel_7904	devel	232
devel_7905	devel	145
devel_7906	devel	250
devel_7907	devel	312
devel_7908	devel	190
devel_7909	devel	169
devel_7910	devel	244
devel_7911	devel	268
devel_7912	devel	183
devel_7913	devel	96
devel_7914	devel	136
devel_7915	devel	117
devel_7916	devel	232
devel_7917	devel	199
devel_7918	devel	243
devel_7919	devel	139
devel_7920	devel	216
devel_7921	devel	42
devel_7922	devel	260
devel_7923	devel	365
devel_7924	devel	376
devel_7925	devel	15
devel_7926	devel	340
devel_7927	devel	222
devel_7928	devel	373
devel_7929	devel	325
devel_7930	devel	5
devel_7931	devel	320
devel_7932	devel	44
devel_7933	devel	121
devel_7934	devel	343
devel_7935	devel	412
devel_7936	devel	223
devel_7937	devel	221
devel_7938	devel	376
devel_7939	devel	268
devel_7940	devel	276
devel_7941	devel	230
devel_7942	devel	42
devel_7943	devel	209
devel_7944	devel	64
devel_7945	devel	87
devel_7946	devel	383
devel_7947	devel	373
devel_7948	devel	54
devel_7949	devel	316
devel_7950	devel	255
devel_7951	devel	50
devel_7952	devel	190
devel_7953	devel	135
devel_7954	devel	117
devel_7955	devel	22
devel_7956	devel	247
devel_7957	devel	146
devel_7958	devel	94
devel_7959	devel	274
devel_7960	devel	331
devel_7961	devel	131
devel_7962	devel	219
devel_7963	devel	193
devel_7964	devel	265
devel_7965	devel	78
devel_7966	devel	370
devel_7967	devel	243
devel_7968	devel	137
devel_7969	devel	219
devel_7970	devel	252
devel_7971	devel	137
devel_7972	devel	251
devel_7973	devel	12
devel_7974	devel	60
devel_7975	devel	199
devel_7976	devel	250
devel_7977	devel	54
devel_7978	devel	47
devel_7979	devel	57
devel_7980	devel	195
devel_7981	devel	47
devel_7982	devel	299
devel_7983	devel	114
devel_7984	devel	214
devel_7985	devel	265
devel_7986	devel	390
devel_7987	devel	94
devel_7988	devel	43
devel_7989	devel	57
devel_7990	devel	131
devel_7991	devel	255
devel_7992	devel	229
devel_7993	devel	195
devel_7994	devel	268
devel_7995	devel	301
devel_7996	devel	108
devel_7997	devel	218
devel_7998	devel	24
devel_7999	devel	384
devel_8000	devel	98
devel_8001	devel	250
devel_8002	devel	225
devel_8003	devel	139
devel_8004	devel	411
devel_8005	devel	314
devel_8006	devel	266
devel_8007	devel	177
devel_8008	devel	290
devel_8009	devel	26
devel_8010	devel	115
devel_8011	devel	417
devel_8012	devel	328
devel_8013	devel	81
devel_8014	devel	146
devel_8015	devel	146
devel_8016	devel	363
devel_8017	devel	145
devel_8018	devel	196
devel_8019	devel	212
devel_8020	devel	161
devel_8021	devel	334
devel_8022	devel	390
devel_8023	devel	212
devel_8024	devel	161
devel_8025	devel	29
devel_8026	devel	43
devel_8027	devel	398
devel_8028	devel	221
devel_8029	devel	232
devel_8030	devel	375
devel_8031	devel	210
devel_8032	devel	11
devel_8033	devel	328
devel_8034	devel	206
devel_8035	devel	279
devel_8036	devel	3
devel_8037	devel	43
devel_8038	devel	334
devel_8039	devel	128
devel_8040	devel	171
devel_8041	devel	273
devel_8042	devel	149
devel_8043	devel	87
devel_8044	devel	167
devel_8045	devel	347
devel_8046	devel	117
devel_8047	devel	290
devel_8048	devel	3
devel_8049	devel	352
devel_8050	devel	343
devel_8051	devel	391
devel_8052	devel	365
devel_8053	devel	243
devel_8054	devel	272
devel_8055	devel	57
devel_8056	devel	268
devel_8057	devel	103
devel_8058	devel	170
devel_8059	devel	193
devel_8060	devel	44
devel_8061	devel	81
devel_8062	devel	321
devel_8063	devel	110
devel_8064	devel	415
devel_8065	devel	146
devel_8066	devel	186
devel_8067	devel	260
devel_8068	devel	260
devel_8069	devel	221
devel_8070	devel	190
devel_8071	devel	57
devel_8072	devel	114
devel_8073	devel	38
devel_8074	devel	96
devel_8075	devel	345
devel_8076	devel	29
devel_8077	devel	314
devel_8078	devel	202
devel_8079	devel	149
devel_8080	devel	383
devel_8081	devel	380
devel_8082	devel	121
devel_8083	devel	262
devel_8084	devel	135
devel_8085	devel	124
devel_8086	devel	367
devel_8087	devel	96
devel_8088	devel	229
devel_8089	devel	280
devel_8090	devel	110
devel_8091	devel	118
devel_8092	devel	274
devel_8093	devel	199
devel_8094	devel	221
devel_8095	devel	334
devel_8096	devel	103
devel_8097	devel	143
devel_8098	devel	233
devel_8099	devel	294
devel_8100	devel	139
devel_8101	devel	342
devel_8102	devel	161
devel_8103	devel	96
devel_8104	devel	169
devel_8105	devel	363
devel_8106	devel	15
devel_8107	devel	250
devel_8108	devel	51
devel_8109	devel	143
devel_8110	devel	136
devel_8111	devel	273
devel_8112	devel	410
devel_8113	devel	252
devel_8114	devel	0
devel_8115	devel	314
devel_8116	devel	167
devel_8117	devel	194
devel_8118	devel	334
devel_8119	devel	11
devel_8120	devel	87
devel_8121	devel	262
devel_8122	devel	103
devel_8123	devel	108
devel_8124	devel	398
devel_8125	devel	115
devel_8126	devel	289
devel_8127	devel	331
devel_8128	devel	195
devel_8129	devel	391
devel_8130	devel	406
devel_8131	devel	363
devel_8132	devel	96
devel_8133	devel	210
devel_8134	devel	11
devel_8135	devel	328
devel_8136	devel	273
devel_8137	devel	252
devel_8138	devel	311
devel_8139	devel	22
devel_8140	devel	221
devel_8141	devel	233
devel_8142	devel	146
devel_8143	devel	55
devel_8144	devel	103
devel_8145	devel	221
devel_8146	devel	11
devel_8147	devel	264
devel_8148	devel	131
devel_8149	devel	29
devel_8150	devel	212
devel_8151	devel	136
devel_8152	devel	88
devel_8153	devel	175
devel_8154	devel	11
devel_8155	devel	92
devel_8156	devel	382
devel_8157	devel	344
devel_8158	devel	108
devel_8159	devel	26
devel_8160	devel	255
devel_8161	devel	130
devel_8162	devel	257
devel_8163	devel	262
devel_8164	devel	51
devel_8165	devel	12
devel_8166	devel	51
devel_8167	devel	96
devel_8168	devel	88
devel_8169	devel	320
devel_8170	devel	206
devel_8171	devel	108
devel_8172	devel	295
devel_8173	devel	212
devel_8174	devel	371
devel_8175	devel	232
devel_8176	devel	52
devel_8177	devel	328
devel_8178	devel	12
devel_8179	devel	169
devel_8180	devel	152
devel_8181	devel	192
devel_8182	devel	148
devel_8183	devel	264
devel_8184	devel	260
devel_8185	devel	148
devel_8186	devel	183
devel_8187	devel	283
devel_8188	devel	269
devel_8189	devel	90
devel_8190	devel	94
devel_8191	devel	130
devel_8192	devel	410
devel_8193	devel	251
devel_8194	devel	124
devel_8195	devel	129
devel_8196	devel	161
devel_8197	devel	146
devel_8198	devel	250
devel_8199	devel	284
devel_8200	devel	5
devel_8201	devel	143
devel_8202	devel	409
devel_8203	devel	314
devel_8204	devel	214
devel_8205	devel	332
devel_8206	devel	261
devel_8207	devel	268
devel_8208	devel	264
devel_8209	devel	44
devel_8210	devel	392
devel_8211	devel	110
devel_8212	devel	87
devel_8213	devel	179
devel_8214	devel	272
devel_8215	devel	167
devel_8216	devel	227
devel_8217	devel	229
devel_8218	devel	387
devel_8219	devel	301
devel_8220	devel	132
devel_8221	devel	183
devel_8222	devel	226
devel_8223	devel	44
devel_8224	devel	205
devel_8225	devel	338
devel_8226	devel	221
devel_8227	devel	124
devel_8228	devel	186
devel_8229	devel	128
devel_8230	devel	342
devel_8231	devel	0
devel_8232	devel	92
devel_8233	devel	370
devel_8234	devel	103
devel_8235	devel	307
devel_8236	devel	382
devel_8237	devel	139
devel_8238	devel	108
devel_8239	devel	78
devel_8240	devel	108
devel_8241	devel	222
devel_8242	devel	290
devel_8243	devel	183
devel_8244	devel	94
devel_8245	devel	341
devel_8246	devel	51
devel_8247	devel	170
devel_8248	devel	140
devel_8249	devel	227
devel_8250	devel	55
devel_8251	devel	147
devel_8252	devel	128
devel_8253	devel	384
devel_8254	devel	175
devel_8255	devel	15
devel_8256	devel	128
devel_8257	devel	212
devel_8258	devel	210
devel_8259	devel	147
devel_8260	devel	71
devel_8261	devel	370
devel_8262	devel	51
devel_8263	devel	251
devel_8264	devel	282
devel_8265	devel	132
devel_8266	devel	234
devel_8267	devel	148
devel_8268	devel	175
devel_8269	devel	387
devel_8270	devel	344
devel_8271	devel	72
devel_8272	devel	196
devel_8273	devel	132
devel_8274	devel	230
devel_8275	devel	250
devel_8276	devel	205
devel_8277	devel	274
devel_8278	devel	106
devel_8279	devel	363
devel_8280	devel	221
devel_8281	devel	269
devel_8282	devel	161
devel_8283	devel	117
devel_8284	devel	362
devel_8285	devel	118
devel_8286	devel	261
devel_8287	devel	78
devel_8288	devel	55
devel_8289	devel	206
devel_8290	devel	47
devel_8291	devel	266
devel_8292	devel	90
devel_8293	devel	148
devel_8294	devel	9
devel_8295	devel	338
devel_8296	devel	147
devel_8297	devel	186
devel_8298	devel	3
devel_8299	devel	352
devel_8300	devel	380
devel_8301	devel	121
devel_8302	devel	391
devel_8303	devel	92
devel_8304	devel	106
devel_8305	devel	87
devel_8306	devel	167
devel_8307	devel	4
devel_8308	devel	169
devel_8309	devel	29
devel_8310	devel	87
devel_8311	devel	202
devel_8312	devel	269
devel_8313	devel	129
devel_8314	devel	52
devel_8315	devel	250
devel_8316	devel	103
devel_8317	devel	22
devel_8318	devel	64
devel_8319	devel	108
devel_8320	devel	11
devel_8321	devel	47
devel_8322	devel	94
devel_8323	devel	386
devel_8324	devel	365
devel_8325	devel	266
devel_8326	devel	60
devel_8327	devel	124
devel_8328	devel	223
devel_8329	devel	103
devel_8330	devel	124
devel_8331	devel	106
devel_8332	devel	391
devel_8333	devel	352
devel_8334	devel	24
devel_8335	devel	229
devel_8336	devel	341
devel_8337	devel	380
devel_8338	devel	44
devel_8339	devel	202
devel_8340	devel	98
devel_8341	devel	105
devel_8342	devel	44
devel_8343	devel	227
devel_8344	devel	412
devel_8345	devel	179
devel_8346	devel	43
devel_8347	devel	312
devel_8348	devel	391
devel_8349	devel	96
devel_8350	devel	114
devel_8351	devel	103
devel_8352	devel	373
devel_8353	devel	9
devel_8354	devel	206
devel_8355	devel	232
devel_8356	devel	328
devel_8357	devel	131
devel_8358	devel	69
devel_8359	devel	363
devel_8360	devel	390
devel_8361	devel	210
devel_8362	devel	261
devel_8363	devel	225
devel_8364	devel	347
devel_8365	devel	371
devel_8366	devel	78
devel_8367	devel	417
devel_8368	devel	149
devel_8369	devel	136
devel_8370	devel	130
devel_8371	devel	409
devel_8372	devel	43
devel_8373	devel	179
devel_8374	devel	50
devel_8375	devel	175
devel_8376	devel	370
devel_8377	devel	321
devel_8378	devel	128
devel_8379	devel	347
devel_8380	devel	146
devel_8381	devel	274
devel_8382	devel	334
devel_8383	devel	344
devel_8384	devel	44
devel_8385	devel	169
devel_8386	devel	244
devel_8387	devel	24
devel_8388	devel	365
devel_8389	devel	106
devel_8390	devel	299
devel_8391	devel	202
devel_8392	devel	108
devel_8393	devel	38
devel_8394	devel	343
devel_8395	devel	57
devel_8396	devel	382
devel_8397	devel	143
devel_8398	devel	43
devel_8399	devel	57
devel_8400	devel	320
devel_8401	devel	250
devel_8402	devel	205
devel_8403	devel	206
devel_8404	devel	341
devel_8405	devel	190
devel_8406	devel	238
devel_8407	devel	264
devel_8408	devel	283
devel_8409	devel	26
devel_8410	devel	179
devel_8411	devel	44
devel_8412	devel	0
devel_8413	devel	250
devel_8414	devel	238
devel_8415	devel	148
devel_8416	devel	273
devel_8417	devel	328
devel_8418	devel	88
devel_8419	devel	140
devel_8420	devel	243
devel_8421	devel	260
devel_8422	devel	255
devel_8423	devel	212
devel_8424	devel	190
devel_8425	devel	121
devel_8426	devel	273
devel_8427	devel	391
devel_8428	devel	201
devel_8429	devel	171
devel_8430	devel	8
devel_8431	devel	15
devel_8432	devel	269
devel_8433	devel	106
devel_8434	devel	243
devel_8435	devel	352
devel_8436	devel	71
devel_8437	devel	370
devel_8438	devel	35
devel_8439	devel	92
devel_8440	devel	345
devel_8441	devel	388
devel_8442	devel	355
devel_8443	devel	264
devel_8444	devel	266
devel_8445	devel	199
devel_8446	devel	257
devel_8447	devel	90
devel_8448	devel	110
devel_8449	devel	137
devel_8450	devel	118
devel_8451	devel	202
devel_8452	devel	105
devel_8453	devel	121
devel_8454	devel	375
devel_8455	devel	96
devel_8456	devel	22
devel_8457	devel	170
devel_8458	devel	284
devel_8459	devel	190
devel_8460	devel	33
devel_8461	devel	42
devel_8462	devel	35
devel_8463	devel	367
devel_8464	devel	24
devel_8465	devel	87
devel_8466	devel	109
devel_8467	devel	88
devel_8468	devel	380
devel_8469	devel	131
devel_8470	devel	15
devel_8471	devel	0
devel_8472	devel	35
devel_8473	devel	117
devel_8474	devel	169
devel_8475	devel	386
devel_8476	devel	365
devel_8477	devel	43
devel_8478	devel	47
devel_8479	devel	77
devel_8480	devel	128
devel_8481	devel	285
devel_8482	devel	388
devel_8483	devel	114
devel_8484	devel	232
devel_8485	devel	26
devel_8486	devel	244
devel_8487	devel	262
devel_8488	devel	71
devel_8489	devel	338
devel_8490	devel	391
devel_8491	devel	290
devel_8492	devel	412
devel_8493	devel	312
devel_8494	devel	202
devel_8495	devel	345
devel_8496	devel	209
devel_8497	devel	384
devel_8498	devel	161
devel_8499	devel	110
devel_8500	devel	251
devel_8501	devel	238
devel_8502	devel	152
devel_8503	devel	320
devel_8504	devel	147
devel_8505	devel	227
devel_8506	devel	409
devel_8507	devel	282
devel_8508	devel	290
devel_8509	devel	3
devel_8510	devel	64
devel_8511	devel	380
devel_8512	devel	362
devel_8513	devel	328
devel_8514	devel	334
devel_8515	devel	345
devel_8516	devel	222
devel_8517	devel	145
devel_8518	devel	281
devel_8519	devel	140
devel_8520	devel	52
devel_8521	devel	212
devel_8522	devel	367
devel_8523	devel	210
devel_8524	devel	370
devel_8525	devel	140
devel_8526	devel	325
devel_8527	devel	11
devel_8528	devel	320
devel_8529	devel	169
devel_8530	devel	55
devel_8531	devel	136
devel_8532	devel	47
devel_8533	devel	131
devel_8534	devel	24
devel_8535	devel	81
devel_8536	devel	341
devel_8537	devel	289
devel_8538	devel	42
devel_8539	devel	314
devel_8540	devel	117
devel_8541	devel	169
devel_8542	devel	39
devel_8543	devel	43
devel_8544	devel	367
devel_8545	devel	90
devel_8546	devel	16
devel_8547	devel	140
devel_8548	devel	15
devel_8549	devel	199
devel_8550	devel	114
devel_8551	devel	247
devel_8552	devel	103
devel_8553	devel	409
devel_8554	devel	264
devel_8555	devel	170
devel_8556	devel	343
devel_8557	devel	29
devel_8558	devel	19
devel_8559	devel	212
devel_8560	devel	363
devel_8561	devel	136
devel_8562	devel	345
devel_8563	devel	22
devel_8564	devel	148
devel_8565	devel	373
devel_8566	devel	130
devel_8567	devel	131
devel_8568	devel	296
devel_8569	devel	35
devel_8570	devel	274
devel_8571	devel	136
devel_8572	devel	371
devel_8573	devel	243
devel_8574	devel	196
devel_8575	devel	44
devel_8576	devel	140
devel_8577	devel	371
devel_8578	devel	244
devel_8579	devel	121
devel_8580	devel	0
devel_8581	devel	98
devel_8582	devel	140
devel_8583	devel	202
devel_8584	devel	149
devel_8585	devel	285
devel_8586	devel	44
devel_8587	devel	139
devel_8588	devel	314
devel_8589	devel	100
devel_8590	devel	232
devel_8591	devel	284
devel_8592	devel	262
devel_8593	devel	312
devel_8594	devel	146
devel_8595	devel	412
devel_8596	devel	352
devel_8597	devel	26
devel_8598	devel	412
devel_8599	devel	202
devel_8600	devel	274
devel_8601	devel	190
devel_8602	devel	54
devel_8603	devel	264
devel_8604	devel	57
devel_8605	devel	306
devel_8606	devel	186
devel_8607	devel	345
devel_8608	devel	222
devel_8609	devel	140
devel_8610	devel	290
devel_8611	devel	186
devel_8612	devel	227
devel_8613	devel	146
devel_8614	devel	100
devel_8615	devel	51
devel_8616	devel	355
devel_8617	devel	71
devel_8618	devel	321
devel_8619	devel	341
devel_8620	devel	149
devel_8621	devel	341
devel_8622	devel	129
devel_8623	devel	71
devel_8624	devel	170
devel_8625	devel	328
devel_8626	devel	52
devel_8627	devel	295
devel_8628	devel	202
devel_8629	devel	118
devel_8630	devel	226
devel_8631	devel	152
devel_8632	devel	352
devel_8633	devel	266
devel_8634	devel	344
devel_8635	devel	205
devel_8636	devel	190
devel_8637	devel	212
devel_8638	devel	387
devel_8639	devel	232
devel_8640	devel	96
devel_8641	devel	264
devel_8642	devel	383
devel_8643	devel	243
devel_8644	devel	115
devel_8645	devel	167
devel_8646	devel	114
devel_8647	devel	221
devel_8648	devel	64
devel_8649	devel	316
devel_8650	devel	410
devel_8651	devel	269
devel_8652	devel	367
devel_8653	devel	149
devel_8654	devel	25
devel_8655	devel	344
devel_8656	devel	282
devel_8657	devel	8
devel_8658	devel	140
devel_8659	devel	273
devel_8660	devel	36
devel_8661	devel	171
devel_8662	devel	223
devel_8663	devel	345
devel_8664	devel	169
devel_8665	devel	255
devel_8666	devel	129
devel_8667	devel	88
devel_8668	devel	255
devel_8669	devel	289
devel_8670	devel	261
devel_8671	devel	50
devel_8672	devel	216
devel_8673	devel	170
devel_8674	devel	344
devel_8675	devel	212
devel_8676	devel	296
devel_8677	devel	234
devel_8678	devel	8
devel_8679	devel	55
devel_8680	devel	19
devel_8681	devel	412
devel_8682	devel	47
devel_8683	devel	193
devel_8684	devel	415
devel_8685	devel	121
devel_8686	devel	186
devel_8687	devel	316
devel_8688	devel	294
devel_8689	devel	250
devel_8690	devel	22
devel_8691	devel	175
devel_8692	devel	363
devel_8693	devel	12
devel_8694	devel	229
devel_8695	devel	108
devel_8696	devel	98
devel_8697	devel	103
devel_8698	devel	183
devel_8699	devel	87
devel_8700	devel	312
devel_8701	devel	316
devel_8702	devel	227
devel_8703	devel	325
devel_8704	devel	370
devel_8705	devel	316
devel_8706	devel	128
devel_8707	devel	132
devel_8708	devel	214
devel_8709	devel	345
devel_8710	devel	412
devel_8711	devel	347
devel_8712	devel	35
devel_8713	devel	175
devel_8714	devel	334
devel_8715	devel	192
devel_8716	devel	129
devel_8717	devel	145
devel_8718	devel	371
devel_8719	devel	266
devel_8720	devel	276
devel_8721	devel	195
devel_8722	devel	375
devel_8723	devel	25
devel_8724	devel	195
devel_8725	devel	118
devel_8726	devel	47
devel_8727	devel	417
devel_8728	devel	12
devel_8729	devel	198
devel_8730	devel	35
devel_8731	devel	363
devel_8732	devel	308
devel_8733	devel	110
devel_8734	devel	103
devel_8735	devel	38
devel_8736	devel	218
devel_8737	devel	250
devel_8738	devel	262
devel_8739	devel	26
devel_8740	devel	352
devel_8741	devel	352
devel_8742	devel	90
devel_8743	devel	262
devel_8744	devel	266
devel_8745	devel	328
devel_8746	devel	223
devel_8747	devel	42
devel_8748	devel	179
devel_8749	devel	110
devel_8750	devel	26
devel_8751	devel	72
devel_8752	devel	8
devel_8753	devel	110
devel_8754	devel	280
devel_8755	devel	149
devel_8756	devel	226
devel_8757	devel	345
devel_8758	devel	227
devel_8759	devel	343
devel_8760	devel	373
devel_8761	devel	312
devel_8762	devel	221
devel_8763	devel	375
devel_8764	devel	229
devel_8765	devel	137
devel_8766	devel	81
devel_8767	devel	15
devel_8768	devel	149
devel_8769	devel	229
devel_8770	devel	198
devel_8771	devel	117
devel_8772	devel	8
devel_8773	devel	264
devel_8774	devel	52
devel_8775	devel	284
devel_8776	devel	94
devel_8777	devel	280
devel_8778	devel	370
devel_8779	devel	146
devel_8780	devel	276
devel_8781	devel	299
devel_8782	devel	244
devel_8783	devel	262
devel_8784	devel	131
devel_8785	devel	108
devel_8786	devel	136
devel_8787	devel	179
devel_8788	devel	409
devel_8789	devel	190
devel_8790	devel	273
devel_8791	devel	179
devel_8792	devel	214
devel_8793	devel	294
devel_8794	devel	284
devel_8795	devel	140
devel_8796	devel	410
devel_8797	devel	51
devel_8798	devel	98
devel_8799	devel	44
devel_8800	devel	140
devel_8801	devel	206
devel_8802	devel	255
devel_8803	devel	55
devel_8804	devel	307
devel_8805	devel	186
devel_8806	devel	57
devel_8807	devel	195
devel_8808	devel	340
devel_8809	devel	299
devel_8810	devel	332
devel_8811	devel	296
devel_8812	devel	103
devel_8813	devel	276
devel_8814	devel	344
devel_8815	devel	60
devel_8816	devel	384
devel_8817	devel	212
devel_8818	devel	373
devel_8819	devel	341
devel_8820	devel	72
devel_8821	devel	171
devel_8822	devel	265
devel_8823	devel	3
devel_8824	devel	186
devel_8825	devel	0
devel_8826	devel	81
devel_8827	devel	71
devel_8828	devel	149
devel_8829	devel	171
devel_8830	devel	390
devel_8831	devel	209
devel_8832	devel	265
devel_8833	devel	12
devel_8834	devel	198
devel_8835	devel	229
devel_8836	devel	406
devel_8837	devel	299
devel_8838	devel	218
devel_8839	devel	42
devel_8840	devel	92
devel_8841	devel	140
devel_8842	devel	284
devel_8843	devel	148
devel_8844	devel	143
devel_8845	devel	218
devel_8846	devel	52
devel_8847	devel	57
devel_8848	devel	343
devel_8849	devel	121
devel_8850	devel	136
devel_8851	devel	137
devel_8852	devel	201
devel_8853	devel	88
devel_8854	devel	78
devel_8855	devel	192
devel_8856	devel	345
devel_8857	devel	269
devel_8858	devel	98
devel_8859	devel	338
devel_8860	devel	148
devel_8861	devel	44
devel_8862	devel	212
devel_8863	devel	412
devel_8864	devel	345
devel_8865	devel	334
devel_8866	devel	130
devel_8867	devel	29
devel_8868	devel	3
devel_8869	devel	262
devel_8870	devel	283
devel_8871	devel	130
devel_8872	devel	19
devel_8873	devel	409
devel_8874	devel	169
devel_8875	devel	121
devel_8876	devel	202
devel_8877	devel	92
devel_8878	devel	96
devel_8879	devel	9
devel_8880	devel	350
devel_8881	devel	409
devel_8882	devel	148
devel_8883	devel	392
devel_8884	devel	98
devel_8885	devel	81
devel_8886	devel	161
devel_8887	devel	94
devel_8888	devel	128
devel_8889	devel	312
devel_8890	devel	114
devel_8891	devel	121
devel_8892	devel	238
devel_8893	devel	391
devel_8894	devel	179
devel_8895	devel	110
devel_8896	devel	140
devel_8897	devel	232
devel_8898	devel	177
devel_8899	devel	145
devel_8900	devel	100
devel_8901	devel	136
devel_8902	devel	77
devel_8903	devel	39
devel_8904	devel	411
devel_8905	devel	36
devel_8906	devel	92
devel_8907	devel	331
devel_8908	devel	414
devel_8909	devel	234
devel_8910	devel	96
devel_8911	devel	198
devel_8912	devel	170
devel_8913	devel	198
devel_8914	devel	77
devel_8915	devel	238
devel_8916	devel	105
devel_8917	devel	325
devel_8918	devel	152
devel_8919	devel	47
devel_8920	devel	5
devel_8921	devel	312
devel_8922	devel	190
devel_8923	devel	412
devel_8924	devel	246
devel_8925	devel	170
devel_8926	devel	129
devel_8927	devel	3
devel_8928	devel	190
devel_8929	devel	29
devel_8930	devel	388
devel_8931	devel	341
devel_8932	devel	274
devel_8933	devel	81
devel_8934	devel	409
devel_8935	devel	94
devel_8936	devel	98
devel_8937	devel	206
devel_8938	devel	296
devel_8939	devel	57
devel_8940	devel	411
devel_8941	devel	264
devel_8942	devel	167
devel_8943	devel	106
devel_8944	devel	147
devel_8945	devel	212
devel_8946	devel	238
devel_8947	devel	247
devel_8948	devel	44
devel_8949	devel	94
devel_8950	devel	345
devel_8951	devel	252
devel_8952	devel	42
devel_8953	devel	365
devel_8954	devel	222
devel_8955	devel	114
devel_8956	devel	88
devel_8957	devel	339
devel_8958	devel	367
devel_8959	devel	152
devel_8960	devel	186
devel_8961	devel	179
devel_8962	devel	186
devel_8963	devel	383
devel_8964	devel	103
devel_8965	devel	190
devel_8966	devel	367
devel_8967	devel	129
devel_8968	devel	43
devel_8969	devel	8
devel_8970	devel	175
devel_8971	devel	5
devel_8972	devel	316
devel_8973	devel	198
devel_8974	devel	232
devel_8975	devel	100
devel_8976	devel	108
devel_8977	devel	124
devel_8978	devel	103
devel_8979	devel	320
devel_8980	devel	238
devel_8981	devel	171
devel_8982	devel	290
devel_8983	devel	281
devel_8984	devel	390
devel_8985	devel	398
devel_8986	devel	272
devel_8987	devel	269
devel_8988	devel	164
devel_8989	devel	117
devel_8990	devel	90
devel_8991	devel	234
devel_8992	devel	192
devel_8993	devel	81
devel_8994	devel	265
devel_8995	devel	103
devel_8996	devel	250
devel_8997	devel	243
devel_8998	devel	190
devel_8999	devel	38
devel_9000	devel	212
devel_9001	devel	16
devel_9002	devel	147
devel_9003	devel	153
devel_9004	devel	343
devel_9005	devel	412
devel_9006	devel	81
devel_9007	devel	8
devel_9008	devel	183
devel_9009	devel	261
devel_9010	devel	362
devel_9011	devel	234
devel_9012	devel	227
devel_9013	devel	223
devel_9014	devel	0
devel_9015	devel	387
devel_9016	devel	57
devel_9017	devel	26
devel_9018	devel	47
devel_9019	devel	78
devel_9020	devel	88
devel_9021	devel	281
devel_9022	devel	170
devel_9023	devel	244
devel_9024	devel	12
devel_9025	devel	271
devel_9026	devel	325
devel_9027	devel	390
devel_9028	devel	246
devel_9029	devel	128
devel_9030	devel	135
devel_9031	devel	250
devel_9032	devel	57
devel_9033	devel	341
devel_9034	devel	266
devel_9035	devel	273
devel_9036	devel	88
devel_9037	devel	98
devel_9038	devel	392
devel_9039	devel	179
devel_9040	devel	50
devel_9041	devel	226
devel_9042	devel	274
devel_9043	devel	269
devel_9044	devel	339
devel_9045	devel	244
devel_9046	devel	398
devel_9047	devel	9
devel_9048	devel	352
devel_9049	devel	296
devel_9050	devel	161
devel_9051	devel	129
devel_9052	devel	340
devel_9053	devel	132
devel_9054	devel	55
devel_9055	devel	269
devel_9056	devel	80
devel_9057	devel	362
devel_9058	devel	25
devel_9059	devel	132
devel_9060	devel	227
devel_9061	devel	81
devel_9062	devel	81
devel_9063	devel	152
devel_9064	devel	19
devel_9065	devel	171
devel_9066	devel	328
devel_9067	devel	341
devel_9068	devel	87
devel_9069	devel	130
devel_9070	devel	4
devel_9071	devel	179
devel_9072	devel	22
devel_9073	devel	324
devel_9074	devel	367
devel_9075	devel	282
devel_9076	devel	219
devel_9077	devel	412
devel_9078	devel	8
devel_9079	devel	88
devel_9080	devel	55
devel_9081	devel	299
devel_9082	devel	139
devel_9083	devel	145
devel_9084	devel	29
devel_9085	devel	233
devel_9086	devel	128
devel_9087	devel	283
devel_9088	devel	287
devel_9089	devel	343
devel_9090	devel	375
devel_9091	devel	57
devel_9092	devel	137
devel_9093	devel	192
devel_9094	devel	214
devel_9095	devel	272
devel_9096	devel	386
devel_9097	devel	117
devel_9098	devel	219
devel_9099	devel	238
devel_9100	devel	386
devel_9101	devel	129
devel_9102	devel	51
devel_9103	devel	299
devel_9104	devel	341
devel_9105	devel	362
devel_9106	devel	149
devel_9107	devel	57
devel_9108	devel	281
devel_9109	devel	186
devel_9110	devel	35
devel_9111	devel	308
devel_9112	devel	268
devel_9113	devel	24
devel_9114	devel	171
devel_9115	devel	64
devel_9116	devel	64
devel_9117	devel	324
devel_9118	devel	132
devel_9119	devel	262
devel_9120	devel	202
devel_9121	devel	39
devel_9122	devel	47
devel_9123	devel	295
devel_9124	devel	343
devel_9125	devel	130
devel_9126	devel	367
devel_9127	devel	212
devel_9128	devel	161
devel_9129	devel	260
devel_9130	devel	170
devel_9131	devel	344
devel_9132	devel	269
devel_9133	devel	72
devel_9134	devel	325
devel_9135	devel	222
devel_9136	devel	71
devel_9137	devel	110
devel_9138	devel	410
devel_9139	devel	24
devel_9140	devel	411
devel_9141	devel	237
devel_9142	devel	51
devel_9143	devel	81
devel_9144	devel	320
devel_9145	devel	193
devel_9146	devel	233
devel_9147	devel	137
devel_9148	devel	114
devel_9149	devel	29
devel_9150	devel	106
devel_9151	devel	328
devel_9152	devel	314
devel_9153	devel	262
devel_9154	devel	78
devel_9155	devel	90
devel_9156	devel	198
devel_9157	devel	175
devel_9158	devel	106
devel_9159	devel	244
devel_9160	devel	103
devel_9161	devel	15
devel_9162	devel	367
devel_9163	devel	96
devel_9164	devel	50
devel_9165	devel	137
devel_9166	devel	272
devel_9167	devel	47
devel_9168	devel	11
devel_9169	devel	198
devel_9170	devel	371
devel_9171	devel	26
devel_9172	devel	222
devel_9173	devel	254
devel_9174	devel	232
devel_9175	devel	51
devel_9176	devel	71
devel_9177	devel	316
devel_9178	devel	312
devel_9179	devel	137
devel_9180	devel	50
devel_9181	devel	16
devel_9182	devel	325
devel_9183	devel	124
devel_9184	devel	362
devel_9185	devel	145
devel_9186	devel	268
devel_9187	devel	380
devel_9188	devel	149
devel_9189	devel	169
devel_9190	devel	328
devel_9191	devel	226
devel_9192	devel	255
devel_9193	devel	320
devel_9194	devel	283
devel_9195	devel	170
devel_9196	devel	325
devel_9197	devel	47
devel_9198	devel	382
devel_9199	devel	388
devel_9200	devel	247
devel_9201	devel	175
devel_9202	devel	314
devel_9203	devel	96
devel_9204	devel	412
devel_9205	devel	230
devel_9206	devel	100
devel_9207	devel	299
devel_9208	devel	398
devel_9209	devel	294
devel_9210	devel	19
devel_9211	devel	380
devel_9212	devel	206
devel_9213	devel	4
devel_9214	devel	128
devel_9215	devel	87
devel_9216	devel	153
devel_9217	devel	148
devel_9218	devel	22
devel_9219	devel	382
devel_9220	devel	4
devel_9221	devel	344
devel_9222	devel	345
devel_9223	devel	19
devel_9224	devel	345
devel_9225	devel	26
devel_9226	devel	25
devel_9227	devel	190
devel_9228	devel	140
devel_9229	devel	105
devel_9230	devel	50
devel_9231	devel	265
devel_9232	devel	38
devel_9233	devel	164
devel_9234	devel	92
devel_9235	devel	252
devel_9236	devel	343
devel_9237	devel	26
devel_9238	devel	98
devel_9239	devel	314
devel_9240	devel	214
devel_9241	devel	22
devel_9242	devel	251
devel_9243	devel	205
devel_9244	devel	175
devel_9245	devel	167
devel_9246	devel	214
devel_9247	devel	387
devel_9248	devel	94
devel_9249	devel	352
devel_9250	devel	284
devel_9251	devel	19
devel_9252	devel	8
devel_9253	devel	216
devel_9254	devel	100
devel_9255	devel	328
devel_9256	devel	250
devel_9257	devel	209
devel_9258	devel	380
devel_9259	devel	273
devel_9260	devel	4
devel_9261	devel	96
devel_9262	devel	219
devel_9263	devel	170
devel_9264	devel	57
devel_9265	devel	152
devel_9266	devel	338
devel_9267	devel	229
devel_9268	devel	183
devel_9269	devel	307
devel_9270	devel	367
devel_9271	devel	81
devel_9272	devel	148
devel_9273	devel	121
devel_9274	devel	35
devel_9275	devel	223
devel_9276	devel	148
devel_9277	devel	307
devel_9278	devel	194
devel_9279	devel	51
devel_9280	devel	320
devel_9281	devel	139
devel_9282	devel	36
devel_9283	devel	282
devel_9284	devel	233
devel_9285	devel	252
devel_9286	devel	38
devel_9287	devel	279
devel_9288	devel	0
devel_9289	devel	96
devel_9290	devel	325
devel_9291	devel	280
devel_9292	devel	117
devel_9293	devel	103
devel_9294	devel	211
devel_9295	devel	128
devel_9296	devel	390
devel_9297	devel	201
devel_9298	devel	247
devel_9299	devel	296
devel_9300	devel	341
devel_9301	devel	363
devel_9302	devel	136
devel_9303	devel	282
devel_9304	devel	87
devel_9305	devel	409
devel_9306	devel	167
devel_9307	devel	108
devel_9308	devel	25
devel_9309	devel	161
devel_9310	devel	233
devel_9311	devel	223
devel_9312	devel	43
devel_9313	devel	344
devel_9314	devel	284
devel_9315	devel	139
devel_9316	devel	190
devel_9317	devel	186
devel_9318	devel	129
devel_9319	devel	64
devel_9320	devel	132
devel_9321	devel	296
devel_9322	devel	44
devel_9323	devel	175
devel_9324	devel	224
devel_9325	devel	35
devel_9326	devel	332
devel_9327	devel	118
devel_9328	devel	255
devel_9329	devel	331
devel_9330	devel	252
devel_9331	devel	69
devel_9332	devel	130
devel_9333	devel	272
devel_9334	devel	367
devel_9335	devel	221
devel_9336	devel	57
devel_9337	devel	363
devel_9338	devel	36
devel_9339	devel	132
devel_9340	devel	96
devel_9341	devel	54
devel_9342	devel	417
devel_9343	devel	308
devel_9344	devel	371
devel_9345	devel	54
devel_9346	devel	110
devel_9347	devel	175
devel_9348	devel	42
devel_9349	devel	146
devel_9350	devel	411
devel_9351	devel	175
devel_9352	devel	36
devel_9353	devel	81
devel_9354	devel	71
devel_9355	devel	117
devel_9356	devel	108
devel_9357	devel	193
devel_9358	devel	205
devel_9359	devel	363
devel_9360	devel	325
devel_9361	devel	271
devel_9362	devel	170
devel_9363	devel	210
devel_9364	devel	22
devel_9365	devel	209
devel_9366	devel	320
devel_9367	devel	35
devel_9368	devel	216
devel_9369	devel	69
devel_9370	devel	409
devel_9371	devel	410
devel_9372	devel	260
devel_9373	devel	186
devel_9374	devel	417
devel_9375	devel	92
devel_9376	devel	143
devel_9377	devel	135
devel_9378	devel	167
devel_9379	devel	72
devel_9380	devel	98
devel_9381	devel	209
devel_9382	devel	35
devel_9383	devel	140
devel_9384	devel	88
devel_9385	devel	15
devel_9386	devel	255
devel_9387	devel	345
devel_9388	devel	255
devel_9389	devel	202
devel_9390	devel	338
devel_9391	devel	44
devel_9392	devel	287
devel_9393	devel	409
devel_9394	devel	131
devel_9395	devel	387
devel_9396	devel	206
devel_9397	devel	19
devel_9398	devel	50
devel_9399	devel	169
devel_9400	devel	47
devel_9401	devel	392
devel_9402	devel	60
devel_9403	devel	392
devel_9404	devel	71
devel_9405	devel	410
devel_9406	devel	352
devel_9407	devel	114
devel_9408	devel	131
devel_9409	devel	148
devel_9410	devel	223
devel_9411	devel	398
devel_9412	devel	229
devel_9413	devel	92
devel_9414	devel	54
devel_9415	devel	363
devel_9416	devel	24
devel_9417	devel	12
devel_9418	devel	183
devel_9419	devel	260
devel_9420	devel	283
devel_9421	devel	338
devel_9422	devel	211
devel_9423	devel	195
devel_9424	devel	19
devel_9425	devel	22
devel_9426	devel	379
devel_9427	devel	50
devel_9428	devel	60
devel_9429	devel	121
devel_9430	devel	186
devel_9431	devel	19
devel_9432	devel	264
devel_9433	devel	92
devel_9434	devel	106
devel_9435	devel	137
devel_9436	devel	179
devel_9437	devel	312
devel_9438	devel	409
devel_9439	devel	209
devel_9440	devel	357
devel_9441	devel	232
devel_9442	devel	129
devel_9443	devel	94
devel_9444	devel	87
devel_9445	devel	98
devel_9446	devel	140
devel_9447	devel	284
devel_9448	devel	283
devel_9449	devel	341
devel_9450	devel	140
devel_9451	devel	299
devel_9452	devel	284
devel_9453	devel	202
devel_9454	devel	52
devel_9455	devel	36
devel_9456	devel	146
devel_9457	devel	412
devel_9458	devel	265
devel_9459	devel	289
devel_9460	devel	267
devel_9461	devel	69
devel_9462	devel	226
devel_9463	devel	8
devel_9464	devel	195
devel_9465	devel	202
devel_9466	devel	289
devel_9467	devel	78
devel_9468	devel	108
devel_9469	devel	352
devel_9470	devel	190
devel_9471	devel	47
devel_9472	devel	193
devel_9473	devel	415
devel_9474	devel	250
devel_9475	devel	280
devel_9476	devel	243
devel_9477	devel	370
devel_9478	devel	268
devel_9479	devel	273
devel_9480	devel	24
devel_9481	devel	47
devel_9482	devel	221
devel_9483	devel	140
devel_9484	devel	152
devel_9485	devel	135
devel_9486	devel	33
devel_9487	devel	77
devel_9488	devel	206
devel_9489	devel	25
devel_9490	devel	194
devel_9491	devel	294
devel_9492	devel	176
devel_9493	devel	80
devel_9494	devel	206
devel_9495	devel	190
devel_9496	devel	186
devel_9497	devel	9
devel_9498	devel	92
devel_9499	devel	341
devel_9500	devel	47
devel_9501	devel	38
devel_9502	devel	367
devel_9503	devel	11
devel_9504	devel	50
devel_9505	devel	320
devel_9506	devel	261
devel_9507	devel	36
devel_9508	devel	250
devel_9509	devel	76
devel_9510	devel	175
devel_9511	devel	221
devel_9512	devel	243
devel_9513	devel	64
devel_9514	devel	35
devel_9515	devel	170
devel_9516	devel	282
devel_9517	devel	409
devel_9518	devel	251
devel_9519	devel	129
devel_9520	devel	199
devel_9521	devel	250
devel_9522	devel	140
devel_9523	devel	265
devel_9524	devel	325
devel_9525	devel	171
devel_9526	devel	153
devel_9527	devel	250
devel_9528	devel	267
devel_9529	devel	54
devel_9530	devel	373
devel_9531	devel	136
devel_9532	devel	8
devel_9533	devel	3
devel_9534	devel	121
devel_9535	devel	161
devel_9536	devel	339
devel_9537	devel	131
devel_9538	devel	199
devel_9539	devel	244
devel_9540	devel	69
devel_9541	devel	376
devel_9542	devel	267
devel_9543	devel	192
devel_9544	devel	398
devel_9545	devel	9
devel_9546	devel	190
devel_9547	devel	252
devel_9548	devel	214
devel_9549	devel	60
devel_9550	devel	406
devel_9551	devel	124
devel_9552	devel	148
devel_9553	devel	365
devel_9554	devel	8
devel_9555	devel	252
devel_9556	devel	169
devel_9557	devel	238
devel_9558	devel	35
devel_9559	devel	243
devel_9560	devel	268
devel_9561	devel	4
devel_9562	devel	412
devel_9563	devel	254
devel_9564	devel	221
devel_9565	devel	143
devel_9566	devel	186
devel_9567	devel	161
devel_9568	devel	306
devel_9569	devel	8
devel_9570	devel	96
devel_9571	devel	367
devel_9572	devel	175
devel_9573	devel	221
devel_9574	devel	179
devel_9575	devel	42
devel_9576	devel	308
devel_9577	devel	276
devel_9578	devel	284
devel_9579	devel	388
devel_9580	devel	334
devel_9581	devel	205
devel_9582	devel	255
devel_9583	devel	344
devel_9584	devel	391
devel_9585	devel	24
devel_9586	devel	371
devel_9587	devel	148
devel_9588	devel	202
devel_9589	devel	392
devel_9590	devel	212
devel_9591	devel	130
devel_9592	devel	290
devel_9593	devel	331
devel_9594	devel	12
devel_9595	devel	152
devel_9596	devel	306
test_0001	test	1137
test_0002	test	1058
test_0003	test	1040
test_0004	test	1078
test_0005	test	1006
test_0006	test	1027
test_0007	test	1072
test_0008	test	1006
test_0009	test	1103
test_0010	test	1131
test_0011	test	1005
test_0012	test	1002
test_0013	test	1120
test_0014	test	1027
test_0015	test	1040
test_0016	test	1041
test_0017	test	1060
test_0018	test	1171
test_0019	test	1019
test_0020	test	1061
test_0021	test	1059
test_0022	test	1200
test_0023	test	1014
test_0024	test	1148
test_0025	test	1006
test_0026	test	1183
test_0027	test	1049
test_0028	test	1046
test_0029	test	1042
test_0030	test	1016
test_0031	test	1177
test_0032	test	1165
test_0033	test	1106
test_0034	test	1066
test_0035	test	1026
test_0036	test	1007
test_0037	test	1053
test_0038	test	1102
test_0039	test	1085
test_0040	test	1068
test_0041	test	1104
test_0042	test	1148
test_0043	test	1020
test_0044	test	1072
test_0045	test	1121
test_0046	test	1166
test_0047	test	1134
test_0048	test	1122
test_0049	test	1115
test_0050	test	1160
test_0051	test	1022
test_0052	test	1147
test_0053	test	1209
test_0054	test	1059
test_0055	test	1123
test_0056	test	1095
test_0057	test	1183
test_0058	test	1035
test_0059	test	1056
test_0060	test	1055
test_0061	test	1208
test_0062	test	1027
test_0063	test	1205
test_0064	test	1115
test_0065	test	1000
test_0066	test	1005
test_0067	test	1000
test_0068	test	1029
test_0069	test	1132
test_0070	test	1042
test_0071	test	1049
test_0072	test	1179
test_0073	test	1099
test_0074	test	1030
test_0075	test	1177
test_0076	test	1032
test_0077	test	1175
test_0078	test	1094
test_0079	test	1002
test_0080	test	1064
test_0081	test	1148
test_0082	test	1110
test_0083	test	1029
test_0084	test	1107
test_0085	test	1057
test_0086	test	1104
test_0087	test	1175
test_0088	test	1205
test_0089	test	1121
test_0090	test	1172
test_0091	test	1037
test_0092	test	1165
test_0093	test	1035
test_0094	test	1165
test_0095	test	1002
test_0096	test	1106
test_0097	test	1008
test_0098	test	1159
test_0099	test	1090
test_0100	test	1053
test_0101	test	1016
test_0102	test	1038
test_0103	test	1061
test_0104	test	1176
test_0105	test	1016
test_0106	test	1022
test_0107	test	1098
test_0108	test	1076
test_0109	test	1037
test_0110	test	1190
test_0111	test	1120
test_0112	test	1070
test_0113	test	1043
test_0114	test	1158
test_0115	test	1207
test_0116	test	1206
test_0117	test	1029
test_0118	test	1068
test_0119	test	1103
test_0120	test	1166
test_0121	test	1089
test_0122	test	1005
test_0123	test	1163
test_0124	test	1020
test_0125	test	1140
test_0126	test	1089
test_0127	test	1037
test_0128	test	1012
test_0129	test	1175
test_0130	test	1039
test_0131	test	1055
test_0132	test	1127
test_0133	test	1039
test_0134	test	1141
test_0135	test	1014
test_0136	test	1108
test_0137	test	1091
test_0138	test	1089
test_0139	test	1098
test_0140	test	1150
test_0141	test	1025
test_0142	test	1171
test_0143	test	1044
test_0144	test	1059
test_0145	test	1032
test_0146	test	1101
test_0147	test	1143
test_0148	test	1040
test_0149	test	1152
test_0150	test	1123
test_0151	test	1152
test_0152	test	1069
test_0153	test	1122
test_0154	test	1112
test_0155	test	1178
test_0156	test	1114
test_0157	test	1037
test_0158	test	1059
test_0159	test	1121
test_0160	test	1006
test_0161	test	1089
test_0162	test	1056
test_0163	test	1202
test_0164	test	1188
test_0165	test	1069
test_0166	test	1017
test_0167	test	1177
test_0168	test	1172
test_0169	test	1209
test_0170	test	1040
test_0171	test	1044
test_0172	test	1011
test_0173	test	1050
test_0174	test	1190
test_0175	test	1025
test_0176	test	1046
test_0177	test	1178
test_0178	test	1194
test_0179	test	1019
test_0180	test	1165
test_0181	test	1049
test_0182	test	1079
test_0183	test	1003
test_0184	test	1181
test_0185	test	1167
test_0186	test	1147
test_0187	test	1056
test_0188	test	1082
test_0189	test	1025
test_0190	test	1023
test_0191	test	1173
test_0192	test	1134
test_0193	test	1198
test_0194	test	1151
test_0195	test	1034
test_0196	test	1179
test_0197	test	1059
test_0198	test	1102
test_0199	test	1167
test_0200	test	1059
test_0201	test	1003
test_0202	test	1027
test_0203	test	1141
test_0204	test	1148
test_0205	test	1031
test_0206	test	1050
test_0207	test	1208
test_0208	test	1171
test_0209	test	1081
test_0210	test	1053
test_0211	test	1198
test_0212	test	1056
test_0213	test	1114
test_0214	test	1077
test_0215	test	1017
test_0216	test	1051
test_0217	test	1141
test_0218	test	1209
test_0219	test	1070
test_0220	test	1154
test_0221	test	1040
test_0222	test	1205
test_0223	test	1111
test_0224	test	1166
test_0225	test	1052
test_0226	test	1115
test_0227	test	1037
test_0228	test	1134
test_0229	test	1027
test_0230	test	1057
test_0231	test	1132
test_0232	test	1095
test_0233	test	1127
test_0234	test	1101
test_0235	test	1150
test_0236	test	1118
test_0237	test	1099
test_0238	test	1083
test_0239	test	1042
test_0240	test	1201
test_0241	test	1138
test_0242	test	1171
test_0243	test	1172
test_0244	test	1173
test_0245	test	1043
test_0246	test	1196
test_0247	test	1087
test_0248	test	1083
test_0249	test	1022
test_0250	test	1113
test_0251	test	1015
test_0252	test	1095
test_0253	test	1205
test_0254	test	1138
test_0255	test	1195
test_0256	test	1059
test_0257	test	1151
test_0258	test	1078
test_0259	test	1158
test_0260	test	1083
test_0261	test	1125
test_0262	test	1039
test_0263	test	1095
test_0264	test	1079
test_0265	test	1030
test_0266	test	1074
test_0267	test	1206
test_0268	test	1082
test_0269	test	1037
test_0270	test	1201
test_0271	test	1026
test_0272	test	1044
test_0273	test	1038
test_0274	test	1011
test_0275	test	1098
test_0276	test	1014
test_0277	test	1098
test_0278	test	1005
test_0279	test	1142
test_0280	test	1164
test_0281	test	1006
test_0282	test	1077
test_0283	test	1064
test_0284	test	1045
test_0285	test	1003
test_0286	test	1186
test_0287	test	1023
test_0288	test	1185
test_0289	test	1062
test_0290	test	1016
test_0291	test	1175
test_0292	test	1098
test_0293	test	1031
test_0294	test	1080
test_0295	test	1098
test_0296	test	1156
test_0297	test	1069
test_0298	test	1201
test_0299	test	1133
test_0300	test	1123
test_0301	test	1101
test_0302	test	1157
test_0303	test	1090
test_0304	test	1112
test_0305	test	1007
test_0306	test	1188
test_0307	test	1072
test_0308	test	1002
test_0309	test	1189
test_0310	test	1098
test_0311	test	1068
test_0312	test	1203
test_0313	test	1035
test_0314	test	1099
test_0315	test	1098
test_0316	test	1174
test_0317	test	1069
test_0318	test	1131
test_0319	test	1017
test_0320	test	1028
test_0321	test	1080
test_0322	test	1002
test_0323	test	1138
test_0324	test	1005
test_0325	test	1207
test_0326	test	1167
test_0327	test	1191
test_0328	test	1079
test_0329	test	1029
test_0330	test	1012
test_0331	test	1006
test_0332	test	1149
test_0333	test	1028
test_0334	test	1005
test_0335	test	1192
test_0336	test	1000
test_0337	test	1046
test_0338	test	1023
test_0339	test	1032
test_0340	test	1066
test_0341	test	1109
test_0342	test	1095
test_0343	test	1051
test_0344	test	1061
test_0345	test	1164
test_0346	test	1153
test_0347	test	1158
test_0348	test	1123
test_0349	test	1138
test_0350	test	1175
test_0351	test	1113
test_0352	test	1002
test_0353	test	1075
test_0354	test	1186
test_0355	test	1056
test_0356	test	1069
test_0357	test	1044
test_0358	test	1127
test_0359	test	1162
test_0360	test	1027
test_0361	test	1082
test_0362	test	1005
test_0363	test	1160
test_0364	test	1073
test_0365	test	1020
test_0366	test	1008
test_0367	test	1181
test_0368	test	1176
test_0369	test	1024
test_0370	test	1197
test_0371	test	1049
test_0372	test	1171
test_0373	test	1125
test_0374	test	1026
test_0375	test	1106
test_0376	test	1160
test_0377	test	1144
test_0378	test	1132
test_0379	test	1184
test_0380	test	1181
test_0381	test	1095
test_0382	test	1053
test_0383	test	1090
test_0384	test	1051
test_0385	test	1053
test_0386	test	1070
test_0387	test	1165
test_0388	test	1185
test_0389	test	1183
test_0390	test	1132
test_0391	test	1183
test_0392	test	1078
test_0393	test	1024
test_0394	test	1192
test_0395	test	1061
test_0396	test	1196
test_0397	test	1028
test_0398	test	1020
test_0399	test	1016
test_0400	test	1133
test_0401	test	1159
test_0402	test	1049
test_0403	test	1006
test_0404	test	1025
test_0405	test	1050
test_0406	test	1072
test_0407	test	1147
test_0408	test	1062
test_0409	test	1003
test_0410	test	1153
test_0411	test	1030
test_0412	test	1132
test_0413	test	1035
test_0414	test	1175
test_0415	test	1046
test_0416	test	1049
test_0417	test	1037
test_0418	test	1014
test_0419	test	1177
test_0420	test	1097
test_0421	test	1092
test_0422	test	1028
test_0423	test	1002
test_0424	test	1044
test_0425	test	1084
test_0426	test	1041
test_0427	test	1051
test_0428	test	1118
test_0429	test	1002
test_0430	test	1032
test_0431	test	1100
test_0432	test	1170
test_0433	test	1044
test_0434	test	1163
test_0435	test	1193
test_0436	test	1114
test_0437	test	1035
test_0438	test	1055
test_0439	test	1130
test_0440	test	1032
test_0441	test	1164
test_0442	test	1074
test_0443	test	1192
test_0444	test	1007
test_0445	test	1038
test_0446	test	1163
test_0447	test	1149
test_0448	test	1199
test_0449	test	1164
test_0450	test	1075
test_0451	test	1066
test_0452	test	1071
test_0453	test	1007
test_0454	test	1078
test_0455	test	1166
test_0456	test	1081
test_0457	test	1105
test_0458	test	1175
test_0459	test	1061
test_0460	test	1170
test_0461	test	1012
test_0462	test	1089
test_0463	test	1074
test_0464	test	1084
test_0465	test	1181
test_0466	test	1001
test_0467	test	1203
test_0468	test	1083
test_0469	test	1140
test_0470	test	1081
test_0471	test	1177
test_0472	test	1042
test_0473	test	1096
test_0474	test	1100
test_0475	test	1118
test_0476	test	1147
test_0477	test	1017
test_0478	test	1027
test_0479	test	1117
test_0480	test	1129
test_0481	test	1141
test_0482	test	1050
test_0483	test	1061
test_0484	test	1059
test_0485	test	1018
test_0486	test	1032
test_0487	test	1067
test_0488	test	1207
test_0489	test	1076
test_0490	test	1052
test_0491	test	1124
test_0492	test	1128
test_0493	test	1147
test_0494	test	1004
test_0495	test	1039
test_0496	test	1060
test_0497	test	1024
test_0498	test	1120
test_0499	test	1041
test_0500	test	1037
test_0501	test	1029
test_0502	test	1112
test_0503	test	1092
test_0504	test	1074
test_0505	test	1072
test_0506	test	1167
test_0507	test	1118
test_0508	test	1105
test_0509	test	1061
test_0510	test	1078
test_0511	test	1127
test_0512	test	1010
test_0513	test	1025
test_0514	test	1092
test_0515	test	1000
test_0516	test	1207
test_0517	test	1007
test_0518	test	1012
test_0519	test	1138
test_0520	test	1178
test_0521	test	1148
test_0522	test	1049
test_0523	test	1086
test_0524	test	1041
test_0525	test	1042
test_0526	test	1100
test_0527	test	1050
test_0528	test	1140
test_0529	test	1206
test_0530	test	1008
test_0531	test	1094
test_0532	test	1046
test_0533	test	1117
test_0534	test	1148
test_0535	test	1029
test_0536	test	1133
test_0537	test	1042
test_0538	test	1082
test_0539	test	1045
test_0540	test	1084
test_0541	test	1026
test_0542	test	1143
test_0543	test	1050
test_0544	test	1056
test_0545	test	1152
test_0546	test	1206
test_0547	test	1062
test_0548	test	1139
test_0549	test	1079
test_0550	test	1190
test_0551	test	1030
test_0552	test	1175
test_0553	test	1074
test_0554	test	1120
test_0555	test	1151
test_0556	test	1175
test_0557	test	1164
test_0558	test	1071
test_0559	test	1066
test_0560	test	1020
test_0561	test	1072
test_0562	test	1190
test_0563	test	1095
test_0564	test	1099
test_0565	test	1125
test_0566	test	1005
test_0567	test	1176
test_0568	test	1118
test_0569	test	1106
test_0570	test	1003
test_0571	test	1073
test_0572	test	1061
test_0573	test	1124
test_0574	test	1046
test_0575	test	1207
test_0576	test	1083
test_0577	test	1083
test_0578	test	1176
test_0579	test	1031
test_0580	test	1017
test_0581	test	1017
test_0582	test	1117
test_0583	test	1055
test_0584	test	1045
test_0585	test	1026
test_0586	test	1174
test_0587	test	1074
test_0588	test	1082
test_0589	test	1049
test_0590	test	1022
test_0591	test	1057
test_0592	test	1040
test_0593	test	1026
test_0594	test	1037
test_0595	test	1019
test_0596	test	1016
test_0597	test	1132
test_0598	test	1190
test_0599	test	1065
test_0600	test	1009
test_0601	test	1039
test_0602	test	1118
test_0603	test	1036
test_0604	test	1124
test_0605	test	1004
test_0606	test	1014
test_0607	test	1050
test_0608	test	1081
test_0609	test	1185
test_0610	test	1037
test_0611	test	1194
test_0612	test	1162
test_0613	test	1017
test_0614	test	1048
test_0615	test	1081
test_0616	test	1103
test_0617	test	1166
test_0618	test	1098
test_0619	test	1164
test_0620	test	1074
test_0621	test	1073
test_0622	test	1057
test_0623	test	1066
test_0624	test	1135
test_0625	test	1046
test_0626	test	1143
test_0627	test	1121
test_0628	test	1189
test_0629	test	1040
test_0630	test	1053
test_0631	test	1085
test_0632	test	1017
test_0633	test	1180
test_0634	test	1185
test_0635	test	1002
test_0636	test	1027
test_0637	test	1184
test_0638	test	1037
test_0639	test	1175
test_0640	test	1162
test_0641	test	1064
test_0642	test	1197
test_0643	test	1044
test_0644	test	1141
test_0645	test	1076
test_0646	test	1209
test_0647	test	1074
test_0648	test	1002
test_0649	test	1065
test_0650	test	1006
test_0651	test	1115
test_0652	test	1014
test_0653	test	1194
test_0654	test	1078
test_0655	test	1023
test_0656	test	1169
test_0657	test	1170
test_0658	test	1148
test_0659	test	1016
test_0660	test	1117
test_0661	test	1002
test_0662	test	1034
test_0663	test	1006
test_0664	test	1072
test_0665	test	1075
test_0666	test	1044
test_0667	test	1098
test_0668	test	1057
test_0669	test	1032
test_0670	test	1011
test_0671	test	1044
test_0672	test	1197
test_0673	test	1003
test_0674	test	1044
test_0675	test	1135
test_0676	test	1005
test_0677	test	1066
test_0678	test	1158
test_0679	test	1102
test_0680	test	1113
test_0681	test	1147
test_0682	test	1181
test_0683	test	1118
test_0684	test	1050
test_0685	test	1032
test_0686	test	1131
test_0687	test	1200
test_0688	test	1077
test_0689	test	1112
test_0690	test	1124
test_0691	test	1012
test_0692	test	1209
test_0693	test	1002
test_0694	test	1005
test_0695	test	1158
test_0696	test	1105
test_0697	test	1203
test_0698	test	1048
test_0699	test	1140
test_0700	test	1027
test_0701	test	1115
test_0702	test	1023
test_0703	test	1134
test_0704	test	1185
test_0705	test	1046
test_0706	test	1094
test_0707	test	1019
test_0708	test	1148
test_0709	test	1117
test_0710	test	1037
test_0711	test	1190
test_0712	test	1046
test_0713	test	1141
test_0714	test	1164
test_0715	test	1035
test_0716	test	1039
test_0717	test	1002
test_0718	test	1072
test_0719	test	1026
test_0720	test	1027
test_0721	test	1147
test_0722	test	1080
test_0723	test	1070
test_0724	test	1113
test_0725	test	1123
test_0726	test	1031
test_0727	test	1070
test_0728	test	1207
test_0729	test	1014
test_0730	test	1030
test_0731	test	1117
test_0732	test	1078
test_0733	test	1109
test_0734	test	1060
test_0735	test	1095
test_0736	test	1149
test_0737	test	1164
test_0738	test	1008
test_0739	test	1208
test_0740	test	1067
test_0741	test	1029
test_0742	test	1031
test_0743	test	1029
test_0744	test	1118
test_0745	test	1006
test_0746	test	1045
test_0747	test	1195
test_0748	test	1127
test_0749	test	1207
test_0750	test	1116
test_0751	test	1123
test_0752	test	1074
test_0753	test	1110
test_0754	test	1192
test_0755	test	1077
test_0756	test	1091
test_0757	test	1148
test_0758	test	1103
test_0759	test	1139
test_0760	test	1205
test_0761	test	1095
test_0762	test	1111
test_0763	test	1000
test_0764	test	1209
test_0765	test	1040
test_0766	test	1102
test_0767	test	1077
test_0768	test	1107
test_0769	test	1189
test_0770	test	1145
test_0771	test	1028
test_0772	test	1194
test_0773	test	1147
test_0774	test	1057
test_0775	test	1040
test_0776	test	1030
test_0777	test	1208
test_0778	test	1207
test_0779	test	1040
test_0780	test	1089
test_0781	test	1091
test_0782	test	1125
test_0783	test	1027
test_0784	test	1064
test_0785	test	1005
test_0786	test	1175
test_0787	test	1070
test_0788	test	1007
test_0789	test	1049
test_0790	test	1201
test_0791	test	1039
test_0792	test	1095
test_0793	test	1085
test_0794	test	1164
test_0795	test	1109
test_0796	test	1195
test_0797	test	1007
test_0798	test	1045
test_0799	test	1021
test_0800	test	1151
test_0801	test	1174
test_0802	test	1167
test_0803	test	1029
test_0804	test	1053
test_0805	test	1022
test_0806	test	1125
test_0807	test	1056
test_0808	test	1147
test_0809	test	1175
test_0810	test	1175
test_0811	test	1078
test_0812	test	1067
test_0813	test	1008
test_0814	test	1045
test_0815	test	1034
test_0816	test	1111
test_0817	test	1039
test_0818	test	1088
test_0819	test	1195
test_0820	test	1048
test_0821	test	1045
test_0822	test	1040
test_0823	test	1175
test_0824	test	1097
test_0825	test	1016
test_0826	test	1070
test_0827	test	1043
test_0828	test	1137
test_0829	test	1020
test_0830	test	1177
test_0831	test	1109
test_0832	test	1043
test_0833	test	1065
test_0834	test	1035
test_0835	test	1076
test_0836	test	1003
test_0837	test	1208
test_0838	test	1076
test_0839	test	1136
test_0840	test	1154
test_0841	test	1074
test_0842	test	1151
test_0843	test	1123
test_0844	test	1077
test_0845	test	1008
test_0846	test	1131
test_0847	test	1166
test_0848	test	1107
test_0849	test	1099
test_0850	test	1079
test_0851	test	1147
test_0852	test	1098
test_0853	test	1135
test_0854	test	1031
test_0855	test	1072
test_0856	test	1117
test_0857	test	1113
test_0858	test	1012
test_0859	test	1141
test_0860	test	1098
test_0861	test	1002
test_0862	test	1095
test_0863	test	1090
test_0864	test	1057
test_0865	test	1098
test_0866	test	1070
test_0867	test	1049
test_0868	test	1042
test_0869	test	1089
test_0870	test	1206
test_0871	test	1085
test_0872	test	1098
test_0873	test	1164
test_0874	test	1110
test_0875	test	1121
test_0876	test	1092
test_0877	test	1035
test_0878	test	1091
test_0879	test	1029
test_0880	test	1177
test_0881	test	1134
test_0882	test	1060
test_0883	test	1179
test_0884	test	1109
test_0885	test	1130
test_0886	test	1207
test_0887	test	1177
test_0888	test	1194
test_0889	test	1166
test_0890	test	1068
test_0891	test	1092
test_0892	test	1175
test_0893	test	1063
test_0894	test	1085
test_0895	test	1079
test_0896	test	1031
test_0897	test	1095
test_0898	test	1196
test_0899	test	1061
test_0900	test	1166
test_0901	test	1018
test_0902	test	1148
test_0903	test	1165
test_0904	test	1094
test_0905	test	1056
test_0906	test	1186
test_0907	test	1025
test_0908	test	1076
test_0909	test	1186
test_0910	test	1130
test_0911	test	1112
test_0912	test	1156
test_0913	test	1112
test_0914	test	1137
test_0915	test	1154
test_0916	test	1203
test_0917	test	1135
test_0918	test	1039
test_0919	test	1150
test_0920	test	1078
test_0921	test	1133
test_0922	test	1017
test_0923	test	1040
test_0924	test	1073
test_0925	test	1077
test_0926	test	1095
test_0927	test	1005
test_0928	test	1095
test_0929	test	1066
test_0930	test	1117
test_0931	test	1112
test_0932	test	1139
test_0933	test	1151
test_0934	test	1002
test_0935	test	1186
test_0936	test	1049
test_0937	test	1090
test_0938	test	1077
test_0939	test	1149
test_0940	test	1135
test_0941	test	1046
test_0942	test	1012
test_0943	test	1074
test_0944	test	1040
test_0945	test	1073
test_0946	test	1006
test_0947	test	1146
test_0948	test	1074
test_0949	test	1037
test_0950	test	1112
test_0951	test	1178
test_0952	test	1082
test_0953	test	1015
test_0954	test	1069
test_0955	test	1166
test_0956	test	1095
test_0957	test	1074
test_0958	test	1083
test_0959	test	1100
test_0960	test	1194
test_0961	test	1209
test_0962	test	1125
test_0963	test	1194
test_0964	test	1128
test_0965	test	1015
test_0966	test	1207
test_0967	test	1075
test_0968	test	1198
test_0969	test	1022
test_0970	test	1099
test_0971	test	1169
test_0972	test	1067
test_0973	test	1115
test_0974	test	1134
test_0975	test	1139
test_0976	test	1018
test_0977	test	1077
test_0978	test	1097
test_0979	test	1096
test_0980	test	1026
test_0981	test	1085
test_0982	test	1209
test_0983	test	1053
test_0984	test	1124
test_0985	test	1068
test_0986	test	1043
test_0987	test	1185
test_0988	test	1020
test_0989	test	1127
test_0990	test	1077
test_0991	test	1173
test_0992	test	1152
test_0993	test	1185
test_0994	test	1171
test_0995	test	1020
test_0996	test	1164
test_0997	test	1003
test_0998	test	1140
test_0999	test	1056
test_1000	test	1197
test_1001	test	1147
test_1002	test	1140
test_1003	test	1053
test_1004	test	1021
test_1005	test	1071
test_1006	test	1031
test_1007	test	1115
test_1008	test	1035
test_1009	test	1019
test_1010	test	1112
test_1011	test	1064
test_1012	test	1012
test_1013	test	1204
test_1014	test	1012
test_1015	test	1046
test_1016	test	1176
test_1017	test	1099
test_1018	test	1185
test_1019	test	1066
test_1020	test	1000
test_1021	test	1107
test_1022	test	1031
test_1023	test	1084
test_1024	test	1141
test_1025	test	1177
test_1026	test	1160
test_1027	test	1106
test_1028	test	1039
test_1029	test	1090
test_1030	test	1051
test_1031	test	1110
test_1032	test	1140
test_1033	test	1046
test_1034	test	1138
test_1035	test	1049
test_1036	test	1075
test_1037	test	1188
test_1038	test	1041
test_1039	test	1087
test_1040	test	1173
test_1041	test	1117
test_1042	test	1093
test_1043	test	1040
test_1044	test	1052
test_1045	test	1194
test_1046	test	1059
test_1047	test	1011
test_1048	test	1141
test_1049	test	1104
test_1050	test	1175
test_1051	test	1152
test_1052	test	1180
test_1053	test	1132
test_1054	test	1056
test_1055	test	1062
test_1056	test	1091
test_1057	test	1020
test_1058	test	1085
test_1059	test	1108
test_1060	test	1204
test_1061	test	1076
test_1062	test	1154
test_1063	test	1046
test_1064	test	1095
test_1065	test	1041
test_1066	test	1014
test_1067	test	1141
test_1068	test	1017
test_1069	test	1106
test_1070	test	1126
test_1071	test	1155
test_1072	test	1180
test_1073	test	1190
test_1074	test	1029
test_1075	test	1034
test_1076	test	1183
test_1077	test	1089
test_1078	test	1037
test_1079	test	1171
test_1080	test	1095
test_1081	test	1044
test_1082	test	1089
test_1083	test	1043
test_1084	test	1043
test_1085	test	1089
test_1086	test	1012
test_1087	test	1015
test_1088	test	1110
test_1089	test	1117
test_1090	test	1123
test_1091	test	1003
test_1092	test	1180
test_1093	test	1002
test_1094	test	1189
test_1095	test	1095
test_1096	test	1147
test_1097	test	1028
test_1098	test	1081
test_1099	test	1072
test_1100	test	1151
test_1101	test	1037
test_1102	test	1099
test_1103	test	1190
test_1104	test	1109
test_1105	test	1083
test_1106	test	1127
test_1107	test	1170
test_1108	test	1039
test_1109	test	1147
test_1110	test	1197
test_1111	test	1114
test_1112	test	1198
test_1113	test	1160
test_1114	test	1103
test_1115	test	1014
test_1116	test	1016
test_1117	test	1095
test_1118	test	1107
test_1119	test	1066
test_1120	test	1070
test_1121	test	1135
test_1122	test	1031
test_1123	test	1070
test_1124	test	1029
test_1125	test	1091
test_1126	test	1154
test_1127	test	1142
test_1128	test	1046
test_1129	test	1005
test_1130	test	1109
test_1131	test	1193
test_1132	test	1174
test_1133	test	1110
test_1134	test	1143
test_1135	test	1044
test_1136	test	1001
test_1137	test	1081
test_1138	test	1069
test_1139	test	1069
test_1140	test	1100
test_1141	test	1154
test_1142	test	1209
test_1143	test	1020
test_1144	test	1092
test_1145	test	1039
test_1146	test	1095
test_1147	test	1060
test_1148	test	1041
test_1149	test	1042
test_1150	test	1185
test_1151	test	1087
test_1152	test	1053
test_1153	test	1005
test_1154	test	1206
test_1155	test	1183
test_1156	test	1147
test_1157	test	1006
test_1158	test	1017
test_1159	test	1015
test_1160	test	1144
test_1161	test	1073
test_1162	test	1009
test_1163	test	1113
test_1164	test	1116
test_1165	test	1109
test_1166	test	1181
test_1167	test	1138
test_1168	test	1185
test_1169	test	1136
test_1170	test	1103
test_1171	test	1201
test_1172	test	1136
test_1173	test	1124
test_1174	test	1019
test_1175	test	1165
test_1176	test	1187
test_1177	test	1006
test_1178	test	1038
test_1179	test	1091
test_1180	test	1164
test_1181	test	1042
test_1182	test	1093
test_1183	test	1106
test_1184	test	1016
test_1185	test	1116
test_1186	test	1022
test_1187	test	1083
test_1188	test	1043
test_1189	test	1015
test_1190	test	1141
test_1191	test	1046
test_1192	test	1002
test_1193	test	1126
test_1194	test	1068
test_1195	test	1151
test_1196	test	1143
test_1197	test	1050
test_1198	test	1051
test_1199	test	1145
test_1200	test	1070
test_1201	test	1135
test_1202	test	1141
test_1203	test	1095
test_1204	test	1150
test_1205	test	1023
test_1206	test	1027
test_1207	test	1085
test_1208	test	1094
test_1209	test	1103
test_1210	test	1209
test_1211	test	1076
test_1212	test	1179
test_1213	test	1000
test_1214	test	1133
test_1215	test	1093
test_1216	test	1127
test_1217	test	1026
test_1218	test	1185
test_1219	test	1071
test_1220	test	1134
test_1221	test	1018
test_1222	test	1187
test_1223	test	1035
test_1224	test	1077
test_1225	test	1118
test_1226	test	1182
test_1227	test	1145
test_1228	test	1145
test_1229	test	1117
test_1230	test	1096
test_1231	test	1140
test_1232	test	1177
test_1233	test	1016
test_1234	test	1140
test_1235	test	1203
test_1236	test	1057
test_1237	test	1136
test_1238	test	1164
test_1239	test	1140
test_1240	test	1082
test_1241	test	1024
test_1242	test	1151
test_1243	test	1079
test_1244	test	1073
test_1245	test	1095
test_1246	test	1177
test_1247	test	1124
test_1248	test	1072
test_1249	test	1033
test_1250	test	1155
test_1251	test	1087
test_1252	test	1054
test_1253	test	1166
test_1254	test	1208
test_1255	test	1207
test_1256	test	1038
test_1257	test	1097
test_1258	test	1083
test_1259	test	1009
test_1260	test	1150
test_1261	test	1011
test_1262	test	1024
test_1263	test	1033
test_1264	test	1078
test_1265	test	1036
test_1266	test	1109
test_1267	test	1016
test_1268	test	1154
test_1269	test	1162
test_1270	test	1203
test_1271	test	1026
test_1272	test	1076
test_1273	test	1069
test_1274	test	1003
test_1275	test	1020
test_1276	test	1106
test_1277	test	1131
test_1278	test	1040
test_1279	test	1207
test_1280	test	1079
test_1281	test	1189
test_1282	test	1129
test_1283	test	1064
test_1284	test	1192
test_1285	test	1015
test_1286	test	1079
test_1287	test	1053
test_1288	test	1087
test_1289	test	1099
test_1290	test	1194
test_1291	test	1181
test_1292	test	1032
test_1293	test	1140
test_1294	test	1126
test_1295	test	1031
test_1296	test	1208
test_1297	test	1135
test_1298	test	1064
test_1299	test	1081
test_1300	test	1018
test_1301	test	1132
test_1302	test	1109
test_1303	test	1193
test_1304	test	1034
test_1305	test	1141
test_1306	test	1126
test_1307	test	1056
test_1308	test	1059
test_1309	test	1082
test_1310	test	1044
test_1311	test	1059
test_1312	test	1031
test_1313	test	1193
test_1314	test	1050
test_1315	test	1169
test_1316	test	1043
test_1317	test	1165
test_1318	test	1193
test_1319	test	1053
test_1320	test	1041
test_1321	test	1085
test_1322	test	1114
test_1323	test	1042
test_1324	test	1124
test_1325	test	1062
test_1326	test	1043
test_1327	test	1027
test_1328	test	1205
test_1329	test	1135
test_1330	test	1140
test_1331	test	1128
test_1332	test	1017
test_1333	test	1090
test_1334	test	1044
test_1335	test	1103
test_1336	test	1011
test_1337	test	1079
test_1338	test	1114
test_1339	test	1181
test_1340	test	1017
test_1341	test	1046
test_1342	test	1172
test_1343	test	1027
test_1344	test	1089
test_1345	test	1177
test_1346	test	1126
test_1347	test	1018
test_1348	test	1015
test_1349	test	1081
test_1350	test	1081
test_1351	test	1083
test_1352	test	1111
test_1353	test	1100
test_1354	test	1045
test_1355	test	1042
test_1356	test	1104
test_1357	test	1198
test_1358	test	1102
test_1359	test	1079
test_1360	test	1193
test_1361	test	1135
test_1362	test	1106
test_1363	test	1194
test_1364	test	1000
test_1365	test	1039
test_1366	test	1111
test_1367	test	1130
test_1368	test	1107
test_1369	test	1186
test_1370	test	1143
test_1371	test	1018
test_1372	test	1007
test_1373	test	1000
test_1374	test	1068
test_1375	test	1152
test_1376	test	1078
test_1377	test	1053
test_1378	test	1022
test_1379	test	1068
test_1380	test	1179
test_1381	test	1069
test_1382	test	1076
test_1383	test	1015
test_1384	test	1166
test_1385	test	1087
test_1386	test	1022
test_1387	test	1179
test_1388	test	1118
test_1389	test	1004
test_1390	test	1172
test_1391	test	1118
test_1392	test	1206
test_1393	test	1148
test_1394	test	1107
test_1395	test	1113
test_1396	test	1006
test_1397	test	1051
test_1398	test	1069
test_1399	test	1190
test_1400	test	1159
test_1401	test	1000
test_1402	test	1141
test_1403	test	1113
test_1404	test	1115
test_1405	test	1026
test_1406	test	1148
test_1407	test	1205
test_1408	test	1044
test_1409	test	1201
test_1410	test	1160
test_1411	test	1020
test_1412	test	1037
test_1413	test	1089
test_1414	test	1147
test_1415	test	1039
test_1416	test	1141
test_1417	test	1067
test_1418	test	1156
test_1419	test	1005
test_1420	test	1071
test_1421	test	1044
test_1422	test	1025
test_1423	test	1002
test_1424	test	1209
test_1425	test	1027
test_1426	test	1205
test_1427	test	1209
test_1428	test	1041
test_1429	test	1069
test_1430	test	1000
test_1431	test	1042
test_1432	test	1098
test_1433	test	1114
test_1434	test	1209
test_1435	test	1053
test_1436	test	1166
test_1437	test	1072
test_1438	test	1021
test_1439	test	1070
test_1440	test	1078
test_1441	test	1100
test_1442	test	1072
test_1443	test	1065
test_1444	test	1204
test_1445	test	1032
test_1446	test	1061
test_1447	test	1015
test_1448	test	1053
test_1449	test	1085
test_1450	test	1191
test_1451	test	1030
test_1452	test	1099
test_1453	test	1093
test_1454	test	1023
test_1455	test	1133
test_1456	test	1061
test_1457	test	1019
test_1458	test	1166
test_1459	test	1103
test_1460	test	1142
test_1461	test	1172
test_1462	test	1073
test_1463	test	1083
test_1464	test	1011
test_1465	test	1194
test_1466	test	1057
test_1467	test	1207
test_1468	test	1084
test_1469	test	1042
test_1470	test	1104
test_1471	test	1192
test_1472	test	1103
test_1473	test	1040
test_1474	test	1087
test_1475	test	1068
test_1476	test	1203
test_1477	test	1122
test_1478	test	1123
test_1479	test	1169
test_1480	test	1076
test_1481	test	1038
test_1482	test	1076
test_1483	test	1015
test_1484	test	1090
test_1485	test	1017
test_1486	test	1069
test_1487	test	1102
test_1488	test	1186
test_1489	test	1052
test_1490	test	1096
test_1491	test	1012
test_1492	test	1162
test_1493	test	1184
test_1494	test	1175
test_1495	test	1140
test_1496	test	1066
test_1497	test	1058
test_1498	test	1040
test_1499	test	1150
test_1500	test	1115
test_1501	test	1074
test_1502	test	1177
test_1503	test	1185
test_1504	test	1037
test_1505	test	1114
test_1506	test	1089
test_1507	test	1068
test_1508	test	1165
test_1509	test	1022
test_1510	test	1073
test_1511	test	1077
test_1512	test	1165
test_1513	test	1001
test_1514	test	1032
test_1515	test	1026
test_1516	test	1055
test_1517	test	1135
test_1518	test	1043
test_1519	test	1053
test_1520	test	1022
test_1521	test	1040
test_1522	test	1129
test_1523	test	1175
test_1524	test	1102
test_1525	test	1011
test_1526	test	1153
test_1527	test	1095
test_1528	test	1005
test_1529	test	1025
test_1530	test	1204
test_1531	test	1206
test_1532	test	1125
test_1533	test	1056
test_1534	test	1201
test_1535	test	1129
test_1536	test	1002
test_1537	test	1003
test_1538	test	1148
test_1539	test	1002
test_1540	test	1190
test_1541	test	1023
test_1542	test	1207
test_1543	test	1089
test_1544	test	1015
test_1545	test	1015
test_1546	test	1089
test_1547	test	1198
test_1548	test	1074
test_1549	test	1026
test_1550	test	1008
test_1551	test	1168
test_1552	test	1090
test_1553	test	1087
test_1554	test	1180
test_1555	test	1107
test_1556	test	1040
test_1557	test	1018
test_1558	test	1177
test_1559	test	1127
test_1560	test	1049
test_1561	test	1019
test_1562	test	1034
test_1563	test	1062
test_1564	test	1125
test_1565	test	1000
test_1566	test	1074
test_1567	test	1042
test_1568	test	1198
test_1569	test	1005
test_1570	test	1163
test_1571	test	1050
test_1572	test	1041
test_1573	test	1014
test_1574	test	1059
test_1575	test	1071
test_1576	test	1199
test_1577	test	1205
test_1578	test	1037
test_1579	test	1014
test_1580	test	1205
test_1581	test	1200
test_1582	test	1062
test_1583	test	1143
test_1584	test	1022
test_1585	test	1198
test_1586	test	1057
test_1587	test	1018
test_1588	test	1018
test_1589	test	1066
test_1590	test	1148
test_1591	test	1092
test_1592	test	1065
test_1593	test	1112
test_1594	test	1112
test_1595	test	1043
test_1596	test	1034
test_1597	test	1051
test_1598	test	1094
test_1599	test	1055
test_1600	test	1107
test_1601	test	1074
test_1602	test	1079
test_1603	test	1006
test_1604	test	1161
test_1605	test	1194
test_1606	test	1089
test_1607	test	1095
test_1608	test	1070
test_1609	test	1137
test_1610	test	1031
test_1611	test	1055
test_1612	test	1113
test_1613	test	1037
test_1614	test	1132
test_1615	test	1055
test_1616	test	1077
test_1617	test	1023
test_1618	test	1154
test_1619	test	1151
test_1620	test	1092
test_1621	test	1097
test_1622	test	1100
test_1623	test	1015
test_1624	test	1062
test_1625	test	1114
test_1626	test	1152
test_1627	test	1041
test_1628	test	1032
test_1629	test	1135
test_1630	test	1181
test_1631	test	1107
test_1632	test	1031
test_1633	test	1152
test_1634	test	1178
test_1635	test	1185
test_1636	test	1082
test_1637	test	1080
test_1638	test	1024
test_1639	test	1040
test_1640	test	1203
test_1641	test	1127
test_1642	test	1068
test_1643	test	1095
test_1644	test	1203
test_1645	test	1028
test_1646	test	1000
test_1647	test	1077
test_1648	test	1028
test_1649	test	1020
test_1650	test	1078
test_1651	test	1020
test_1652	test	1107
test_1653	test	1012
test_1654	test	1137
test_1655	test	1102
test_1656	test	1127
test_1657	test	1049
test_1658	test	1188
test_1659	test	1042
test_1660	test	1070
test_1661	test	1056
test_1662	test	1041
test_1663	test	1164
test_1664	test	1040
test_1665	test	1037
test_1666	test	1059
test_1667	test	1188
test_1668	test	1011
test_1669	test	1078
test_1670	test	1003
test_1671	test	1155
test_1672	test	1195
test_1673	test	1059
test_1674	test	1153
test_1675	test	1076
test_1676	test	1046
test_1677	test	1025
test_1678	test	1084
test_1679	test	1080
test_1680	test	1023
test_1681	test	1179
test_1682	test	1172
test_1683	test	1166
test_1684	test	1164
test_1685	test	1059
test_1686	test	1119
test_1687	test	1207
test_1688	test	1153
test_1689	test	1008
test_1690	test	1030
test_1691	test	1014
test_1692	test	1089
test_1693	test	1057
test_1694	test	1034
test_1695	test	1181
test_1696	test	1080
test_1697	test	1003
test_1698	test	1014
test_1699	test	1044
test_1700	test	1108
test_1701	test	1193
test_1702	test	1164
test_1703	test	1146
test_1704	test	1107
test_1705	test	1153
test_1706	test	1115
test_1707	test	1098
test_1708	test	1049
test_1709	test	1003
test_1710	test	1007
test_1711	test	1027
test_1712	test	1123
test_1713	test	1179
test_1714	test	1171
test_1715	test	1076
test_1716	test	1144
test_1717	test	1039
test_1718	test	1032
test_1719	test	1068
test_1720	test	1087
test_1721	test	1110
test_1722	test	1061
test_1723	test	1048
test_1724	test	1074
test_1725	test	1026
test_1726	test	1154
test_1727	test	1068
test_1728	test	1189
test_1729	test	1169
test_1730	test	1108
test_1731	test	1147
test_1732	test	1125
test_1733	test	1166
test_1734	test	1024
test_1735	test	1105
test_1736	test	1061
test_1737	test	1014
test_1738	test	1039
test_1739	test	1089
test_1740	test	1011
test_1741	test	1025
test_1742	test	1001
test_1743	test	1147
test_1744	test	1019
test_1745	test	1029
test_1746	test	1011
test_1747	test	1017
test_1748	test	1186
test_1749	test	1107
test_1750	test	1000
test_1751	test	1014
test_1752	test	1132
test_1753	test	1140
test_1754	test	1094
test_1755	test	1008
test_1756	test	1159
test_1757	test	1057
test_1758	test	1001
test_1759	test	1059
test_1760	test	1102
test_1761	test	1208
test_1762	test	1030
test_1763	test	1110
test_1764	test	1158
test_1765	test	1071
test_1766	test	1040
test_1767	test	1011
test_1768	test	1186
test_1769	test	1175
test_1770	test	1177
test_1771	test	1095
test_1772	test	1078
test_1773	test	1084
test_1774	test	1160
test_1775	test	1096
test_1776	test	1159
test_1777	test	1185
test_1778	test	1183
test_1779	test	1191
test_1780	test	1188
test_1781	test	1198
test_1782	test	1015
test_1783	test	1015
test_1784	test	1079
test_1785	test	1003
test_1786	test	1065
test_1787	test	1112
test_1788	test	1149
test_1789	test	1035
test_1790	test	1046
test_1791	test	1110
test_1792	test	1078
test_1793	test	1149
test_1794	test	1178
test_1795	test	1005
test_1796	test	1089
test_1797	test	1005
test_1798	test	1077
test_1799	test	1117
test_1800	test	1128
test_1801	test	1150
test_1802	test	1103
test_1803	test	1139
test_1804	test	1060
test_1805	test	1125
test_1806	test	1186
test_1807	test	1139
test_1808	test	1165
test_1809	test	1149
test_1810	test	1173
test_1811	test	1014
test_1812	test	1040
test_1813	test	1005
test_1814	test	1053
test_1815	test	1201
test_1816	test	1045
test_1817	test	1123
test_1818	test	1140
test_1819	test	1161
test_1820	test	1195
test_1821	test	1019
test_1822	test	1115
test_1823	test	1153
test_1824	test	1026
test_1825	test	1140
test_1826	test	1125
test_1827	test	1003
test_1828	test	1020
test_1829	test	1019
test_1830	test	1078
test_1831	test	1109
test_1832	test	1041
test_1833	test	1194
test_1834	test	1130
test_1835	test	1164
test_1836	test	1123
test_1837	test	1082
test_1838	test	1169
test_1839	test	1014
test_1840	test	1026
test_1841	test	1143
test_1842	test	1081
test_1843	test	1076
test_1844	test	1085
test_1845	test	1030
test_1846	test	1175
test_1847	test	1197
test_1848	test	1181
test_1849	test	1109
test_1850	test	1002
test_1851	test	1007
test_1852	test	1134
test_1853	test	1076
test_1854	test	1005
test_1855	test	1176
test_1856	test	1051
test_1857	test	1090
test_1858	test	1017
test_1859	test	1111
test_1860	test	1106
test_1861	test	1141
test_1862	test	1117
test_1863	test	1014
test_1864	test	1170
test_1865	test	1017
test_1866	test	1082
test_1867	test	1167
test_1868	test	1113
test_1869	test	1067
test_1870	test	1205
test_1871	test	1073
test_1872	test	1007
test_1873	test	1143
test_1874	test	1154
test_1875	test	1081
test_1876	test	1139
test_1877	test	1166
test_1878	test	1063
test_1879	test	1018
test_1880	test	1073
test_1881	test	1020
test_1882	test	1061
test_1883	test	1113
test_1884	test	1033
test_1885	test	1071
test_1886	test	1141
test_1887	test	1171
test_1888	test	1006
test_1889	test	1012
test_1890	test	1177
test_1891	test	1208
test_1892	test	1074
test_1893	test	1190
test_1894	test	1120
test_1895	test	1085
test_1896	test	1033
test_1897	test	1180
test_1898	test	1166
test_1899	test	1061
test_1900	test	1040
test_1901	test	1023
test_1902	test	1207
test_1903	test	1207
test_1904	test	1131
test_1905	test	1195
test_1906	test	1070
test_1907	test	1171
test_1908	test	1203
test_1909	test	1111
test_1910	test	1099
test_1911	test	1028
test_1912	test	1057
test_1913	test	1057
test_1914	test	1151
test_1915	test	1039
test_1916	test	1209
test_1917	test	1043
test_1918	test	1009
test_1919	test	1046
test_1920	test	1060
test_1921	test	1001
test_1922	test	1181
test_1923	test	1022
test_1924	test	1085
test_1925	test	1187
test_1926	test	1153
test_1927	test	1059
test_1928	test	1175
test_1929	test	1126
test_1930	test	1061
test_1931	test	1201
test_1932	test	1141
test_1933	test	1061
test_1934	test	1037
test_1935	test	1125
test_1936	test	1149
test_1937	test	1002
test_1938	test	1023
test_1939	test	1100
test_1940	test	1006
test_1941	test	1027
test_1942	test	1076
test_1943	test	1109
test_1944	test	1041
test_1945	test	1130
test_1946	test	1194
test_1947	test	1140
test_1948	test	1083
test_1949	test	1007
test_1950	test	1055
test_1951	test	1043
test_1952	test	1008
test_1953	test	1209
test_1954	test	1135
test_1955	test	1031
test_1956	test	1033
test_1957	test	1159
test_1958	test	1185
test_1959	test	1133
test_1960	test	1015
test_1961	test	1164
test_1962	test	1208
test_1963	test	1050
test_1964	test	1184
test_1965	test	1073
test_1966	test	1002
test_1967	test	1035
test_1968	test	1200
test_1969	test	1099
test_1970	test	1056
test_1971	test	1135
test_1972	test	1060
test_1973	test	1042
test_1974	test	1044
test_1975	test	1113
test_1976	test	1192
test_1977	test	1024
test_1978	test	1081
test_1979	test	1079
test_1980	test	1116
test_1981	test	1025
test_1982	test	1022
test_1983	test	1190
test_1984	test	1080
test_1985	test	1209
test_1986	test	1208
test_1987	test	1127
test_1988	test	1177
test_1989	test	1165
test_1990	test	1007
test_1991	test	1188
test_1992	test	1053
test_1993	test	1199
test_1994	test	1090
test_1995	test	1049
test_1996	test	1024
test_1997	test	1042
test_1998	test	1175
test_1999	test	1027
test_2000	test	1135
test_2001	test	1151
test_2002	test	1119
test_2003	test	1040
test_2004	test	1012
test_2005	test	1194
test_2006	test	1071
test_2007	test	1026
test_2008	test	1046
test_2009	test	1059
test_2010	test	1059
test_2011	test	1192
test_2012	test	1096
test_2013	test	1109
test_2014	test	1109
test_2015	test	1101
test_2016	test	1095
test_2017	test	1132
test_2018	test	1209
test_2019	test	1090
test_2020	test	1001
test_2021	test	1037
test_2022	test	1207
test_2023	test	1200
test_2024	test	1207
test_2025	test	1095
test_2026	test	1079
test_2027	test	1075
test_2028	test	1002
test_2029	test	1045
test_2030	test	1183
test_2031	test	1004
test_2032	test	1012
test_2033	test	1136
test_2034	test	1049
test_2035	test	1100
test_2036	test	1110
test_2037	test	1020
test_2038	test	1132
test_2039	test	1105
test_2040	test	1140
test_2041	test	1173
test_2042	test	1077
test_2043	test	1040
test_2044	test	1062
test_2045	test	1177
test_2046	test	1087
test_2047	test	1075
test_2048	test	1152
test_2049	test	1183
test_2050	test	1076
test_2051	test	1132
test_2052	test	1121
test_2053	test	1141
test_2054	test	1039
test_2055	test	1060
test_2056	test	1131
test_2057	test	1071
test_2058	test	1116
test_2059	test	1170
test_2060	test	1085
test_2061	test	1049
test_2062	test	1179
test_2063	test	1124
test_2064	test	1109
test_2065	test	1124
test_2066	test	1049
test_2067	test	1207
test_2068	test	1044
test_2069	test	1128
test_2070	test	1135
test_2071	test	1179
test_2072	test	1085
test_2073	test	1082
test_2074	test	1194
test_2075	test	1091
test_2076	test	1069
test_2077	test	1091
test_2078	test	1032
test_2079	test	1175
test_2080	test	1167
test_2081	test	1007
test_2082	test	1115
test_2083	test	1009
test_2084	test	1022
test_2085	test	1044
test_2086	test	1041
test_2087	test	1165
test_2088	test	1117
test_2089	test	1140
test_2090	test	1005
test_2091	test	1077
test_2092	test	1016
test_2093	test	1004
test_2094	test	1079
test_2095	test	1014
test_2096	test	1084
test_2097	test	1091
test_2098	test	1023
test_2099	test	1077
test_2100	test	1070
test_2101	test	1045
test_2102	test	1019
test_2103	test	1059
test_2104	test	1079
test_2105	test	1079
test_2106	test	1084
test_2107	test	1043
test_2108	test	1065
test_2109	test	1102
test_2110	test	1078
test_2111	test	1031
test_2112	test	1103
test_2113	test	1005
test_2114	test	1003
test_2115	test	1141
test_2116	test	1019
test_2117	test	1069
test_2118	test	1152
test_2119	test	1085
test_2120	test	1128
test_2121	test	1035
test_2122	test	1096
test_2123	test	1171
test_2124	test	1143
test_2125	test	1008
test_2126	test	1078
test_2127	test	1016
test_2128	test	1002
test_2129	test	1103
test_2130	test	1011
test_2131	test	1042
test_2132	test	1197
test_2133	test	1075
test_2134	test	1059
test_2135	test	1023
test_2136	test	1181
test_2137	test	1040
test_2138	test	1085
test_2139	test	1124
test_2140	test	1152
test_2141	test	1175
test_2142	test	1177
test_2143	test	1037
test_2144	test	1018
test_2145	test	1203
test_2146	test	1061
test_2147	test	1157
test_2148	test	1077
test_2149	test	1100
test_2150	test	1024
test_2151	test	1181
test_2152	test	1099
test_2153	test	1097
test_2154	test	1015
test_2155	test	1140
test_2156	test	1171
test_2157	test	1198
test_2158	test	1161
test_2159	test	1208
test_2160	test	1027
test_2161	test	1113
test_2162	test	1060
test_2163	test	1098
test_2164	test	1016
test_2165	test	1161
test_2166	test	1083
test_2167	test	1152
test_2168	test	1057
test_2169	test	1140
test_2170	test	1106
test_2171	test	1024
test_2172	test	1204
test_2173	test	1198
test_2174	test	1043
test_2175	test	1090
test_2176	test	1182
test_2177	test	1040
test_2178	test	1092
test_2179	test	1014
test_2180	test	1110
test_2181	test	1097
test_2182	test	1085
test_2183	test	1191
test_2184	test	1179
test_2185	test	1089
test_2186	test	1079
test_2187	test	1154
test_2188	test	1019
test_2189	test	1083
test_2190	test	1128
test_2191	test	1015
test_2192	test	1040
test_2193	test	1070
test_2194	test	1125
test_2195	test	1020
test_2196	test	1053
test_2197	test	1071
test_2198	test	1111
test_2199	test	1110
test_2200	test	1064
test_2201	test	1016
test_2202	test	1088
test_2203	test	1039
test_2204	test	1158
test_2205	test	1049
test_2206	test	1179
test_2207	test	1085
test_2208	test	1007
test_2209	test	1066
test_2210	test	1002
test_2211	test	1203
test_2212	test	1129
test_2213	test	1029
test_2214	test	1197
test_2215	test	1169
test_2216	test	1175
test_2217	test	1082
test_2218	test	1191
test_2219	test	1076
test_2220	test	1198
test_2221	test	1022
test_2222	test	1068
test_2223	test	1022
test_2224	test	1113
test_2225	test	1199
test_2226	test	1041
test_2227	test	1012
test_2228	test	1148
test_2229	test	1019
test_2230	test	1145
test_2231	test	1006
test_2232	test	1041
test_2233	test	1118
test_2234	test	1175
test_2235	test	1026
test_2236	test	1112
test_2237	test	1078
test_2238	test	1087
test_2239	test	1171
test_2240	test	1043
test_2241	test	1088
test_2242	test	1164
test_2243	test	1072
test_2244	test	1097
test_2245	test	1014
test_2246	test	1016
test_2247	test	1040
test_2248	test	1203
test_2249	test	1188
test_2250	test	1065
test_2251	test	1083
test_2252	test	1053
test_2253	test	1115
test_2254	test	1172
test_2255	test	1066
test_2256	test	1207
test_2257	test	1031
test_2258	test	1166
test_2259	test	1071
test_2260	test	1121
test_2261	test	1028
test_2262	test	1141
test_2263	test	1043
test_2264	test	1129
test_2265	test	1099
test_2266	test	1171
test_2267	test	1072
test_2268	test	1012
test_2269	test	1191
test_2270	test	1082
test_2271	test	1199
test_2272	test	1158
test_2273	test	1129
test_2274	test	1203
test_2275	test	1071
test_2276	test	1151
test_2277	test	1194
test_2278	test	1020
test_2279	test	1087
test_2280	test	1127
test_2281	test	1179
test_2282	test	1033
test_2283	test	1002
test_2284	test	1191
test_2285	test	1016
test_2286	test	1203
test_2287	test	1024
test_2288	test	1003
test_2289	test	1174
test_2290	test	1198
test_2291	test	1166
test_2292	test	1129
test_2293	test	1044
test_2294	test	1043
test_2295	test	1039
test_2296	test	1026
test_2297	test	1125
test_2298	test	1058
test_2299	test	1049
test_2300	test	1186
test_2301	test	1042
test_2302	test	1160
test_2303	test	1046
test_2304	test	1007
test_2305	test	1128
test_2306	test	1110
test_2307	test	1050
test_2308	test	1181
test_2309	test	1006
test_2310	test	1072
test_2311	test	1165
test_2312	test	1150
test_2313	test	1184
test_2314	test	1195
test_2315	test	1071
test_2316	test	1034
test_2317	test	1132
test_2318	test	1002
test_2319	test	1148
test_2320	test	1119
test_2321	test	1133
test_2322	test	1008
test_2323	test	1087
test_2324	test	1029
test_2325	test	1029
test_2326	test	1161
test_2327	test	1034
test_2328	test	1039
test_2329	test	1093
test_2330	test	1025
test_2331	test	1116
test_2332	test	1186
test_2333	test	1123
test_2334	test	1100
test_2335	test	1110
test_2336	test	1175
test_2337	test	1147
test_2338	test	1129
test_2339	test	1113
test_2340	test	1180
test_2341	test	1201
test_2342	test	1053
test_2343	test	1013
test_2344	test	1074
test_2345	test	1064
test_2346	test	1003
test_2347	test	1049
test_2348	test	1139
test_2349	test	1113
test_2350	test	1004
test_2351	test	1100
test_2352	test	1153
test_2353	test	1126
test_2354	test	1183
test_2355	test	1072
test_2356	test	1140
test_2357	test	1201
test_2358	test	1129
test_2359	test	1025
test_2360	test	1106
test_2361	test	1034
test_2362	test	1072
test_2363	test	1003
test_2364	test	1015
test_2365	test	1093
test_2366	test	1103
test_2367	test	1180
test_2368	test	1187
test_2369	test	1179
test_2370	test	1079
test_2371	test	1184
test_2372	test	1046
test_2373	test	1097
test_2374	test	1069
test_2375	test	1152
test_2376	test	1158
test_2377	test	1039
test_2378	test	1060
test_2379	test	1118
test_2380	test	1002
test_2381	test	1038
test_2382	test	1062
test_2383	test	1046
test_2384	test	1030
test_2385	test	1090
test_2386	test	1081
test_2387	test	1023
test_2388	test	1006
test_2389	test	1164
test_2390	test	1139
test_2391	test	1089
test_2392	test	1133
test_2393	test	1116
test_2394	test	1006
test_2395	test	1019
test_2396	test	1084
test_2397	test	1028
test_2398	test	1018
test_2399	test	1005
test_2400	test	1193
test_2401	test	1123
test_2402	test	1087
test_2403	test	1074
test_2404	test	1002
test_2405	test	1041
test_2406	test	1017
test_2407	test	1036
test_2408	test	1038
test_2409	test	1068
test_2410	test	1106
test_2411	test	1208
test_2412	test	1180
test_2413	test	1078
test_2414	test	1072
test_2415	test	1146
test_2416	test	1127
test_2417	test	1076
test_2418	test	1074
test_2419	test	1121
test_2420	test	1028
test_2421	test	1015
test_2422	test	1167
test_2423	test	1023
test_2424	test	1132
test_2425	test	1049
test_2426	test	1022
test_2427	test	1209
test_2428	test	1106
test_2429	test	1172
test_2430	test	1061
test_2431	test	1070
test_2432	test	1098
test_2433	test	1129
test_2434	test	1027
test_2435	test	1017
test_2436	test	1039
test_2437	test	1004
test_2438	test	1111
test_2439	test	1025
test_2440	test	1079
test_2441	test	1011
test_2442	test	1112
test_2443	test	1132
test_2444	test	1116
test_2445	test	1057
test_2446	test	1046
test_2447	test	1084
test_2448	test	1158
test_2449	test	1109
test_2450	test	1197
test_2451	test	1095
test_2452	test	1073
test_2453	test	1041
test_2454	test	1087
test_2455	test	1003
test_2456	test	1147
test_2457	test	1101
test_2458	test	1088
test_2459	test	1045
test_2460	test	1179
test_2461	test	1136
test_2462	test	1093
test_2463	test	1175
test_2464	test	1002
test_2465	test	1099
test_2466	test	1077
test_2467	test	1023
test_2468	test	1163
test_2469	test	1002
test_2470	test	1021
test_2471	test	1008
test_2472	test	1053
test_2473	test	1136
test_2474	test	1019
test_2475	test	1182
test_2476	test	1012
test_2477	test	1152
test_2478	test	1057
test_2479	test	1040
test_2480	test	1015
test_2481	test	1072
test_2482	test	1044
test_2483	test	1007
test_2484	test	1032
test_2485	test	1167
test_2486	test	1207
test_2487	test	1113
test_2488	test	1151
test_2489	test	1065
test_2490	test	1055
test_2491	test	1150
test_2492	test	1099
test_2493	test	1056
test_2494	test	1002
test_2495	test	1197
test_2496	test	1030
test_2497	test	1141
test_2498	test	1045
test_2499	test	1039
test_2500	test	1044
test_2501	test	1017
test_2502	test	1040
test_2503	test	1102
test_2504	test	1097
test_2505	test	1004
test_2506	test	1008
test_2507	test	1152
test_2508	test	1061
test_2509	test	1092
test_2510	test	1174
test_2511	test	1022
test_2512	test	1039
test_2513	test	1008
test_2514	test	1184
test_2515	test	1007
test_2516	test	1023
test_2517	test	1206
test_2518	test	1089
test_2519	test	1032
test_2520	test	1137
test_2521	test	1089
test_2522	test	1072
test_2523	test	1065
test_2524	test	1201
test_2525	test	1060
test_2526	test	1164
test_2527	test	1188
test_2528	test	1026
test_2529	test	1149
test_2530	test	1057
test_2531	test	1113
test_2532	test	1141
test_2533	test	1089
test_2534	test	1061
test_2535	test	1108
test_2536	test	1081
test_2537	test	1016
test_2538	test	1164
test_2539	test	1071
test_2540	test	1117
test_2541	test	1111
test_2542	test	1146
test_2543	test	1071
test_2544	test	1160
test_2545	test	1098
test_2546	test	1037
test_2547	test	1028
test_2548	test	1028
test_2549	test	1130
test_2550	test	1000
test_2551	test	1208
test_2552	test	1055
test_2553	test	1066
test_2554	test	1208
test_2555	test	1090
test_2556	test	1028
test_2557	test	1164
test_2558	test	1028
test_2559	test	1133
test_2560	test	1190
test_2561	test	1135
test_2562	test	1163
test_2563	test	1033
test_2564	test	1032
test_2565	test	1170
test_2566	test	1129
test_2567	test	1140
test_2568	test	1019
test_2569	test	1037
test_2570	test	1022
test_2571	test	1050
test_2572	test	1159
test_2573	test	1056
test_2574	test	1089
test_2575	test	1083
test_2576	test	1040
test_2577	test	1055
test_2578	test	1014
test_2579	test	1089
test_2580	test	1124
test_2581	test	1180
test_2582	test	1150
test_2583	test	1076
test_2584	test	1132
test_2585	test	1135
test_2586	test	1087
test_2587	test	1160
test_2588	test	1185
test_2589	test	1126
test_2590	test	1095
test_2591	test	1164
test_2592	test	1020
test_2593	test	1181
test_2594	test	1009
test_2595	test	1071
test_2596	test	1092
test_2597	test	1050
test_2598	test	1153
test_2599	test	1183
test_2600	test	1068
test_2601	test	1038
test_2602	test	1094
test_2603	test	1180
test_2604	test	1077
test_2605	test	1037
test_2606	test	1175
test_2607	test	1179
test_2608	test	1044
test_2609	test	1191
test_2610	test	1183
test_2611	test	1070
test_2612	test	1200
test_2613	test	1158
test_2614	test	1119
test_2615	test	1206
test_2616	test	1170
test_2617	test	1147
test_2618	test	1002
test_2619	test	1205
test_2620	test	1132
test_2621	test	1051
test_2622	test	1034
test_2623	test	1206
test_2624	test	1060
test_2625	test	1045
test_2626	test	1019
test_2627	test	1045
test_2628	test	1016
test_2629	test	1116
test_2630	test	1154
test_2631	test	1083
test_2632	test	1152
test_2633	test	1044
test_2634	test	1178
test_2635	test	1075
test_2636	test	1141
test_2637	test	1053
test_2638	test	1140
test_2639	test	1118
test_2640	test	1116
test_2641	test	1132
test_2642	test	1046
test_2643	test	1207
test_2644	test	1040
test_2645	test	1119
test_2646	test	1054
test_2647	test	1088
test_2648	test	1015
test_2649	test	1100
test_2650	test	1158
test_2651	test	1141
test_2652	test	1070
test_2653	test	1051
test_2654	test	1043
test_2655	test	1178
test_2656	test	1191
test_2657	test	1166
test_2658	test	1038
test_2659	test	1186
test_2660	test	1127
test_2661	test	1158
test_2662	test	1035
test_2663	test	1143
test_2664	test	1059
test_2665	test	1035
test_2666	test	1121
test_2667	test	1072
test_2668	test	1085
test_2669	test	1037
test_2670	test	1037
test_2671	test	1196
test_2672	test	1050
test_2673	test	1108
test_2674	test	1107
test_2675	test	1132
test_2676	test	1153
test_2677	test	1082
test_2678	test	1119
test_2679	test	1197
test_2680	test	1017
test_2681	test	1116
test_2682	test	1169
test_2683	test	1142
test_2684	test	1056
test_2685	test	1026
test_2686	test	1017
test_2687	test	1073
test_2688	test	1122
test_2689	test	1158
test_2690	test	1043
test_2691	test	1078
test_2692	test	1030
test_2693	test	1056
test_2694	test	1072
test_2695	test	1008
test_2696	test	1058
test_2697	test	1175
test_2698	test	1203
test_2699	test	1151
test_2700	test	1182
test_2701	test	1005
test_2702	test	1159
test_2703	test	1021
test_2704	test	1059
test_2705	test	1001
test_2706	test	1037
test_2707	test	1030
test_2708	test	1109
test_2709	test	1017
test_2710	test	1179
test_2711	test	1198
test_2712	test	1078
test_2713	test	1071
test_2714	test	1117
test_2715	test	1029
test_2716	test	1015
test_2717	test	1020
test_2718	test	1059
test_2719	test	1154
test_2720	test	1184
test_2721	test	1113
test_2722	test	1071
test_2723	test	1167
test_2724	test	1025
test_2725	test	1207
test_2726	test	1035
test_2727	test	1062
test_2728	test	1048
test_2729	test	1062
test_2730	test	1040
test_2731	test	1011
test_2732	test	1036
test_2733	test	1166
test_2734	test	1042
test_2735	test	1002
test_2736	test	1164
test_2737	test	1141
test_2738	test	1041
test_2739	test	1053
test_2740	test	1119
test_2741	test	1175
test_2742	test	1207
test_2743	test	1151
test_2744	test	1132
test_2745	test	1160
test_2746	test	1175
test_2747	test	1053
test_2748	test	1129
test_2749	test	1016
test_2750	test	1053
test_2751	test	1194
test_2752	test	1067
test_2753	test	1162
test_2754	test	1030
test_2755	test	1082
test_2756	test	1128
test_2757	test	1012
test_2758	test	1079
test_2759	test	1116
test_2760	test	1051
test_2761	test	1007
test_2762	test	1175
test_2763	test	1190
test_2764	test	1106
test_2765	test	1209
test_2766	test	1147
test_2767	test	1177
test_2768	test	1035
test_2769	test	1071
test_2770	test	1059
test_2771	test	1002
test_2772	test	1194
test_2773	test	1031
test_2774	test	1083
test_2775	test	1043
test_2776	test	1069
test_2777	test	1198
test_2778	test	1129
test_2779	test	1131
test_2780	test	1153
test_2781	test	1054
test_2782	test	1101
test_2783	test	1006
test_2784	test	1112
test_2785	test	1160
test_2786	test	1166
test_2787	test	1119
test_2788	test	1123
test_2789	test	1157
test_2790	test	1164
test_2791	test	1123
test_2792	test	1014
test_2793	test	1018
test_2794	test	1037
test_2795	test	1142
test_2796	test	1027
test_2797	test	1016
test_2798	test	1020
test_2799	test	1177
test_2800	test	1016
test_2801	test	1025
test_2802	test	1029
test_2803	test	1114
test_2804	test	1005
test_2805	test	1072
test_2806	test	1098
test_2807	test	1029
test_2808	test	1049
test_2809	test	1096
test_2810	test	1015
test_2811	test	1191
test_2812	test	1095
test_2813	test	1000
test_2814	test	1080
test_2815	test	1015
test_2816	test	1028
test_2817	test	1102
test_2818	test	1171
test_2819	test	1007
test_2820	test	1062
test_2821	test	1005
test_2822	test	1073
test_2823	test	1022
test_2824	test	1095
test_2825	test	1076
test_2826	test	1111
test_2827	test	1023
test_2828	test	1043
test_2829	test	1165
test_2830	test	1073
test_2831	test	1050
test_2832	test	1150
test_2833	test	1173
test_2834	test	1106
test_2835	test	1123
test_2836	test	1005
test_2837	test	1103
test_2838	test	1087
test_2839	test	1137
test_2840	test	1060
test_2841	test	1144
test_2842	test	1164
test_2843	test	1045
test_2844	test	1051
test_2845	test	1181
test_2846	test	1193
test_2847	test	1024
test_2848	test	1148
test_2849	test	1102
test_2850	test	1150
test_2851	test	1189
test_2852	test	1045
test_2853	test	1082
test_2854	test	1140
test_2855	test	1063
test_2856	test	1178
test_2857	test	1088
test_2858	test	1138
test_2859	test	1132
test_2860	test	1193
test_2861	test	1050
test_2862	test	1064
test_2863	test	1057
test_2864	test	1141
test_2865	test	1043
test_2866	test	1194
test_2867	test	1179
test_2868	test	1177
test_2869	test	1024
test_2870	test	1039
test_2871	test	1088
test_2872	test	1053
test_2873	test	1026
test_2874	test	1095
test_2875	test	1123
test_2876	test	1175
test_2877	test	1077
test_2878	test	1166
test_2879	test	1099
test_2880	test	1057
test_2881	test	1005
test_2882	test	1019
test_2883	test	1044
test_2884	test	1059
test_2885	test	1085
test_2886	test	1135
test_2887	test	1200
test_2888	test	1007
test_2889	test	1041
test_2890	test	1067
test_2891	test	1001
test_2892	test	1032
test_2893	test	1147
test_2894	test	1170
test_2895	test	1006
test_2896	test	1071
test_2897	test	1132
test_2898	test	1050
test_2899	test	1033
test_2900	test	1020
test_2901	test	1165
test_2902	test	1014
test_2903	test	1069
test_2904	test	1081
test_2905	test	1045
test_2906	test	1105
test_2907	test	1033
test_2908	test	1004
test_2909	test	1132
test_2910	test	1011
test_2911	test	1040
test_2912	test	1087
test_2913	test	1002
test_2914	test	1207
test_2915	test	1202
test_2916	test	1069
test_2917	test	1040
test_2918	test	1109
test_2919	test	1105
test_2920	test	1016
test_2921	test	1023
test_2922	test	1183
test_2923	test	1135
test_2924	test	1200
test_2925	test	1059
test_2926	test	1028
test_2927	test	1069
test_2928	test	1194
test_2929	test	1035
test_2930	test	1031
test_2931	test	1040
test_2932	test	1151
test_2933	test	1094
test_2934	test	1050
test_2935	test	1015
test_2936	test	1197
test_2937	test	1032
test_2938	test	1043
test_2939	test	1070
test_2940	test	1133
test_2941	test	1105
test_2942	test	1037
test_2943	test	1132
test_2944	test	1066
test_2945	test	1171
test_2946	test	1132
test_2947	test	1009
test_2948	test	1151
test_2949	test	1000
test_2950	test	1026
test_2951	test	1175
test_2952	test	1061
test_2953	test	1072
test_2954	test	1083
test_2955	test	1173
test_2956	test	1153
test_2957	test	1022
test_2958	test	1085
test_2959	test	1163
test_2960	test	1197
test_2961	test	1032
test_2962	test	1179
test_2963	test	1066
test_2964	test	1057
test_2965	test	1045
test_2966	test	1079
test_2967	test	1186
test_2968	test	1075
test_2969	test	1132
test_2970	test	1107
test_2971	test	1027
test_2972	test	1157
test_2973	test	1151
test_2974	test	1031
test_2975	test	1125
test_2976	test	1147
test_2977	test	1044
test_2978	test	1060
test_2979	test	1188
test_2980	test	1030
test_2981	test	1034
test_2982	test	1154
test_2983	test	1021
test_2984	test	1118
test_2985	test	1127
test_2986	test	1082
test_2987	test	1166
test_2988	test	1023
test_2989	test	1078
test_2990	test	1044
test_2991	test	1051
test_2992	test	1183
test_2993	test	1140
test_2994	test	1049
test_2995	test	1110
test_2996	test	1181
test_2997	test	1011
test_2998	test	1203
test_2999	test	1090
test_3000	test	1171
test_3001	test	1030
test_3002	test	1031
test_3003	test	1028
test_3004	test	1093
test_3005	test	1190
test_3006	test	1118
test_3007	test	1049
test_3008	test	1066
test_3009	test	1041
test_3010	test	1045
test_3011	test	1015
test_3012	test	1090
test_3013	test	1152
test_3014	test	1079
test_3015	test	1060
test_3016	test	1154
test_3017	test	1059
test_3018	test	1132
test_3019	test	1000
test_3020	test	1124
test_3021	test	1062
test_3022	test	1089
test_3023	test	1014
test_3024	test	1037
test_3025	test	1025
test_3026	test	1113
test_3027	test	1207
test_3028	test	1118
test_3029	test	1000
test_3030	test	1007
test_3031	test	1154
test_3032	test	1103
test_3033	test	1135
test_3034	test	1099
test_3035	test	1006
test_3036	test	1128
test_3037	test	1208
test_3038	test	1033
test_3039	test	1026
test_3040	test	1102
test_3041	test	1149
test_3042	test	1208
test_3043	test	1089
test_3044	test	1168
test_3045	test	1078
test_3046	test	1045
test_3047	test	1177
test_3048	test	1035
test_3049	test	1196
test_3050	test	1009
test_3051	test	1134
test_3052	test	1129
test_3053	test	1092
test_3054	test	1127
test_3055	test	1046
test_3056	test	1043
test_3057	test	1137
test_3058	test	1185
test_3059	test	1068
test_3060	test	1133
test_3061	test	1165
test_3062	test	1171
test_3063	test	1109
test_3064	test	1106
test_3065	test	1042
test_3066	test	1147
test_3067	test	1141
test_3068	test	1031
test_3069	test	1207
test_3070	test	1015
test_3071	test	1150
test_3072	test	1153
test_3073	test	1188
test_3074	test	1123
test_3075	test	1029
test_3076	test	1036
test_3077	test	1100
test_3078	test	1094
test_3079	test	1031
test_3080	test	1108
test_3081	test	1144
test_3082	test	1124
test_3083	test	1068
test_3084	test	1079
test_3085	test	1081
test_3086	test	1153
test_3087	test	1082
test_3088	test	1193
test_3089	test	1072
test_3090	test	1115
test_3091	test	1024
test_3092	test	1115
test_3093	test	1154
test_3094	test	1050
test_3095	test	1095
test_3096	test	1142
test_3097	test	1141
test_3098	test	1075
test_3099	test	1100
test_3100	test	1012
test_3101	test	1034
test_3102	test	1163
test_3103	test	1053
test_3104	test	1127
test_3105	test	1118
test_3106	test	1110
test_3107	test	1099
test_3108	test	1107
test_3109	test	1000
test_3110	test	1200
test_3111	test	1021
test_3112	test	1150
test_3113	test	1098
test_3114	test	1039
test_3115	test	1175
test_3116	test	1046
test_3117	test	1053
test_3118	test	1039
test_3119	test	1109
test_3120	test	1078
test_3121	test	1017
test_3122	test	1025
test_3123	test	1148
test_3124	test	1030
test_3125	test	1015
test_3126	test	1029
test_3127	test	1110
test_3128	test	1115
test_3129	test	1073
test_3130	test	1111
test_3131	test	1176
test_3132	test	1046
test_3133	test	1028
test_3134	test	1038
test_3135	test	1091
test_3136	test	1174
test_3137	test	1019
test_3138	test	1079
test_3139	test	1071
test_3140	test	1000
test_3141	test	1018
test_3142	test	1019
test_3143	test	1123
test_3144	test	1179
test_3145	test	1097
test_3146	test	1048
test_3147	test	1005
test_3148	test	1117
test_3149	test	1068
test_3150	test	1196
test_3151	test	1080
test_3152	test	1132
test_3153	test	1017
test_3154	test	1035
test_3155	test	1171
test_3156	test	1109
test_3157	test	1029
test_3158	test	1087
test_3159	test	1139
test_3160	test	1194
test_3161	test	1062
test_3162	test	1154
test_3163	test	1025
test_3164	test	1097
test_3165	test	1026
test_3166	test	1156
test_3167	test	1070
test_3168	test	1207
test_3169	test	1053
test_3170	test	1061
test_3171	test	1006
test_3172	test	1003
test_3173	test	1049
test_3174	test	1123
test_3175	test	1000
test_3176	test	1121
test_3177	test	1090
test_3178	test	1130
test_3179	test	1176
test_3180	test	1002
test_3181	test	1044
test_3182	test	1081
test_3183	test	1057
test_3184	test	1118
test_3185	test	1044
test_3186	test	1079
test_3187	test	1186
test_3188	test	1164
test_3189	test	1177
test_3190	test	1032
test_3191	test	1203
test_3192	test	1083
test_3193	test	1006
test_3194	test	1056
test_3195	test	1158
test_3196	test	1029
test_3197	test	1123
test_3198	test	1087
test_3199	test	1154
test_3200	test	1206
test_3201	test	1106
test_3202	test	1019
test_3203	test	1103
test_3204	test	1006
test_3205	test	1190
test_3206	test	1024
test_3207	test	1149
test_3208	test	1011
test_3209	test	1049
test_3210	test	1148
test_3211	test	1075
test_3212	test	1194
test_3213	test	1147
test_3214	test	1089
test_3215	test	1183
test_3216	test	1026
test_3217	test	1198
test_3218	test	1178
test_3219	test	1099
test_3220	test	1175
test_3221	test	1083
test_3222	test	1074
test_3223	test	1059
test_3224	test	1043
test_3225	test	1042
test_3226	test	1034
test_3227	test	1143
test_3228	test	1129
test_3229	test	1046
test_3230	test	1103
test_3231	test	1064
test_3232	test	1141
test_3233	test	1137
test_3234	test	1102
test_3235	test	1059
test_3236	test	1075
test_3237	test	1206
test_3238	test	1079
test_3239	test	1022
test_3240	test	1201
test_3241	test	1000
test_3242	test	1082
test_3243	test	1158
test_3244	test	1083
test_3245	test	1072
test_3246	test	1198
test_3247	test	1050
test_3248	test	1014
test_3249	test	1068
test_3250	test	1078
test_3251	test	1073
test_3252	test	1053
test_3253	test	1204
test_3254	test	1044
test_3255	test	1078
test_3256	test	1020
test_3257	test	1167
test_3258	test	1019
test_3259	test	1109
test_3260	test	1166
test_3261	test	1020
test_3262	test	1166
test_3263	test	1194
test_3264	test	1017
test_3265	test	1033
test_3266	test	1137
test_3267	test	1178
test_3268	test	1158
test_3269	test	1184
test_3270	test	1070
test_3271	test	1042
test_3272	test	1002
test_3273	test	1177
test_3274	test	1173
test_3275	test	1116
test_3276	test	1160
test_3277	test	1013
test_3278	test	1064
test_3279	test	1043
test_3280	test	1113
test_3281	test	1019
test_3282	test	1057
test_3283	test	1066
test_3284	test	1019
test_3285	test	1052
test_3286	test	1154
test_3287	test	1102
test_3288	test	1061
test_3289	test	1008
test_3290	test	1207
test_3291	test	1142
test_3292	test	1113
test_3293	test	1000
test_3294	test	1159
test_3295	test	1091
test_3296	test	1076
test_3297	test	1035
test_3298	test	1019
test_3299	test	1116
test_3300	test	1071
test_3301	test	1002
test_3302	test	1083
test_3303	test	1056
test_3304	test	1030
test_3305	test	1118
test_3306	test	1177
test_3307	test	1026
test_3308	test	1039
test_3309	test	1116
test_3310	test	1083
test_3311	test	1077
test_3312	test	1129
test_3313	test	1177
test_3314	test	1154
test_3315	test	1155
test_3316	test	1037
test_3317	test	1198
test_3318	test	1080
test_3319	test	1072
test_3320	test	1194
test_3321	test	1146
test_3322	test	1041
test_3323	test	1027
test_3324	test	1166
test_3325	test	1170
test_3326	test	1118
test_3327	test	1027
test_3328	test	1109
test_3329	test	1031
test_3330	test	1050
test_3331	test	1129
test_3332	test	1006
test_3333	test	1029
test_3334	test	1156
test_3335	test	1209
test_3336	test	1185
test_3337	test	1150
test_3338	test	1077
test_3339	test	1170
test_3340	test	1052
test_3341	test	1091
test_3342	test	1151
test_3343	test	1094
test_3344	test	1087
test_3345	test	1193
test_3346	test	1070
test_3347	test	1144
test_3348	test	1056
test_3349	test	1040
test_3350	test	1008
test_3351	test	1095
test_3352	test	1194
test_3353	test	1207
test_3354	test	1025
test_3355	test	1059
test_3356	test	1093
test_3357	test	1121
test_3358	test	1082
test_3359	test	1090
test_3360	test	1089
test_3361	test	1107
test_3362	test	1110
test_3363	test	1030
test_3364	test	1158
test_3365	test	1204
test_3366	test	1030
test_3367	test	1037
test_3368	test	1085
test_3369	test	1106
test_3370	test	1008
test_3371	test	1038
test_3372	test	1123
test_3373	test	1080
test_3374	test	1154
test_3375	test	1209
test_3376	test	1053
test_3377	test	1111
test_3378	test	1044
test_3379	test	1074
test_3380	test	1078
test_3381	test	1209
test_3382	test	1206
test_3383	test	1077
test_3384	test	1022
test_3385	test	1076
test_3386	test	1184
test_3387	test	1112
test_3388	test	1012
test_3389	test	1069
test_3390	test	1190
test_3391	test	1132
test_3392	test	1098
test_3393	test	1175
test_3394	test	1177
test_3395	test	1026
test_3396	test	1005
test_3397	test	1026
test_3398	test	1194
test_3399	test	1025
test_3400	test	1070
test_3401	test	1051
test_3402	test	1056
test_3403	test	1176
test_3404	test	1077
test_3405	test	1184
test_3406	test	1078
test_3407	test	1071
test_3408	test	1046
test_3409	test	1188
test_3410	test	1209
test_3411	test	1002
test_3412	test	1075
test_3413	test	1020
test_3414	test	1073
test_3415	test	1029
test_3416	test	1060
test_3417	test	1005
test_3418	test	1076
test_3419	test	1020
test_3420	test	1101
test_3421	test	1205
test_3422	test	1016
test_3423	test	1156
test_3424	test	1099
test_3425	test	1194
test_3426	test	1202
test_3427	test	1039
test_3428	test	1183
test_3429	test	1175
test_3430	test	1029
test_3431	test	1061
test_3432	test	1167
test_3433	test	1056
test_3434	test	1027
test_3435	test	1113
test_3436	test	1032
test_3437	test	1175
test_3438	test	1056
test_3439	test	1019
test_3440	test	1207
test_3441	test	1033
test_3442	test	1125
test_3443	test	1115
test_3444	test	1074
test_3445	test	1073
test_3446	test	1034
test_3447	test	1175
test_3448	test	1069
test_3449	test	1200
test_3450	test	1166
test_3451	test	1069
test_3452	test	1118
test_3453	test	1075
test_3454	test	1107
test_3455	test	1026
test_3456	test	1195
test_3457	test	1114
test_3458	test	1062
test_3459	test	1004
test_3460	test	1097
test_3461	test	1071
test_3462	test	1046
test_3463	test	1025
test_3464	test	1051
test_3465	test	1083
test_3466	test	1131
test_3467	test	1016
test_3468	test	1098
test_3469	test	1077
test_3470	test	1006
test_3471	test	1183
test_3472	test	1100
test_3473	test	1181
test_3474	test	1052
test_3475	test	1071
test_3476	test	1000
test_3477	test	1028
test_3478	test	1056
test_3479	test	1079
test_3480	test	1044
test_3481	test	1043
test_3482	test	1018
test_3483	test	1134
test_3484	test	1055
test_3485	test	1044
test_3486	test	1082
test_3487	test	1018
test_3488	test	1137
test_3489	test	1103
test_3490	test	1024
test_3491	test	1033
test_3492	test	1069
test_3493	test	1192
test_3494	test	1129
test_3495	test	1040
test_3496	test	1166
test_3497	test	1003
test_3498	test	1084
test_3499	test	1193
test_3500	test	1023
test_3501	test	1134
test_3502	test	1097
test_3503	test	1114
test_3504	test	1039
test_3505	test	1185
test_3506	test	1187
test_3507	test	1089
test_3508	test	1205
test_3509	test	1018
test_3510	test	1177
test_3511	test	1098
test_3512	test	1175
test_3513	test	1017
test_3514	test	1023
test_3515	test	1065
test_3516	test	1053
test_3517	test	1086
test_3518	test	1002
test_3519	test	1035
test_3520	test	1158
test_3521	test	1012
test_3522	test	1070
test_3523	test	1025
test_3524	test	1015
test_3525	test	1152
test_3526	test	1102
test_3527	test	1132
test_3528	test	1065
test_3529	test	1097
test_3530	test	1190
test_3531	test	1003
test_3532	test	1130
test_3533	test	1141
test_3534	test	1122
test_3535	test	1114
test_3536	test	1008
test_3537	test	1019
test_3538	test	1052
test_3539	test	1180
test_3540	test	1006
test_3541	test	1141
test_3542	test	1056
test_3543	test	1064
test_3544	test	1152
test_3545	test	1207
test_3546	test	1071
test_3547	test	1106
test_3548	test	1002
test_3549	test	1177
test_3550	test	1057
test_3551	test	1039
test_3552	test	1109
test_3553	test	1107
test_3554	test	1003
test_3555	test	1206
test_3556	test	1061
test_3557	test	1193
test_3558	test	1201
test_3559	test	1052
test_3560	test	1174
test_3561	test	1000
test_3562	test	1164
test_3563	test	1000
test_3564	test	1165
test_3565	test	1053
test_3566	test	1089
test_3567	test	1109
test_3568	test	1008
test_3569	test	1113
test_3570	test	1017
test_3571	test	1027
test_3572	test	1041
test_3573	test	1127
test_3574	test	1113
test_3575	test	1115
test_3576	test	1034
test_3577	test	1032
test_3578	test	1166
test_3579	test	1086
test_3580	test	1133
test_3581	test	1024
test_3582	test	1059
test_3583	test	1062
test_3584	test	1073
test_3585	test	1185
test_3586	test	1177
test_3587	test	1011
test_3588	test	1001
test_3589	test	1170
test_3590	test	1107
test_3591	test	1027
test_3592	test	1127
test_3593	test	1184
test_3594	test	1182
test_3595	test	1090
test_3596	test	1039
test_3597	test	1057
test_3598	test	1202
test_3599	test	1127
test_3600	test	1209
test_3601	test	1125
test_3602	test	1111
test_3603	test	1065
test_3604	test	1117
test_3605	test	1016
test_3606	test	1123
test_3607	test	1190
test_3608	test	1028
test_3609	test	1095
test_3610	test	1144
test_3611	test	1171
test_3612	test	1111
test_3613	test	1156
test_3614	test	1037
test_3615	test	1167
test_3616	test	1085
test_3617	test	1075
test_3618	test	1207
test_3619	test	1044
test_3620	test	1090
test_3621	test	1006
test_3622	test	1071
test_3623	test	1041
test_3624	test	1098
test_3625	test	1109
test_3626	test	1102
test_3627	test	1183
test_3628	test	1035
test_3629	test	1089
test_3630	test	1123
test_3631	test	1022
test_3632	test	1198
test_3633	test	1008
test_3634	test	1125
test_3635	test	1179
test_3636	test	1199
test_3637	test	1052
test_3638	test	1017
test_3639	test	1027
test_3640	test	1206
test_3641	test	1118
test_3642	test	1083
test_3643	test	1100
test_3644	test	1197
test_3645	test	1181
test_3646	test	1123
test_3647	test	1179
test_3648	test	1101
test_3649	test	1093
test_3650	test	1113
test_3651	test	1012
test_3652	test	1193
test_3653	test	1183
test_3654	test	1015
test_3655	test	1202
test_3656	test	1062
test_3657	test	1053
test_3658	test	1077
test_3659	test	1006
test_3660	test	1012
test_3661	test	1153
test_3662	test	1183
test_3663	test	1035
test_3664	test	1003
test_3665	test	1095
test_3666	test	1020
test_3667	test	1120
test_3668	test	1049
test_3669	test	1189
test_3670	test	1077
test_3671	test	1090
test_3672	test	1085
test_3673	test	1035
test_3674	test	1166
test_3675	test	1194
test_3676	test	1109
test_3677	test	1019
test_3678	test	1113
test_3679	test	1076
test_3680	test	1207
test_3681	test	1150
test_3682	test	1094
test_3683	test	1046
test_3684	test	1157
test_3685	test	1002
test_3686	test	1127
test_3687	test	1083
test_3688	test	1040
test_3689	test	1194
test_3690	test	1177
test_3691	test	1023
test_3692	test	1005
test_3693	test	1188
test_3694	test	1180
test_3695	test	1178
test_3696	test	1100
test_3697	test	1059
test_3698	test	1014
test_3699	test	1192
test_3700	test	1020
test_3701	test	1144
test_3702	test	1039
test_3703	test	1001
test_3704	test	1029
test_3705	test	1062
test_3706	test	1073
test_3707	test	1132
test_3708	test	1160
test_3709	test	1043
test_3710	test	1134
test_3711	test	1068
test_3712	test	1129
test_3713	test	1010
test_3714	test	1177
test_3715	test	1051
test_3716	test	1134
test_3717	test	1082
test_3718	test	1087
test_3719	test	1181
test_3720	test	1090
test_3721	test	1164
test_3722	test	1027
test_3723	test	1030
test_3724	test	1209
test_3725	test	1096
test_3726	test	1197
test_3727	test	1200
test_3728	test	1125
test_3729	test	1023
test_3730	test	1060
test_3731	test	1004
test_3732	test	1131
test_3733	test	1073
test_3734	test	1032
test_3735	test	1003
test_3736	test	1061
test_3737	test	1183
test_3738	test	1118
test_3739	test	1106
test_3740	test	1015
test_3741	test	1196
test_3742	test	1162
test_3743	test	1037
test_3744	test	1107
test_3745	test	1006
test_3746	test	1029
test_3747	test	1127
test_3748	test	1207
test_3749	test	1097
test_3750	test	1082
test_3751	test	1101
test_3752	test	1145
test_3753	test	1043
test_3754	test	1069
test_3755	test	1008
test_3756	test	1137
test_3757	test	1012
test_3758	test	1066
test_3759	test	1151
test_3760	test	1081
test_3761	test	1076
test_3762	test	1206
test_3763	test	1081
test_3764	test	1099
test_3765	test	1112
test_3766	test	1112
test_3767	test	1164
test_3768	test	1127
test_3769	test	1199
test_3770	test	1121
test_3771	test	1003
test_3772	test	1127
test_3773	test	1055
test_3774	test	1046
test_3775	test	1154
test_3776	test	1124
test_3777	test	1111
test_3778	test	1022
test_3779	test	1181
test_3780	test	1030
test_3781	test	1025
test_3782	test	1008
test_3783	test	1049
test_3784	test	1156
test_3785	test	1087
test_3786	test	1158
test_3787	test	1099
test_3788	test	1002
test_3789	test	1092
test_3790	test	1162
test_3791	test	1203
test_3792	test	1158
test_3793	test	1095
test_3794	test	1051
test_3795	test	1021
test_3796	test	1138
test_3797	test	1113
test_3798	test	1078
test_3799	test	1199
test_3800	test	1043
test_3801	test	1111
test_3802	test	1134
test_3803	test	1014
test_3804	test	1028
test_3805	test	1000
test_3806	test	1146
test_3807	test	1003
test_3808	test	1089
test_3809	test	1023
test_3810	test	1075
test_3811	test	1019
test_3812	test	1058
test_3813	test	1048
test_3814	test	1184
test_3815	test	1032
test_3816	test	1183
test_3817	test	1044
test_3818	test	1206
test_3819	test	1038
test_3820	test	1060
test_3821	test	1095
test_3822	test	1123
test_3823	test	1074
test_3824	test	1089
test_3825	test	1028
test_3826	test	1141
test_3827	test	1040
test_3828	test	1069
test_3829	test	1142
test_3830	test	1143
test_3831	test	1100
test_3832	test	1127
test_3833	test	1048
test_3834	test	1124
test_3835	test	1148
test_3836	test	1030
test_3837	test	1017
test_3838	test	1042
test_3839	test	1171
test_3840	test	1140
test_3841	test	1071
test_3842	test	1118
test_3843	test	1035
test_3844	test	1176
test_3845	test	1171
test_3846	test	1036
test_3847	test	1034
test_3848	test	1066
test_3849	test	1107
test_3850	test	1167
test_3851	test	1100
test_3852	test	1171
test_3853	test	1191
test_3854	test	1074
test_3855	test	1032
test_3856	test	1069
test_3857	test	1151
test_3858	test	1115
test_3859	test	1103
test_3860	test	1007
test_3861	test	1079
test_3862	test	1029
test_3863	test	1107
test_3864	test	1016
test_3865	test	1092
test_3866	test	1037
test_3867	test	1115
test_3868	test	1140
test_3869	test	1127
test_3870	test	1015
test_3871	test	1055
test_3872	test	1087
test_3873	test	1181
test_3874	test	1176
test_3875	test	1062
test_3876	test	1050
test_3877	test	1015
test_3878	test	1094
test_3879	test	1132
test_3880	test	1027
test_3881	test	1014
test_3882	test	1208
test_3883	test	1006
test_3884	test	1059
test_3885	test	1077
test_3886	test	1035
test_3887	test	1102
test_3888	test	1061
test_3889	test	1194
test_3890	test	1083
test_3891	test	1017
test_3892	test	1022
test_3893	test	1051
test_3894	test	1095
test_3895	test	1149
test_3896	test	1194
test_3897	test	1031
test_3898	test	1022
test_3899	test	1059
test_3900	test	1018
test_3901	test	1103
test_3902	test	1113
test_3903	test	1025
test_3904	test	1120
test_3905	test	1043
test_3906	test	1185
test_3907	test	1035
test_3908	test	1177
test_3909	test	1078
test_3910	test	1118
test_3911	test	1164
test_3912	test	1188
test_3913	test	1158
test_3914	test	1067
test_3915	test	1059
test_3916	test	1065
test_3917	test	1132
test_3918	test	1119
test_3919	test	1056
test_3920	test	1074
test_3921	test	1083
test_3922	test	1104
test_3923	test	1050
test_3924	test	1165
test_3925	test	1015
test_3926	test	1064
test_3927	test	1011
test_3928	test	1079
test_3929	test	1209
test_3930	test	1048
test_3931	test	1106
test_3932	test	1048
test_3933	test	1035
test_3934	test	1078
test_3935	test	1107
test_3936	test	1019
test_3937	test	1164
test_3938	test	1044
test_3939	test	1018
test_3940	test	1013
test_3941	test	1110
test_3942	test	1065
test_3943	test	1078
test_3944	test	1173
test_3945	test	1032
test_3946	test	1123
test_3947	test	1118
test_3948	test	1039
test_3949	test	1147
test_3950	test	1071
test_3951	test	1061
test_3952	test	1022
test_3953	test	1017
test_3954	test	1006
test_3955	test	1207
test_3956	test	1075
test_3957	test	1135
test_3958	test	1108
test_3959	test	1160
test_3960	test	1195
test_3961	test	1076
test_3962	test	1025
test_3963	test	1209
test_3964	test	1032
test_3965	test	1159
test_3966	test	1006
test_3967	test	1103
test_3968	test	1095
test_3969	test	1159
test_3970	test	1026
test_3971	test	1111
test_3972	test	1095
test_3973	test	1145
test_3974	test	1154
test_3975	test	1124
test_3976	test	1018
test_3977	test	1029
test_3978	test	1038
test_3979	test	1135
test_3980	test	1040
test_3981	test	1029
test_3982	test	1143
test_3983	test	1006
test_3984	test	1036
test_3985	test	1032
test_3986	test	1069
test_3987	test	1164
test_3988	test	1049
test_3989	test	1199
test_3990	test	1087
test_3991	test	1201
test_3992	test	1209
test_3993	test	1013
test_3994	test	1185
test_3995	test	1124
test_3996	test	1201
test_3997	test	1150
test_3998	test	1107
test_3999	test	1207
test_4000	test	1039
test_4001	test	1143
test_4002	test	1046
test_4003	test	1193
test_4004	test	1181
test_4005	test	1053
test_4006	test	1129
test_4007	test	1176
test_4008	test	1059
test_4009	test	1019
test_4010	test	1049
test_4011	test	1119
test_4012	test	1077
test_4013	test	1097
test_4014	test	1089
test_4015	test	1131
test_4016	test	1112
test_4017	test	1015
test_4018	test	1179
test_4019	test	1012
test_4020	test	1005
test_4021	test	1103
test_4022	test	1209
test_4023	test	1008
test_4024	test	1198
test_4025	test	1090
test_4026	test	1102
test_4027	test	1072
test_4028	test	1188
test_4029	test	1163
test_4030	test	1029
test_4031	test	1094
test_4032	test	1019
test_4033	test	1117
test_4034	test	1054
test_4035	test	1160
test_4036	test	1041
test_4037	test	1200
test_4038	test	1139
test_4039	test	1060
test_4040	test	1003
test_4041	test	1015
test_4042	test	1039
test_4043	test	1151
test_4044	test	1152
test_4045	test	1152
test_4046	test	1032
test_4047	test	1068
test_4048	test	1029
test_4049	test	1040
test_4050	test	1019
test_4051	test	1053
test_4052	test	1030
test_4053	test	1078
test_4054	test	1027
test_4055	test	1056
test_4056	test	1080
test_4057	test	1171
test_4058	test	1102
test_4059	test	1100
test_4060	test	1134
test_4061	test	1080
test_4062	test	1000
test_4063	test	1019
test_4064	test	1065
test_4065	test	1039
test_4066	test	1183
test_4067	test	1161
test_4068	test	1181
test_4069	test	1185
test_4070	test	1032
test_4071	test	1093
test_4072	test	1032
test_4073	test	1095
test_4074	test	1055
test_4075	test	1112
test_4076	test	1098
test_4077	test	1072
test_4078	test	1077
test_4079	test	1088
test_4080	test	1030
test_4081	test	1006
test_4082	test	1154
test_4083	test	1017
test_4084	test	1008
test_4085	test	1069
test_4086	test	1164
test_4087	test	1169
test_4088	test	1033
test_4089	test	1185
test_4090	test	1171
test_4091	test	1057
test_4092	test	1006
test_4093	test	1065
test_4094	test	1100
test_4095	test	1177
test_4096	test	1130
test_4097	test	1042
test_4098	test	1040
test_4099	test	1083
test_4100	test	1166
test_4101	test	1055
test_4102	test	1059
test_4103	test	1026
test_4104	test	1154
test_4105	test	1101
test_4106	test	1096
test_4107	test	1002
test_4108	test	1147
test_4109	test	1015
test_4110	test	1110
test_4111	test	1014
test_4112	test	1129
test_4113	test	1183
test_4114	test	1205
test_4115	test	1097
test_4116	test	1181
test_4117	test	1084
test_4118	test	1085
test_4119	test	1070
test_4120	test	1066
test_4121	test	1035
test_4122	test	1007
test_4123	test	1203
test_4124	test	1003
test_4125	test	1079
test_4126	test	1103
test_4127	test	1080
test_4128	test	1154
test_4129	test	1115
test_4130	test	1077
test_4131	test	1184
test_4132	test	1041
test_4133	test	1184
test_4134	test	1115
test_4135	test	1147
test_4136	test	1068
test_4137	test	1053
test_4138	test	1026
test_4139	test	1092
test_4140	test	1204
test_4141	test	1132
test_4142	test	1193
test_4143	test	1205
test_4144	test	1054
test_4145	test	1101
test_4146	test	1000
test_4147	test	1014
test_4148	test	1158
test_4149	test	1066
test_4150	test	1209
test_4151	test	1032
test_4152	test	1067
test_4153	test	1042
test_4154	test	1128
test_4155	test	1131
test_4156	test	1151
test_4157	test	1083
test_4158	test	1118
test_4159	test	1001
test_4160	test	1059
test_4161	test	1156
test_4162	test	1070
test_4163	test	1103
test_4164	test	1199
test_4165	test	1002
test_4166	test	1066
test_4167	test	1052
test_4168	test	1028
test_4169	test	1121
test_4170	test	1128
test_4171	test	1066
test_4172	test	1099
test_4173	test	1044
test_4174	test	1051
test_4175	test	1006
test_4176	test	1177
test_4177	test	1102
test_4178	test	1005
test_4179	test	1097
test_4180	test	1095
test_4181	test	1203
test_4182	test	1083
test_4183	test	1037
test_4184	test	1107
test_4185	test	1126
test_4186	test	1026
test_4187	test	1039
test_4188	test	1074
test_4189	test	1145
test_4190	test	1012
test_4191	test	1152
test_4192	test	1110
test_4193	test	1109
test_4194	test	1027
test_4195	test	1182
test_4196	test	1038
test_4197	test	1052
test_4198	test	1181
test_4199	test	1198
test_4200	test	1110
test_4201	test	1107
test_4202	test	1059
test_4203	test	1084
test_4204	test	1152
test_4205	test	1108
test_4206	test	1126
test_4207	test	1097
test_4208	test	1029
test_4209	test	1114
test_4210	test	1108
test_4211	test	1028
test_4212	test	1102
test_4213	test	1071
test_4214	test	1197
test_4215	test	1077
test_4216	test	1166
test_4217	test	1115
test_4218	test	1074
test_4219	test	1074
test_4220	test	1040
test_4221	test	1098
test_4222	test	1176
test_4223	test	1006
test_4224	test	1111
test_4225	test	1040
test_4226	test	1064
test_4227	test	1093
test_4228	test	1164
test_4229	test	1125
test_4230	test	1164
test_4231	test	1049
test_4232	test	1087
test_4233	test	1204
test_4234	test	1152
test_4235	test	1025
test_4236	test	1113
test_4237	test	1026
test_4238	test	1118
test_4239	test	1171
test_4240	test	1081
test_4241	test	1043
test_4242	test	1175
test_4243	test	1124
test_4244	test	1101
test_4245	test	1068
test_4246	test	1152
test_4247	test	1072
test_4248	test	1112
test_4249	test	1020
test_4250	test	1176
test_4251	test	1105
test_4252	test	1061
test_4253	test	1079
test_4254	test	1036
test_4255	test	1119
test_4256	test	1090
test_4257	test	1095
test_4258	test	1191
test_4259	test	1028
test_4260	test	1056
test_4261	test	1014
test_4262	test	1109
test_4263	test	1156
test_4264	test	1099
test_4265	test	1113
test_4266	test	1051
test_4267	test	1020
test_4268	test	1090
test_4269	test	1171
test_4270	test	1115
test_4271	test	1022
test_4272	test	1166
test_4273	test	1075
test_4274	test	1011
test_4275	test	1187
test_4276	test	1078
test_4277	test	1069
test_4278	test	1080
test_4279	test	1178
test_4280	test	1109
test_4281	test	1043
test_4282	test	1117
test_4283	test	1160
test_4284	test	1044
test_4285	test	1040
test_4286	test	1103
test_4287	test	1186
test_4288	test	1192
test_4289	test	1115
test_4290	test	1180
test_4291	test	1060
test_4292	test	1025
test_4293	test	1003
test_4294	test	1078
test_4295	test	1137
test_4296	test	1037
test_4297	test	1103
test_4298	test	1124
test_4299	test	1032
test_4300	test	1154
test_4301	test	1014
test_4302	test	1175
test_4303	test	1109
test_4304	test	1091
test_4305	test	1055
test_4306	test	1140
test_4307	test	1007
test_4308	test	1164
test_4309	test	1019
test_4310	test	1045
test_4311	test	1006
test_4312	test	1101
test_4313	test	1129
test_4314	test	1098
test_4315	test	1059
test_4316	test	1070
test_4317	test	1030
test_4318	test	1085
test_4319	test	1032
test_4320	test	1132
test_4321	test	1130
test_4322	test	1019
test_4323	test	1043
test_4324	test	1008
test_4325	test	1185
test_4326	test	1061
test_4327	test	1092
test_4328	test	1072
test_4329	test	1129
test_4330	test	1076
test_4331	test	1207
test_4332	test	1057
test_4333	test	1185
test_4334	test	1201
test_4335	test	1005
test_4336	test	1044
test_4337	test	1197
test_4338	test	1071
test_4339	test	1103
test_4340	test	1028
test_4341	test	1078
test_4342	test	1035
test_4343	test	1035
test_4344	test	1046
test_4345	test	1114
test_4346	test	1060
test_4347	test	1141
test_4348	test	1203
test_4349	test	1036
test_4350	test	1152
test_4351	test	1074
test_4352	test	1089
test_4353	test	1082
test_4354	test	1188
test_4355	test	1037
test_4356	test	1056
test_4357	test	1015
test_4358	test	1042
test_4359	test	1043
test_4360	test	1167
test_4361	test	1026
test_4362	test	1035
test_4363	test	1046
test_4364	test	1087
test_4365	test	1078
test_4366	test	1025
test_4367	test	1008
test_4368	test	1132
test_4369	test	1141
test_4370	test	1147
test_4371	test	1030
test_4372	test	1181
test_4373	test	1024
test_4374	test	1066
test_4375	test	1091
test_4376	test	1139
test_4377	test	1114
test_4378	test	1150
test_4379	test	1121
test_4380	test	1094
test_4381	test	1016
test_4382	test	1110
test_4383	test	1068
test_4384	test	1017
test_4385	test	1005
test_4386	test	1102
test_4387	test	1150
test_4388	test	1065
test_4389	test	1083
test_4390	test	1045
test_4391	test	1089
test_4392	test	1028
test_4393	test	1119
test_4394	test	1150
test_4395	test	1206
test_4396	test	1046
test_4397	test	1089
test_4398	test	1037
test_4399	test	1175
test_4400	test	1110
test_4401	test	1124
test_4402	test	1024
test_4403	test	1061
test_4404	test	1202
test_4405	test	1018
test_4406	test	1208
test_4407	test	1141
test_4408	test	1075
test_4409	test	1077
test_4410	test	1082
test_4411	test	1022
test_4412	test	1118
test_4413	test	1079
test_4414	test	1061
test_4415	test	1044
test_4416	test	1176
test_4417	test	1049
test_4418	test	1064
test_4419	test	1175
test_4420	test	1164
test_4421	test	1137
test_4422	test	1101
test_4423	test	1073
test_4424	test	1078
test_4425	test	1208
test_4426	test	1098
test_4427	test	1124
test_4428	test	1035
test_4429	test	1026
test_4430	test	1147
test_4431	test	1169
test_4432	test	1023
test_4433	test	1170
test_4434	test	1127
test_4435	test	1106
test_4436	test	1121
test_4437	test	1056
test_4438	test	1039
test_4439	test	1040
test_4440	test	1201
test_4441	test	1206
test_4442	test	1184
test_4443	test	1166
test_4444	test	1088
test_4445	test	1198
test_4446	test	1006
test_4447	test	1113
test_4448	test	1170
test_4449	test	1007
test_4450	test	1207
test_4451	test	1011
test_4452	test	1206
test_4453	test	1078
test_4454	test	1208
test_4455	test	1020
test_4456	test	1123
test_4457	test	1152
test_4458	test	1115
test_4459	test	1060
test_4460	test	1083
test_4461	test	1012
test_4462	test	1061
test_4463	test	1079
test_4464	test	1117
test_4465	test	1177
test_4466	test	1136
test_4467	test	1006
test_4468	test	1120
test_4469	test	1030
test_4470	test	1029
test_4471	test	1124
test_4472	test	1107
test_4473	test	1052
test_4474	test	1028
test_4475	test	1059
test_4476	test	1024
test_4477	test	1060
test_4478	test	1090
test_4479	test	1113
test_4480	test	1053
test_4481	test	1044
test_4482	test	1100
test_4483	test	1114
test_4484	test	1015
test_4485	test	1019
test_4486	test	1037
test_4487	test	1046
test_4488	test	1060
test_4489	test	1112
test_4490	test	1111
test_4491	test	1121
test_4492	test	1188
test_4493	test	1000
test_4494	test	1045
test_4495	test	1083
test_4496	test	1184
test_4497	test	1090
test_4498	test	1143
test_4499	test	1103
test_4500	test	1007
test_4501	test	1124
test_4502	test	1007
test_4503	test	1046
test_4504	test	1098
test_4505	test	1022
test_4506	test	1117
test_4507	test	1180
test_4508	test	1030
test_4509	test	1087
test_4510	test	1045
test_4511	test	1191
test_4512	test	1141
test_4513	test	1164
test_4514	test	1018
test_4515	test	1115
test_4516	test	1147
test_4517	test	1139
test_4518	test	1029
test_4519	test	1073
test_4520	test	1203
test_4521	test	1039
test_4522	test	1022
test_4523	test	1183
test_4524	test	1075
test_4525	test	1103
test_4526	test	1077
test_4527	test	1135
test_4528	test	1146
test_4529	test	1087
test_4530	test	1000
test_4531	test	1107
test_4532	test	1061
test_4533	test	1073
test_4534	test	1121
test_4535	test	1200
test_4536	test	1140
test_4537	test	1116
test_4538	test	1121
test_4539	test	1030
test_4540	test	1111
test_4541	test	1008
test_4542	test	1101
test_4543	test	1022
test_4544	test	1140
test_4545	test	1011
test_4546	test	1136
test_4547	test	1169
test_4548	test	1179
test_4549	test	1071
test_4550	test	1121
test_4551	test	1082
test_4552	test	1129
test_4553	test	1046
test_4554	test	1155
test_4555	test	1015
test_4556	test	1108
test_4557	test	1113
test_4558	test	1109
test_4559	test	1133
test_4560	test	1050
test_4561	test	1001
test_4562	test	1154
test_4563	test	1026
test_4564	test	1022
test_4565	test	1003
test_4566	test	1207
test_4567	test	1053
test_4568	test	1045
test_4569	test	1115
test_4570	test	1093
test_4571	test	1138
test_4572	test	1058
test_4573	test	1206
test_4574	test	1040
test_4575	test	1059
test_4576	test	1057
test_4577	test	1018
test_4578	test	1095
test_4579	test	1053
test_4580	test	1123
test_4581	test	1193
test_4582	test	1016
test_4583	test	1087
test_4584	test	1166
test_4585	test	1081
test_4586	test	1062
test_4587	test	1066
test_4588	test	1098
test_4589	test	1089
test_4590	test	1078
test_4591	test	1078
test_4592	test	1032
test_4593	test	1156
test_4594	test	1037
test_4595	test	1051
test_4596	test	1104
test_4597	test	1123
test_4598	test	1012
test_4599	test	1000
test_4600	test	1049
test_4601	test	1018
test_4602	test	1085
test_4603	test	1017
test_4604	test	1074
test_4605	test	1030
test_4606	test	1015
test_4607	test	1140
test_4608	test	1026
test_4609	test	1167
test_4610	test	1201
test_4611	test	1005
test_4612	test	1120
test_4613	test	1084
test_4614	test	1141
test_4615	test	1001
test_4616	test	1089
test_4617	test	1168
test_4618	test	1041
test_4619	test	1081
test_4620	test	1177
test_4621	test	1141
test_4622	test	1137
test_4623	test	1121
test_4624	test	1005
test_4625	test	1102
test_4626	test	1006
test_4627	test	1193
test_4628	test	1174
test_4629	test	1007
test_4630	test	1171
test_4631	test	1039
test_4632	test	1055
test_4633	test	1102
test_4634	test	1176
test_4635	test	1015
test_4636	test	1132
test_4637	test	1073
test_4638	test	1178
test_4639	test	1114
test_4640	test	1206
test_4641	test	1194
test_4642	test	1073
test_4643	test	1053
test_4644	test	1016
test_4645	test	1039
test_4646	test	1026
test_4647	test	1195
test_4648	test	1040
test_4649	test	1073
test_4650	test	1180
test_4651	test	1026
test_4652	test	1202
test_4653	test	1119
test_4654	test	1085
test_4655	test	1134
test_4656	test	1025
test_4657	test	1083
test_4658	test	1012
test_4659	test	1095
test_4660	test	1166
test_4661	test	1029
test_4662	test	1078
test_4663	test	1137
test_4664	test	1150
test_4665	test	1141
test_4666	test	1005
test_4667	test	1007
test_4668	test	1125
test_4669	test	1006
test_4670	test	1145
test_4671	test	1022
test_4672	test	1125
test_4673	test	1092
test_4674	test	1138
test_4675	test	1197
test_4676	test	1201
test_4677	test	1207
test_4678	test	1200
test_4679	test	1135
test_4680	test	1097
test_4681	test	1057
test_4682	test	1104
test_4683	test	1016
test_4684	test	1003
test_4685	test	1041
test_4686	test	1102
test_4687	test	1068
test_4688	test	1078
test_4689	test	1019
test_4690	test	1012
test_4691	test	1008
test_4692	test	1043
test_4693	test	1147
test_4694	test	1046
test_4695	test	1085
test_4696	test	1057
test_4697	test	1053
test_4698	test	1178
test_4699	test	1082
test_4700	test	1147
test_4701	test	1045
test_4702	test	1205
test_4703	test	1074
test_4704	test	1031
test_4705	test	1181
test_4706	test	1164
test_4707	test	1057
test_4708	test	1034
test_4709	test	1136
test_4710	test	1204
test_4711	test	1100
test_4712	test	1012
test_4713	test	1065
test_4714	test	1143
test_4715	test	1118
test_4716	test	1103
test_4717	test	1050
test_4718	test	1040
test_4719	test	1032
test_4720	test	1021
test_4721	test	1165
test_4722	test	1145
test_4723	test	1042
test_4724	test	1189
test_4725	test	1112
test_4726	test	1131
test_4727	test	1124
test_4728	test	1051
test_4729	test	1183
test_4730	test	1121
test_4731	test	1127
test_4732	test	1041
test_4733	test	1069
test_4734	test	1006
test_4735	test	1127
test_4736	test	1091
test_4737	test	1074
test_4738	test	1209
test_4739	test	1185
test_4740	test	1158
test_4741	test	1206
test_4742	test	1175
test_4743	test	1103
test_4744	test	1100
test_4745	test	1186
test_4746	test	1102
test_4747	test	1020
test_4748	test	1012
test_4749	test	1098
test_4750	test	1177
test_4751	test	1208
test_4752	test	1030
test_4753	test	1185
test_4754	test	1000
test_4755	test	1121
test_4756	test	1183
test_4757	test	1131
test_4758	test	1053
test_4759	test	1208
test_4760	test	1065
test_4761	test	1183
test_4762	test	1172
test_4763	test	1032
test_4764	test	1076
test_4765	test	1096
test_4766	test	1077
test_4767	test	1179
test_4768	test	1165
test_4769	test	1131
test_4770	test	1016
test_4771	test	1015
test_4772	test	1179
test_4773	test	1169
test_4774	test	1111
test_4775	test	1128
test_4776	test	1185
test_4777	test	1004
test_4778	test	1053
test_4779	test	1107
test_4780	test	1007
test_4781	test	1135
test_4782	test	1087
test_4783	test	1206
test_4784	test	1071
test_4785	test	1116
test_4786	test	1064
test_4787	test	1143
test_4788	test	1206
test_4789	test	1158
test_4790	test	1014
test_4791	test	1100
test_4792	test	1184
test_4793	test	1103
test_4794	test	1029
test_4795	test	1027
test_4796	test	1049
test_4797	test	1105
test_4798	test	1118
test_4799	test	1007
test_4800	test	1019
test_4801	test	1012
test_4802	test	1037
test_4803	test	1201
test_4804	test	1171
test_4805	test	1043
test_4806	test	1152
test_4807	test	1014
test_4808	test	1150
test_4809	test	1098
test_4810	test	1100
test_4811	test	1044
test_4812	test	1132
test_4813	test	1049
test_4814	test	1032
test_4815	test	1198
test_4816	test	1129
test_4817	test	1165
test_4818	test	1003
test_4819	test	1031
test_4820	test	1177
test_4821	test	1207
test_4822	test	1087
test_4823	test	1154
test_4824	test	1175
test_4825	test	1124
test_4826	test	1119
test_4827	test	1019
test_4828	test	1101
test_4829	test	1208
test_4830	test	1070
test_4831	test	1141
test_4832	test	1092
test_4833	test	1118
test_4834	test	1109
test_4835	test	1039
test_4836	test	1005
test_4837	test	1127
test_4838	test	1075
test_4839	test	1137
test_4840	test	1005
test_4841	test	1042
test_4842	test	1109
test_4843	test	1080
test_4844	test	1140
test_4845	test	1149
test_4846	test	1061
test_4847	test	1141
test_4848	test	1119
test_4849	test	1014
test_4850	test	1058
test_4851	test	1133
test_4852	test	1065
test_4853	test	1083
test_4854	test	1024
test_4855	test	1019
test_4856	test	1152
test_4857	test	1007
test_4858	test	1185
test_4859	test	1001
test_4860	test	1151
test_4861	test	1102
test_4862	test	1154
test_4863	test	1135
test_4864	test	1096
test_4865	test	1025
test_4866	test	1039
test_4867	test	1031
test_4868	test	1006
test_4869	test	1006
test_4870	test	1131
test_4871	test	1057
test_4872	test	1041
test_4873	test	1084
test_4874	test	1039
test_4875	test	1030
test_4876	test	1027
test_4877	test	1035
test_4878	test	1098
test_4879	test	1107
test_4880	test	1198
test_4881	test	1166
test_4882	test	1186
test_4883	test	1112
test_4884	test	1204
test_4885	test	1044
test_4886	test	1143
test_4887	test	1168
test_4888	test	1209
test_4889	test	1194
test_4890	test	1133
test_4891	test	1126
test_4892	test	1018
test_4893	test	1055
test_4894	test	1066
test_4895	test	1164
test_4896	test	1023
test_4897	test	1056
test_4898	test	1029
test_4899	test	1138
test_4900	test	1012
test_4901	test	1031
test_4902	test	1065
test_4903	test	1118
test_4904	test	1050
test_4905	test	1117
test_4906	test	1091
test_4907	test	1150
test_4908	test	1154
test_4909	test	1168
test_4910	test	1082
test_4911	test	1185
test_4912	test	1032
test_4913	test	1047
test_4914	test	1042
test_4915	test	1020
test_4916	test	1074
test_4917	test	1027
test_4918	test	1126
test_4919	test	1109
test_4920	test	1173
test_4921	test	1056
test_4922	test	1102
test_4923	test	1132
test_4924	test	1083
test_4925	test	1099
test_4926	test	1029
test_4927	test	1194
test_4928	test	1061
test_4929	test	1065
test_4930	test	1030
test_4931	test	1021
test_4932	test	1167
test_4933	test	1073
test_4934	test	1042
test_4935	test	1090
test_4936	test	1062
test_4937	test	1006
test_4938	test	1053
test_4939	test	1185
test_4940	test	1101
test_4941	test	1072
test_4942	test	1113
test_4943	test	1198
test_4944	test	1207
test_4945	test	1175
test_4946	test	1136
test_4947	test	1048
test_4948	test	1107
test_4949	test	1119
test_4950	test	1134
test_4951	test	1034
test_4952	test	1073
test_4953	test	1193
test_4954	test	1180
test_4955	test	1109
test_4956	test	1027
test_4957	test	1031
test_4958	test	1179
test_4959	test	1039
test_4960	test	1117
test_4961	test	1200
test_4962	test	1141
test_4963	test	1100
test_4964	test	1127
test_4965	test	1033
test_4966	test	1206
test_4967	test	1183
test_4968	test	1006
test_4969	test	1023
test_4970	test	1053
test_4971	test	1141
test_4972	test	1087
test_4973	test	1202
test_4974	test	1015
test_4975	test	1152
test_4976	test	1102
test_4977	test	1078
test_4978	test	1080
test_4979	test	1135
test_4980	test	1111
test_4981	test	1103
test_4982	test	1188
test_4983	test	1053
test_4984	test	1110
test_4985	test	1028
test_4986	test	1036
test_4987	test	1082
test_4988	test	1145
test_4989	test	1110
test_4990	test	1084
test_4991	test	1048
test_4992	test	1031
test_4993	test	1110
test_4994	test	1030
test_4995	test	1140
test_4996	test	1199
test_4997	test	1102
test_4998	test	1041
test_4999	test	1006
test_5000	test	1040
test_5001	test	1026
test_5002	test	1002
test_5003	test	1135
test_5004	test	1014
test_5005	test	1022
test_5006	test	1111
test_5007	test	1207
test_5008	test	1144
test_5009	test	1055
test_5010	test	1143
test_5011	test	1070
test_5012	test	1065
test_5013	test	1207
test_5014	test	1110
test_5015	test	1038
test_5016	test	1152
test_5017	test	1129
test_5018	test	1127
test_5019	test	1117
test_5020	test	1174
test_5021	test	1110
test_5022	test	1191
test_5023	test	1142
test_5024	test	1080
test_5025	test	1177
test_5026	test	1150
test_5027	test	1076
test_5028	test	1017
test_5029	test	1183
test_5030	test	1014
test_5031	test	1127
test_5032	test	1024
test_5033	test	1068
test_5034	test	1043
test_5035	test	1036
test_5036	test	1108
test_5037	test	1023
test_5038	test	1060
test_5039	test	1202
test_5040	test	1073
test_5041	test	1030
test_5042	test	1056
test_5043	test	1118
test_5044	test	1034
test_5045	test	1175
test_5046	test	1089
test_5047	test	1006
test_5048	test	1098
test_5049	test	1137
test_5050	test	1049
test_5051	test	1173
test_5052	test	1183
test_5053	test	1083
test_5054	test	1197
test_5055	test	1078
test_5056	test	1107
test_5057	test	1027
test_5058	test	1196
test_5059	test	1141
test_5060	test	1081
test_5061	test	1164
test_5062	test	1069
test_5063	test	1122
test_5064	test	1197
test_5065	test	1183
test_5066	test	1114
test_5067	test	1134
test_5068	test	1150
test_5069	test	1045
test_5070	test	1164
test_5071	test	1165
test_5072	test	1066
test_5073	test	1192
test_5074	test	1087
test_5075	test	1037
test_5076	test	1066
test_5077	test	1073
test_5078	test	1089
test_5079	test	1120
test_5080	test	1029
test_5081	test	1183
test_5082	test	1188
test_5083	test	1077
test_5084	test	1177
test_5085	test	1131
test_5086	test	1090
test_5087	test	1114
test_5088	test	1071
test_5089	test	1003
test_5090	test	1019
test_5091	test	1079
test_5092	test	1002
test_5093	test	1114
test_5094	test	1138
test_5095	test	1049
test_5096	test	1031
test_5097	test	1135
test_5098	test	1068
test_5099	test	1080
test_5100	test	1143
test_5101	test	1203
test_5102	test	1102
test_5103	test	1045
test_5104	test	1154
test_5105	test	1098
test_5106	test	1007
test_5107	test	1097
test_5108	test	1207
test_5109	test	1050
test_5110	test	1151
test_5111	test	1032
test_5112	test	1192
test_5113	test	1046
test_5114	test	1003
test_5115	test	1177
test_5116	test	1114
test_5117	test	1082
test_5118	test	1107
test_5119	test	1083
test_5120	test	1090
test_5121	test	1164
test_5122	test	1118
test_5123	test	1036
test_5124	test	1058
test_5125	test	1036
test_5126	test	1166
test_5127	test	1144
test_5128	test	1076
test_5129	test	1025
test_5130	test	1011
test_5131	test	1066
test_5132	test	1022
test_5133	test	1090
test_5134	test	1082
test_5135	test	1144
test_5136	test	1055
test_5137	test	1171
test_5138	test	1017
test_5139	test	1190
test_5140	test	1030
test_5141	test	1126
test_5142	test	1103
test_5143	test	1058
test_5144	test	1113
test_5145	test	1035
test_5146	test	1133
test_5147	test	1128
test_5148	test	1002
test_5149	test	1161
test_5150	test	1037
test_5151	test	1097
test_5152	test	1193
test_5153	test	1207
test_5154	test	1078
test_5155	test	1095
test_5156	test	1123
test_5157	test	1066
test_5158	test	1183
test_5159	test	1032
test_5160	test	1192
test_5161	test	1029
test_5162	test	1049
test_5163	test	1124
test_5164	test	1090
test_5165	test	1193
test_5166	test	1150
test_5167	test	1173
test_5168	test	1064
test_5169	test	1048
test_5170	test	1002
test_5171	test	1100
test_5172	test	1154
test_5173	test	1148
test_5174	test	1111
test_5175	test	1042
test_5176	test	1020
test_5177	test	1015
test_5178	test	1088
test_5179	test	1040
test_5180	test	1087
test_5181	test	1005
test_5182	test	1074
test_5183	test	1171
test_5184	test	1114
test_5185	test	1151
test_5186	test	1186
test_5187	test	1042
test_5188	test	1090
test_5189	test	1097
test_5190	test	1018
test_5191	test	1072
test_5192	test	1179
test_5193	test	1120
test_5194	test	1198
test_5195	test	1002
test_5196	test	1109
test_5197	test	1049
test_5198	test	1053
test_5199	test	1133
test_5200	test	1175
test_5201	test	1170
test_5202	test	1104
test_5203	test	1164
test_5204	test	1102
test_5205	test	1099
test_5206	test	1087
test_5207	test	1102
test_5208	test	1119
test_5209	test	1161
test_5210	test	1100
test_5211	test	1124
test_5212	test	1048
test_5213	test	1146
test_5214	test	1198
test_5215	test	1031
test_5216	test	1179
test_5217	test	1128
test_5218	test	1026
test_5219	test	1014
test_5220	test	1089
test_5221	test	1143
test_5222	test	1125
test_5223	test	1147
test_5224	test	1075
test_5225	test	1083
test_5226	test	1072
test_5227	test	1095
test_5228	test	1085
test_5229	test	1101
test_5230	test	1024
test_5231	test	1017
test_5232	test	1126
test_5233	test	1141
test_5234	test	1150
test_5235	test	1140
test_5236	test	1207
test_5237	test	1114
test_5238	test	1079
test_5239	test	1109
test_5240	test	1119
test_5241	test	1194
test_5242	test	1186
test_5243	test	1129
test_5244	test	1165
test_5245	test	1027
test_5246	test	1004
test_5247	test	1160
test_5248	test	1138
test_5249	test	1116
test_5250	test	1041
test_5251	test	1180
test_5252	test	1057
test_5253	test	1168
test_5254	test	1171
test_5255	test	1179
test_5256	test	1027
test_5257	test	1203
test_5258	test	1029
test_5259	test	1094
test_5260	test	1069
test_5261	test	1146
test_5262	test	1137
test_5263	test	1046
test_5264	test	1099
test_5265	test	1193
test_5266	test	1196
test_5267	test	1141
test_5268	test	1039
test_5269	test	1001
test_5270	test	1143
test_5271	test	1008
test_5272	test	1137
test_5273	test	1205
test_5274	test	1165
test_5275	test	1030
test_5276	test	1151
test_5277	test	1104
test_5278	test	1128
test_5279	test	1209
test_5280	test	1019
test_5281	test	1053
test_5282	test	1074
test_5283	test	1028
test_5284	test	1007
test_5285	test	1009
test_5286	test	1184
test_5287	test	1166
test_5288	test	1189
test_5289	test	1208
test_5290	test	1150
test_5291	test	1014
test_5292	test	1158
test_5293	test	1196
test_5294	test	1056
test_5295	test	1116
test_5296	test	1021
test_5297	test	1003
test_5298	test	1171
test_5299	test	1087
test_5300	test	1125
test_5301	test	1031
test_5302	test	1118
test_5303	test	1141
test_5304	test	1075
test_5305	test	1045
test_5306	test	1141
test_5307	test	1053
test_5308	test	1205
test_5309	test	1093
test_5310	test	1175
test_5311	test	1112
test_5312	test	1102
test_5313	test	1100
test_5314	test	1037
test_5315	test	1177
test_5316	test	1039
test_5317	test	1003
test_5318	test	1109
test_5319	test	1165
test_5320	test	1017
test_5321	test	1209
test_5322	test	1008
test_5323	test	1007
test_5324	test	1095
test_5325	test	1007
test_5326	test	1068
test_5327	test	1006
test_5328	test	1052
test_5329	test	1156
test_5330	test	1166
test_5331	test	1114
test_5332	test	1040
test_5333	test	1080
test_5334	test	1180
test_5335	test	1087
test_5336	test	1121
test_5337	test	1049
test_5338	test	1029
test_5339	test	1045
test_5340	test	1118
test_5341	test	1018
test_5342	test	1032
test_5343	test	1166
test_5344	test	1140
test_5345	test	1136
test_5346	test	1173
test_5347	test	1146
test_5348	test	1083
test_5349	test	1048
test_5350	test	1171
test_5351	test	1046
test_5352	test	1078
test_5353	test	1133
test_5354	test	1039
test_5355	test	1059
test_5356	test	1185
test_5357	test	1197
test_5358	test	1080
test_5359	test	1037
test_5360	test	1137
test_5361	test	1005
test_5362	test	1089
test_5363	test	1064
test_5364	test	1115
test_5365	test	1030
test_5366	test	1141
test_5367	test	1117
test_5368	test	1207
test_5369	test	1095
test_5370	test	1110
test_5371	test	1019
test_5372	test	1004
test_5373	test	1203
test_5374	test	1026
test_5375	test	1126
test_5376	test	1037
test_5377	test	1103
test_5378	test	1028
test_5379	test	1150
test_5380	test	1022
test_5381	test	1150
test_5382	test	1193
test_5383	test	1041
test_5384	test	1025
test_5385	test	1170
test_5386	test	1093
test_5387	test	1098
test_5388	test	1054
test_5389	test	1022
test_5390	test	1150
test_5391	test	1025
test_5392	test	1209
test_5393	test	1080
test_5394	test	1155
test_5395	test	1036
test_5396	test	1093
test_5397	test	1100
test_5398	test	1151
test_5399	test	1028
test_5400	test	1156
test_5401	test	1164
test_5402	test	1209
test_5403	test	1045
test_5404	test	1148
test_5405	test	1041
test_5406	test	1017
test_5407	test	1083
test_5408	test	1017
test_5409	test	1142
test_5410	test	1151
test_5411	test	1083
test_5412	test	1203
test_5413	test	1070
test_5414	test	1133
test_5415	test	1002
test_5416	test	1011
test_5417	test	1035
test_5418	test	1080
test_5419	test	1179
test_5420	test	1137
test_5421	test	1127
test_5422	test	1015
test_5423	test	1119
test_5424	test	1152
test_5425	test	1070
test_5426	test	1198
test_5427	test	1011
test_5428	test	1000
test_5429	test	1100
test_5430	test	1012
test_5431	test	1094
test_5432	test	1135
test_5433	test	1160
test_5434	test	1003
test_5435	test	1057
test_5436	test	1152
test_5437	test	1048
test_5438	test	1028
test_5439	test	1074
test_5440	test	1017
test_5441	test	1133
test_5442	test	1000
test_5443	test	1056
test_5444	test	1003
test_5445	test	1056
test_5446	test	1027
test_5447	test	1039
test_5448	test	1072
test_5449	test	1207
test_5450	test	1023
test_5451	test	1189
test_5452	test	1117
test_5453	test	1002
test_5454	test	1154
test_5455	test	1053
test_5456	test	1009
test_5457	test	1150
test_5458	test	1135
test_5459	test	1026
test_5460	test	1006
test_5461	test	1102
test_5462	test	1175
test_5463	test	1141
test_5464	test	1039
test_5465	test	1015
test_5466	test	1100
test_5467	test	1015
test_5468	test	1175
test_5469	test	1040
test_5470	test	1070
test_5471	test	1157
test_5472	test	1012
test_5473	test	1061
test_5474	test	1197
test_5475	test	1079
test_5476	test	1071
test_5477	test	1060
test_5478	test	1162
test_5479	test	1012
test_5480	test	1110
test_5481	test	1073
test_5482	test	1208
test_5483	test	1099
test_5484	test	1024
test_5485	test	1152
test_5486	test	1077
test_5487	test	1201
test_5488	test	1185
test_5489	test	1028
test_5490	test	1051
test_5491	test	1123
test_5492	test	1085
test_5493	test	1068
test_5494	test	1098
test_5495	test	1075
test_5496	test	1060
test_5497	test	1070
test_5498	test	1041
test_5499	test	1080
test_5500	test	1164
test_5501	test	1006
test_5502	test	1029
test_5503	test	1039
test_5504	test	1137
test_5505	test	1125
test_5506	test	1014
test_5507	test	1185
test_5508	test	1089
test_5509	test	1044
test_5510	test	1065
test_5511	test	1117
test_5512	test	1042
test_5513	test	1045
test_5514	test	1087
test_5515	test	1088
test_5516	test	1171
test_5517	test	1050
test_5518	test	1188
test_5519	test	1017
test_5520	test	1125
test_5521	test	1146
test_5522	test	1031
test_5523	test	1006
test_5524	test	1189
test_5525	test	1044
test_5526	test	1006
test_5527	test	1006
test_5528	test	1107
test_5529	test	1042
test_5530	test	1051
test_5531	test	1050
test_5532	test	1025
test_5533	test	1203
test_5534	test	1100
test_5535	test	1005
test_5536	test	1127
test_5537	test	1078
test_5538	test	1046
test_5539	test	1166
test_5540	test	1168
test_5541	test	1069
test_5542	test	1082
test_5543	test	1057
test_5544	test	1082
test_5545	test	1030
test_5546	test	1163
test_5547	test	1009
test_5548	test	1112
test_5549	test	1155
test_5550	test	1095
test_5551	test	1017
test_5552	test	1044
test_5553	test	1079
test_5554	test	1030
test_5555	test	1050
test_5556	test	1171
test_5557	test	1079
test_5558	test	1020
test_5559	test	1146
test_5560	test	1179
test_5561	test	1025
test_5562	test	1193
test_5563	test	1090
test_5564	test	1003
test_5565	test	1162
test_5566	test	1053
test_5567	test	1080
test_5568	test	1124
test_5569	test	1137
test_5570	test	1003
test_5571	test	1203
test_5572	test	1059
test_5573	test	1151
test_5574	test	1069
test_5575	test	1177
test_5576	test	1147
test_5577	test	1015
test_5578	test	1034
test_5579	test	1030
test_5580	test	1018
test_5581	test	1056
test_5582	test	1140
test_5583	test	1062
test_5584	test	1190
test_5585	test	1072
test_5586	test	1158
test_5587	test	1053
test_5588	test	1071
test_5589	test	1098
test_5590	test	1105
test_5591	test	1164
test_5592	test	1012
test_5593	test	1173
test_5594	test	1076
test_5595	test	1171
test_5596	test	1029
test_5597	test	1071
test_5598	test	1194
test_5599	test	1069
test_5600	test	1038
test_5601	test	1000
test_5602	test	1207
test_5603	test	1045
test_5604	test	1177
test_5605	test	1035
test_5606	test	1094
test_5607	test	1204
test_5608	test	1165
test_5609	test	1174
test_5610	test	1002
test_5611	test	1095
test_5612	test	1201
test_5613	test	1150
test_5614	test	1112
test_5615	test	1164
test_5616	test	1009
test_5617	test	1014
test_5618	test	1128
test_5619	test	1194
test_5620	test	1042
test_5621	test	1108
test_5622	test	1006
test_5623	test	1022
test_5624	test	1020
test_5625	test	1007
test_5626	test	1074
test_5627	test	1152
test_5628	test	1143
test_5629	test	1145
test_5630	test	1003
test_5631	test	1053
test_5632	test	1017
test_5633	test	1006
test_5634	test	1063
test_5635	test	1125
test_5636	test	1020
test_5637	test	1153
test_5638	test	1006
test_5639	test	1007
test_5640	test	1140
test_5641	test	1024
test_5642	test	1118
test_5643	test	1001
test_5644	test	1078
test_5645	test	1202
test_5646	test	1182
test_5647	test	1078
test_5648	test	1191
test_5649	test	1006
test_5650	test	1048
test_5651	test	1198
test_5652	test	1019
test_5653	test	1081
test_5654	test	1098
test_5655	test	1013
test_5656	test	1060
test_5657	test	1183
test_5658	test	1105
test_5659	test	1090
test_5660	test	1026
test_5661	test	1090
test_5662	test	1019
test_5663	test	1068
test_5664	test	1178
test_5665	test	1167
test_5666	test	1032
test_5667	test	1206
test_5668	test	1022
test_5669	test	1073
test_5670	test	1030
test_5671	test	1167
test_5672	test	1020
test_5673	test	1000
test_5674	test	1131
test_5675	test	1083
test_5676	test	1140
test_5677	test	1142
test_5678	test	1027
test_5679	test	1064
test_5680	test	1029
test_5681	test	1084
test_5682	test	1078
test_5683	test	1192
test_5684	test	1185
test_5685	test	1017
test_5686	test	1015
test_5687	test	1026
test_5688	test	1100
test_5689	test	1015
test_5690	test	1154
test_5691	test	1068
test_5692	test	1124
test_5693	test	1169
test_5694	test	1147
test_5695	test	1001
test_5696	test	1055
test_5697	test	1155
test_5698	test	1052
test_5699	test	1083
test_5700	test	1023
test_5701	test	1098
test_5702	test	1079
test_5703	test	1157
test_5704	test	1130
test_5705	test	1079
test_5706	test	1204
test_5707	test	1006
test_5708	test	1037
test_5709	test	1115
test_5710	test	1181
test_5711	test	1146
test_5712	test	1077
test_5713	test	1082
test_5714	test	1043
test_5715	test	1117
test_5716	test	1124
test_5717	test	1175
test_5718	test	1204
test_5719	test	1060
test_5720	test	1030
test_5721	test	1208
test_5722	test	1056
test_5723	test	1042
test_5724	test	1166
test_5725	test	1084
test_5726	test	1184
test_5727	test	1209
test_5728	test	1191
test_5729	test	1097
test_5730	test	1046
test_5731	test	1074
test_5732	test	1077
test_5733	test	1107
test_5734	test	1066
test_5735	test	1018
test_5736	test	1134
test_5737	test	1186
test_5738	test	1149
test_5739	test	1171
test_5740	test	1065
test_5741	test	1106
test_5742	test	1040
test_5743	test	1002
test_5744	test	1078
test_5745	test	1080
test_5746	test	1103
test_5747	test	1121
test_5748	test	1145
test_5749	test	1107
test_5750	test	1100
test_5751	test	1022
test_5752	test	1082
test_5753	test	1099
test_5754	test	1188
test_5755	test	1057
test_5756	test	1042
test_5757	test	1123
test_5758	test	1176
test_5759	test	1133
test_5760	test	1053
test_5761	test	1135
test_5762	test	1048
test_5763	test	1137
test_5764	test	1073
test_5765	test	1062
test_5766	test	1061
test_5767	test	1077
test_5768	test	1078
test_5769	test	1040
test_5770	test	1165
test_5771	test	1078
test_5772	test	1083
test_5773	test	1074
test_5774	test	1106
test_5775	test	1066
test_5776	test	1176
test_5777	test	1070
test_5778	test	1030
test_5779	test	1149
test_5780	test	1138
test_5781	test	1002
test_5782	test	1018
test_5783	test	1006
test_5784	test	1166
test_5785	test	1107
test_5786	test	1004
test_5787	test	1002
test_5788	test	1196
test_5789	test	1197
test_5790	test	1124
test_5791	test	1187
test_5792	test	1082
test_5793	test	1018
test_5794	test	1092
test_5795	test	1042
test_5796	test	1012
test_5797	test	1083
test_5798	test	1188
test_5799	test	1097
test_5800	test	1157
test_5801	test	1204
test_5802	test	1091
test_5803	test	1111
test_5804	test	1109
test_5805	test	1044
test_5806	test	1163
test_5807	test	1198
test_5808	test	1046
test_5809	test	1096
test_5810	test	1201
test_5811	test	1201
test_5812	test	1060
test_5813	test	1099
test_5814	test	1141
test_5815	test	1071
test_5816	test	1072
test_5817	test	1024
test_5818	test	1051
test_5819	test	1141
test_5820	test	1117
test_5821	test	1031
test_5822	test	1186
test_5823	test	1099
test_5824	test	1102
test_5825	test	1196
test_5826	test	1027
test_5827	test	1166
test_5828	test	1043
test_5829	test	1096
test_5830	test	1150
test_5831	test	1071
test_5832	test	1043
test_5833	test	1132
test_5834	test	1185
test_5835	test	1112
test_5836	test	1164
test_5837	test	1124
test_5838	test	1008
test_5839	test	1037
test_5840	test	1056
test_5841	test	1145
test_5842	test	1055
test_5843	test	1083
test_5844	test	1079
test_5845	test	1084
test_5846	test	1077
test_5847	test	1122
test_5848	test	1177
test_5849	test	1077
test_5850	test	1151
test_5851	test	1175
test_5852	test	1002
test_5853	test	1006
test_5854	test	1208
test_5855	test	1037
test_5856	test	1175
test_5857	test	1075
test_5858	test	1042
test_5859	test	1046
test_5860	test	1114
test_5861	test	1134
test_5862	test	1199
test_5863	test	1005
test_5864	test	1206
test_5865	test	1207
test_5866	test	1027
test_5867	test	1120
test_5868	test	1027
test_5869	test	1192
test_5870	test	1015
test_5871	test	1043
test_5872	test	1185
test_5873	test	1016
test_5874	test	1009
test_5875	test	1185
test_5876	test	1087
test_5877	test	1178
test_5878	test	1089
test_5879	test	1089
test_5880	test	1040
test_5881	test	1088
test_5882	test	1066
test_5883	test	1078
test_5884	test	1145
test_5885	test	1111
test_5886	test	1151
test_5887	test	1109
test_5888	test	1200
test_5889	test	1170
test_5890	test	1014
test_5891	test	1070
test_5892	test	1205
test_5893	test	1056
test_5894	test	1144
test_5895	test	1030
test_5896	test	1002
test_5897	test	1053
test_5898	test	1183
test_5899	test	1008
test_5900	test	1200
test_5901	test	1053
test_5902	test	1137
test_5903	test	1123
test_5904	test	1019
test_5905	test	1067
test_5906	test	1002
test_5907	test	1045
test_5908	test	1023
test_5909	test	1006
test_5910	test	1005
test_5911	test	1014
test_5912	test	1059
test_5913	test	1039
test_5914	test	1027
test_5915	test	1183
test_5916	test	1105
test_5917	test	1184
test_5918	test	1039
test_5919	test	1201
test_5920	test	1024
test_5921	test	1115
test_5922	test	1000
test_5923	test	1175
test_5924	test	1090
test_5925	test	1048
test_5926	test	1125
test_5927	test	1168
test_5928	test	1109
test_5929	test	1102
test_5930	test	1046
test_5931	test	1099
test_5932	test	1080
test_5933	test	1043
test_5934	test	1171
test_5935	test	1007
test_5936	test	1187
test_5937	test	1056
test_5938	test	1164
test_5939	test	1152
test_5940	test	1027
test_5941	test	1113
test_5942	test	1154
test_5943	test	1055
test_5944	test	1014
test_5945	test	1082
test_5946	test	1007
test_5947	test	1040
test_5948	test	1070
test_5949	test	1059
test_5950	test	1002
test_5951	test	1057
test_5952	test	1124
test_5953	test	1051
test_5954	test	1189
test_5955	test	1158
test_5956	test	1014
test_5957	test	1153
test_5958	test	1134
test_5959	test	1076
test_5960	test	1099
test_5961	test	1081
test_5962	test	1081
test_5963	test	1007
test_5964	test	1029
test_5965	test	1041
test_5966	test	1049
test_5967	test	1156
test_5968	test	1183
test_5969	test	1071
test_5970	test	1152
test_5971	test	1042
test_5972	test	1166
test_5973	test	1029
test_5974	test	1105
test_5975	test	1117
test_5976	test	1049
test_5977	test	1191
test_5978	test	1095
test_5979	test	1100
test_5980	test	1083
test_5981	test	1102
test_5982	test	1024
test_5983	test	1006
test_5984	test	1207
test_5985	test	1061
test_5986	test	1002
test_5987	test	1044
test_5988	test	1043
test_5989	test	1115
test_5990	test	1166
test_5991	test	1158
test_5992	test	1203
test_5993	test	1150
test_5994	test	1062
test_5995	test	1198
test_5996	test	1137
test_5997	test	1159
test_5998	test	1103
test_5999	test	1113
test_6000	test	1002
test_6001	test	1111
test_6002	test	1204
test_6003	test	1030
test_6004	test	1147
test_6005	test	1022
test_6006	test	1035
test_6007	test	1090
test_6008	test	1021
test_6009	test	1078
test_6010	test	1152
test_6011	test	1159
test_6012	test	1020
test_6013	test	1094
test_6014	test	1026
test_6015	test	1009
test_6016	test	1049
test_6017	test	1095
test_6018	test	1097
test_6019	test	1202
test_6020	test	1083
test_6021	test	1072
test_6022	test	1129
test_6023	test	1095
test_6024	test	1061
test_6025	test	1143
test_6026	test	1022
test_6027	test	1059
test_6028	test	1035
test_6029	test	1002
test_6030	test	1089
test_6031	test	1126
test_6032	test	1205
test_6033	test	1124
test_6034	test	1038
test_6035	test	1190
test_6036	test	1095
test_6037	test	1089
test_6038	test	1029
test_6039	test	1122
test_6040	test	1125
test_6041	test	1161
test_6042	test	1179
test_6043	test	1181
test_6044	test	1070
test_6045	test	1095
test_6046	test	1132
test_6047	test	1129
test_6048	test	1005
test_6049	test	1048
test_6050	test	1003
test_6051	test	1017
test_6052	test	1154
test_6053	test	1030
test_6054	test	1038
test_6055	test	1018
test_6056	test	1078
test_6057	test	1135
test_6058	test	1031
test_6059	test	1089
test_6060	test	1180
test_6061	test	1109
test_6062	test	1176
test_6063	test	1197
test_6064	test	1143
test_6065	test	1145
test_6066	test	1002
test_6067	test	1198
test_6068	test	1069
test_6069	test	1099
test_6070	test	1092
test_6071	test	1056
test_6072	test	1046
test_6073	test	1175
test_6074	test	1161
test_6075	test	1159
test_6076	test	1015
test_6077	test	1011
test_6078	test	1110
test_6079	test	1120
test_6080	test	1085
test_6081	test	1083
test_6082	test	1028
test_6083	test	1200
test_6084	test	1152
test_6085	test	1007
test_6086	test	1070
test_6087	test	1077
test_6088	test	1083
test_6089	test	1154
test_6090	test	1085
test_6091	test	1073
test_6092	test	1098
test_6093	test	1085
test_6094	test	1089
test_6095	test	1087
test_6096	test	1082
test_6097	test	1001
test_6098	test	1138
test_6099	test	1071
test_6100	test	1045
test_6101	test	1184
test_6102	test	1020
test_6103	test	1027
test_6104	test	1002
test_6105	test	1125
test_6106	test	1109
test_6107	test	1147
test_6108	test	1025
test_6109	test	1206
test_6110	test	1150
test_6111	test	1051
test_6112	test	1028
test_6113	test	1110
test_6114	test	1076
test_6115	test	1000
test_6116	test	1120
test_6117	test	1012
test_6118	test	1207
test_6119	test	1102
test_6120	test	1099
test_6121	test	1017
test_6122	test	1032
test_6123	test	1135
test_6124	test	1041
test_6125	test	1033
test_6126	test	1188
test_6127	test	1178
test_6128	test	1090
test_6129	test	1025
test_6130	test	1003
test_6131	test	1059
test_6132	test	1178
test_6133	test	1171
test_6134	test	1043
test_6135	test	1070
test_6136	test	1123
test_6137	test	1167
test_6138	test	1014
test_6139	test	1055
test_6140	test	1037
test_6141	test	1102
test_6142	test	1069
test_6143	test	1171
test_6144	test	1002
test_6145	test	1097
test_6146	test	1060
test_6147	test	1069
test_6148	test	1112
test_6149	test	1018
test_6150	test	1003
test_6151	test	1197
test_6152	test	1077
test_6153	test	1154
test_6154	test	1123
test_6155	test	1066
test_6156	test	1060
test_6157	test	1016
test_6158	test	1181
test_6159	test	1051
test_6160	test	1185
test_6161	test	1154
test_6162	test	1008
test_6163	test	1158
test_6164	test	1025
test_6165	test	1014
test_6166	test	1008
test_6167	test	1016
test_6168	test	1143
test_6169	test	1089
test_6170	test	1042
test_6171	test	1049
test_6172	test	1068
test_6173	test	1149
test_6174	test	1093
test_6175	test	1148
test_6176	test	1046
test_6177	test	1062
test_6178	test	1183
test_6179	test	1150
test_6180	test	1078
test_6181	test	1119
test_6182	test	1073
test_6183	test	1066
test_6184	test	1182
test_6185	test	1045
test_6186	test	1032
test_6187	test	1042
test_6188	test	1002
test_6189	test	1120
test_6190	test	1160
test_6191	test	1118
test_6192	test	1074
test_6193	test	1106
test_6194	test	1160
test_6195	test	1027
test_6196	test	1085
test_6197	test	1006
test_6198	test	1027
test_6199	test	1175
test_6200	test	1158
test_6201	test	1073
test_6202	test	1103
test_6203	test	1115
test_6204	test	1185
test_6205	test	1076
test_6206	test	1095
test_6207	test	1034
test_6208	test	1076
test_6209	test	1057
test_6210	test	1160
test_6211	test	1089
test_6212	test	1098
test_6213	test	1061
test_6214	test	1046
test_6215	test	1078
test_6216	test	1124
test_6217	test	1137
test_6218	test	1046
test_6219	test	1077
test_6220	test	1184
test_6221	test	1164
test_6222	test	1175
test_6223	test	1024
test_6224	test	1020
test_6225	test	1057
test_6226	test	1088
test_6227	test	1098
test_6228	test	1006
test_6229	test	1134
test_6230	test	1067
test_6231	test	1030
test_6232	test	1088
test_6233	test	1121
test_6234	test	1135
test_6235	test	1044
test_6236	test	1094
test_6237	test	1017
test_6238	test	1082
test_6239	test	1123
test_6240	test	1206
test_6241	test	1166
test_6242	test	1123
test_6243	test	1179
test_6244	test	1026
test_6245	test	1052
test_6246	test	1068
test_6247	test	1070
test_6248	test	1088
test_6249	test	1118
test_6250	test	1018
test_6251	test	1106
test_6252	test	1055
test_6253	test	1206
test_6254	test	1199
test_6255	test	1029
test_6256	test	1069
test_6257	test	1043
test_6258	test	1066
test_6259	test	1111
test_6260	test	1206
test_6261	test	1059
test_6262	test	1183
test_6263	test	1107
test_6264	test	1040
test_6265	test	1016
test_6266	test	1025
test_6267	test	1115
test_6268	test	1052
test_6269	test	1055
test_6270	test	1147
test_6271	test	1044
test_6272	test	1113
test_6273	test	1017
test_6274	test	1116
test_6275	test	1204
test_6276	test	1096
test_6277	test	1057
test_6278	test	1026
test_6279	test	1018
test_6280	test	1146
test_6281	test	1171
test_6282	test	1126
test_6283	test	1070
test_6284	test	1116
test_6285	test	1085
test_6286	test	1081
test_6287	test	1204
test_6288	test	1091
test_6289	test	1096
test_6290	test	1095
test_6291	test	1061
test_6292	test	1020
test_6293	test	1019
test_6294	test	1040
test_6295	test	1027
test_6296	test	1077
test_6297	test	1140
test_6298	test	1198
test_6299	test	1140
test_6300	test	1183
test_6301	test	1057
test_6302	test	1061
test_6303	test	1143
test_6304	test	1074
test_6305	test	1066
test_6306	test	1184
test_6307	test	1055
test_6308	test	1185
test_6309	test	1016
test_6310	test	1000
test_6311	test	1019
test_6312	test	1026
test_6313	test	1000
test_6314	test	1041
test_6315	test	1005
test_6316	test	1031
test_6317	test	1109
test_6318	test	1032
test_6319	test	1071
test_6320	test	1164
test_6321	test	1141
test_6322	test	1077
test_6323	test	1166
test_6324	test	1164
test_6325	test	1052
test_6326	test	1072
test_6327	test	1099
test_6328	test	1088
test_6329	test	1209
test_6330	test	1197
test_6331	test	1003
test_6332	test	1141
test_6333	test	1150
test_6334	test	1123
test_6335	test	1207
test_6336	test	1077
test_6337	test	1179
test_6338	test	1166
test_6339	test	1035
test_6340	test	1198
test_6341	test	1068
test_6342	test	1149
test_6343	test	1061
test_6344	test	1041
test_6345	test	1068
test_6346	test	1089
test_6347	test	1133
test_6348	test	1005
test_6349	test	1083
test_6350	test	1076
test_6351	test	1051
test_6352	test	1180
test_6353	test	1183
test_6354	test	1118
test_6355	test	1150
test_6356	test	1104
test_6357	test	1124
test_6358	test	1101
test_6359	test	1170
test_6360	test	1003
test_6361	test	1044
test_6362	test	1140
test_6363	test	1085
test_6364	test	1024
test_6365	test	1000
test_6366	test	1065
test_6367	test	1096
test_6368	test	1074
test_6369	test	1051
test_6370	test	1150
test_6371	test	1208
test_6372	test	1072
test_6373	test	1041
test_6374	test	1037
test_6375	test	1000
test_6376	test	1018
test_6377	test	1102
test_6378	test	1041
test_6379	test	1060
test_6380	test	1124
test_6381	test	1063
test_6382	test	1103
test_6383	test	1035
test_6384	test	1051
test_6385	test	1149
test_6386	test	1108
test_6387	test	1191
test_6388	test	1022
test_6389	test	1002
test_6390	test	1199
test_6391	test	1087
test_6392	test	1020
test_6393	test	1016
test_6394	test	1145
test_6395	test	1158
test_6396	test	1140
test_6397	test	1150
test_6398	test	1092
test_6399	test	1112
test_6400	test	1037
test_6401	test	1184
test_6402	test	1032
test_6403	test	1076
test_6404	test	1080
test_6405	test	1139
test_6406	test	1035
test_6407	test	1141
test_6408	test	1085
test_6409	test	1052
test_6410	test	1198
test_6411	test	1140
test_6412	test	1118
test_6413	test	1035
test_6414	test	1051
test_6415	test	1111
test_6416	test	1181
test_6417	test	1125
test_6418	test	1062
test_6419	test	1005
test_6420	test	1136
test_6421	test	1025
test_6422	test	1177
test_6423	test	1196
test_6424	test	1074
test_6425	test	1164
test_6426	test	1154
test_6427	test	1165
test_6428	test	1157
test_6429	test	1015
test_6430	test	1118
test_6431	test	1042
test_6432	test	1020
test_6433	test	1080
test_6434	test	1049
test_6435	test	1018
test_6436	test	1071
test_6437	test	1016
test_6438	test	1088
test_6439	test	1186
test_6440	test	1030
test_6441	test	1002
test_6442	test	1071
test_6443	test	1145
test_6444	test	1019
test_6445	test	1006
test_6446	test	1111
test_6447	test	1115
test_6448	test	1022
test_6449	test	1058
test_6450	test	1129
test_6451	test	1078
test_6452	test	1127
test_6453	test	1039
test_6454	test	1112
test_6455	test	1015
test_6456	test	1021
test_6457	test	1139
test_6458	test	1039
test_6459	test	1156
test_6460	test	1165
test_6461	test	1189
test_6462	test	1187
test_6463	test	1007
test_6464	test	1002
test_6465	test	1208
test_6466	test	1068
test_6467	test	1167
test_6468	test	1009
test_6469	test	1159
test_6470	test	1078
test_6471	test	1177
test_6472	test	1099
test_6473	test	1061
test_6474	test	1207
test_6475	test	1095
test_6476	test	1115
test_6477	test	1181
test_6478	test	1089
test_6479	test	1041
test_6480	test	1198
test_6481	test	1028
test_6482	test	1173
test_6483	test	1134
test_6484	test	1046
test_6485	test	1035
test_6486	test	1039
test_6487	test	1208
test_6488	test	1110
test_6489	test	1122
test_6490	test	1018
test_6491	test	1154
test_6492	test	1169
test_6493	test	1102
test_6494	test	1029
test_6495	test	1038
test_6496	test	1071
test_6497	test	1007
test_6498	test	1023
test_6499	test	1148
test_6500	test	1117
test_6501	test	1041
test_6502	test	1116
test_6503	test	1139
test_6504	test	1171
test_6505	test	1118
test_6506	test	1129
test_6507	test	1121
test_6508	test	1044
test_6509	test	1127
test_6510	test	1109
test_6511	test	1024
test_6512	test	1004
test_6513	test	1014
test_6514	test	1094
test_6515	test	1207
test_6516	test	1026
test_6517	test	1078
test_6518	test	1121
test_6519	test	1014
test_6520	test	1046
test_6521	test	1119
test_6522	test	1006
test_6523	test	1014
test_6524	test	1037
test_6525	test	1035
test_6526	test	1194
test_6527	test	1130
test_6528	test	1068
test_6529	test	1115
test_6530	test	1134
test_6531	test	1113
test_6532	test	1029
test_6533	test	1200
test_6534	test	1103
test_6535	test	1157
test_6536	test	1184
test_6537	test	1076
test_6538	test	1109
test_6539	test	1089
test_6540	test	1123
test_6541	test	1206
test_6542	test	1039
test_6543	test	1102
test_6544	test	1207
test_6545	test	1068
test_6546	test	1102
test_6547	test	1183
test_6548	test	1124
test_6549	test	1189
test_6550	test	1057
test_6551	test	1018
test_6552	test	1041
test_6553	test	1120
test_6554	test	1181
test_6555	test	1083
test_6556	test	1098
test_6557	test	1165
test_6558	test	1104
test_6559	test	1155
test_6560	test	1026
test_6561	test	1202
test_6562	test	1026
test_6563	test	1107
test_6564	test	1005
test_6565	test	1032
test_6566	test	1141
test_6567	test	1115
test_6568	test	1037
test_6569	test	1040
test_6570	test	1069
test_6571	test	1088
test_6572	test	1034
test_6573	test	1206
test_6574	test	1155
test_6575	test	1092
test_6576	test	1171
test_6577	test	1073
test_6578	test	1124
test_6579	test	1003
test_6580	test	1105
test_6581	test	1016
test_6582	test	1028
test_6583	test	1040
test_6584	test	1028
test_6585	test	1151
test_6586	test	1059
test_6587	test	1184
test_6588	test	1188
test_6589	test	1120
test_6590	test	1109
test_6591	test	1015
test_6592	test	1177
test_6593	test	1060
test_6594	test	1056
test_6595	test	1088
test_6596	test	1044
test_6597	test	1070
test_6598	test	1068
test_6599	test	1175
test_6600	test	1000
test_6601	test	1143
test_6602	test	1063
test_6603	test	1098
test_6604	test	1076
test_6605	test	1032
test_6606	test	1103
test_6607	test	1070
test_6608	test	1083
test_6609	test	1087
test_6610	test	1078
test_6611	test	1193
test_6612	test	1059
test_6613	test	1109
test_6614	test	1102
test_6615	test	1186
test_6616	test	1188
test_6617	test	1164
test_6618	test	1089
test_6619	test	1056
test_6620	test	1059
test_6621	test	1003
test_6622	test	1078
test_6623	test	1132
test_6624	test	1109
test_6625	test	1134
test_6626	test	1019
test_6627	test	1059
test_6628	test	1159
test_6629	test	1200
test_6630	test	1112
test_6631	test	1204
test_6632	test	1183
test_6633	test	1042
test_6634	test	1191
test_6635	test	1166
test_6636	test	1207
test_6637	test	1032
test_6638	test	1037
test_6639	test	1167
test_6640	test	1007
test_6641	test	1169
test_6642	test	1081
test_6643	test	1109
test_6644	test	1207
test_6645	test	1132
test_6646	test	1026
test_6647	test	1030
test_6648	test	1134
test_6649	test	1033
test_6650	test	1113
test_6651	test	1091
test_6652	test	1046
test_6653	test	1006
test_6654	test	1077
test_6655	test	1175
test_6656	test	1120
test_6657	test	1035
test_6658	test	1179
test_6659	test	1103
test_6660	test	1099
test_6661	test	1177
test_6662	test	1037
test_6663	test	1113
test_6664	test	1166
test_6665	test	1007
test_6666	test	1004
test_6667	test	1164
test_6668	test	1091
test_6669	test	1183
test_6670	test	1207
test_6671	test	1050
test_6672	test	1174
test_6673	test	1180
test_6674	test	1003
test_6675	test	1051
test_6676	test	1000
test_6677	test	1001
test_6678	test	1166
test_6679	test	1103
test_6680	test	1143
test_6681	test	1078
test_6682	test	1087
test_6683	test	1018
test_6684	test	1037
test_6685	test	1205
test_6686	test	1012
test_6687	test	1099
test_6688	test	1069
test_6689	test	1175
test_6690	test	1098
test_6691	test	1032
test_6692	test	1113
test_6693	test	1158
test_6694	test	1127
test_6695	test	1053
test_6696	test	1011
test_6697	test	1044
test_6698	test	1053
test_6699	test	1200
test_6700	test	1074
test_6701	test	1014
test_6702	test	1185
test_6703	test	1202
test_6704	test	1025
test_6705	test	1090
test_6706	test	1015
test_6707	test	1080
test_6708	test	1139
test_6709	test	1069
test_6710	test	1100
test_6711	test	1085
test_6712	test	1051
test_6713	test	1123
test_6714	test	1062
test_6715	test	1059
test_6716	test	1034
test_6717	test	1020
test_6718	test	1194
test_6719	test	1022
test_6720	test	1037
test_6721	test	1080
test_6722	test	1062
test_6723	test	1031
test_6724	test	1017
test_6725	test	1005
test_6726	test	1099
test_6727	test	1087
test_6728	test	1018
test_6729	test	1077
test_6730	test	1183
test_6731	test	1041
test_6732	test	1206
test_6733	test	1107
test_6734	test	1118
test_6735	test	1143
test_6736	test	1051
test_6737	test	1076
test_6738	test	1103
test_6739	test	1088
test_6740	test	1101
test_6741	test	1016
test_6742	test	1072
test_6743	test	1066
test_6744	test	1027
test_6745	test	1008
test_6746	test	1149
test_6747	test	1077
test_6748	test	1073
test_6749	test	1115
test_6750	test	1149
test_6751	test	1134
test_6752	test	1059
test_6753	test	1154
test_6754	test	1007
test_6755	test	1100
test_6756	test	1059
test_6757	test	1076
test_6758	test	1020
test_6759	test	1034
test_6760	test	1140
test_6761	test	1179
test_6762	test	1206
test_6763	test	1206
test_6764	test	1145
test_6765	test	1109
test_6766	test	1196
test_6767	test	1080
test_6768	test	1183
test_6769	test	1029
test_6770	test	1186
test_6771	test	1113
test_6772	test	1100
test_6773	test	1164
test_6774	test	1177
test_6775	test	1027
test_6776	test	1020
test_6777	test	1175
test_6778	test	1009
test_6779	test	1014
test_6780	test	1006
test_6781	test	1008
test_6782	test	1108
test_6783	test	1071
test_6784	test	1003
test_6785	test	1009
test_6786	test	1084
test_6787	test	1068
test_6788	test	1051
test_6789	test	1207
test_6790	test	1152
test_6791	test	1104
test_6792	test	1146
test_6793	test	1049
test_6794	test	1130
test_6795	test	1076
test_6796	test	1199
test_6797	test	1177
test_6798	test	1112
test_6799	test	1105
test_6800	test	1137
test_6801	test	1141
test_6802	test	1113
test_6803	test	1020
test_6804	test	1162
test_6805	test	1113
test_6806	test	1016
test_6807	test	1116
test_6808	test	1188
test_6809	test	1078
test_6810	test	1090
test_6811	test	1049
test_6812	test	1030
test_6813	test	1053
test_6814	test	1034
test_6815	test	1057
test_6816	test	1191
test_6817	test	1060
test_6818	test	1025
test_6819	test	1132
test_6820	test	1051
test_6821	test	1020
test_6822	test	1029
test_6823	test	1020
test_6824	test	1191
test_6825	test	1118
test_6826	test	1004
test_6827	test	1145
test_6828	test	1040
test_6829	test	1154
test_6830	test	1002
test_6831	test	1024
test_6832	test	1198
test_6833	test	1144
test_6834	test	1015
test_6835	test	1066
test_6836	test	1070
test_6837	test	1100
test_6838	test	1091
test_6839	test	1020
test_6840	test	1026
test_6841	test	1191
test_6842	test	1139
test_6843	test	1196
test_6844	test	1029
test_6845	test	1029
test_6846	test	1103
test_6847	test	1002
test_6848	test	1025
test_6849	test	1197
test_6850	test	1166
test_6851	test	1162
test_6852	test	1049
test_6853	test	1127
test_6854	test	1144
test_6855	test	1104
test_6856	test	1028
test_6857	test	1141
test_6858	test	1166
test_6859	test	1166
test_6860	test	1038
test_6861	test	1041
test_6862	test	1117
test_6863	test	1014
test_6864	test	1019
test_6865	test	1017
test_6866	test	1049
test_6867	test	1098
test_6868	test	1018
test_6869	test	1057
test_6870	test	1188
test_6871	test	1098
test_6872	test	1006
test_6873	test	1073
test_6874	test	1027
test_6875	test	1018
test_6876	test	1147
test_6877	test	1113
test_6878	test	1177
test_6879	test	1209
test_6880	test	1069
test_6881	test	1180
test_6882	test	1057
test_6883	test	1077
test_6884	test	1037
test_6885	test	1072
test_6886	test	1177
test_6887	test	1208
test_6888	test	1160
test_6889	test	1090
test_6890	test	1192
test_6891	test	1155
test_6892	test	1024
test_6893	test	1077
test_6894	test	1053
test_6895	test	1072
test_6896	test	1090
test_6897	test	1044
test_6898	test	1143
test_6899	test	1110
test_6900	test	1017
test_6901	test	1140
test_6902	test	1183
test_6903	test	1031
test_6904	test	1002
test_6905	test	1025
test_6906	test	1020
test_6907	test	1022
test_6908	test	1000
test_6909	test	1031
test_6910	test	1088
test_6911	test	1033
test_6912	test	1198
test_6913	test	1204
test_6914	test	1177
test_6915	test	1016
test_6916	test	1012
test_6917	test	1204
test_6918	test	1091
test_6919	test	1044
test_6920	test	1024
test_6921	test	1097
test_6922	test	1176
test_6923	test	1078
test_6924	test	1191
test_6925	test	1084
test_6926	test	1057
test_6927	test	1147
test_6928	test	1183
test_6929	test	1111
test_6930	test	1016
test_6931	test	1164
test_6932	test	1088
test_6933	test	1053
test_6934	test	1197
test_6935	test	1077
test_6936	test	1127
test_6937	test	1166
test_6938	test	1007
test_6939	test	1197
test_6940	test	1121
test_6941	test	1052
test_6942	test	1019
test_6943	test	1042
test_6944	test	1006
test_6945	test	1099
test_6946	test	1061
test_6947	test	1193
test_6948	test	1078
test_6949	test	1201
test_6950	test	1078
test_6951	test	1017
test_6952	test	1091
test_6953	test	1035
test_6954	test	1073
test_6955	test	1151
test_6956	test	1141
test_6957	test	1107
test_6958	test	1024
test_6959	test	1081
test_6960	test	1124
test_6961	test	1111
test_6962	test	1025
test_6963	test	1123
test_6964	test	1071
test_6965	test	1049
test_6966	test	1155
test_6967	test	1150
test_6968	test	1025
test_6969	test	1208
test_6970	test	1011
test_6971	test	1024
test_6972	test	1106
test_6973	test	1101
test_6974	test	1166
test_6975	test	1170
test_6976	test	1029
test_6977	test	1076
test_6978	test	1081
test_6979	test	1193
test_6980	test	1183
test_6981	test	1107
test_6982	test	1125
test_6983	test	1110
test_6984	test	1109
test_6985	test	1158
test_6986	test	1191
test_6987	test	1030
test_6988	test	1091
test_6989	test	1191
test_6990	test	1072
test_6991	test	1002
test_6992	test	1164
test_6993	test	1027
test_6994	test	1025
test_6995	test	1185
test_6996	test	1097
test_6997	test	1168
test_6998	test	1019
test_6999	test	1076
test_7000	test	1053
test_7001	test	1120
test_7002	test	1198
test_7003	test	1022
test_7004	test	1152
test_7005	test	1025
test_7006	test	1056
test_7007	test	1083
test_7008	test	1088
test_7009	test	1052
test_7010	test	1018
test_7011	test	1132
test_7012	test	1175
test_7013	test	1019
test_7014	test	1171
test_7015	test	1100
test_7016	test	1133
test_7017	test	1158
test_7018	test	1049
test_7019	test	1003
test_7020	test	1067
test_7021	test	1185
test_7022	test	1005
test_7023	test	1172
test_7024	test	1060
test_7025	test	1175
test_7026	test	1162
test_7027	test	1151
test_7028	test	1190
test_7029	test	1194
test_7030	test	1061
test_7031	test	1171
test_7032	test	1065
test_7033	test	1089
test_7034	test	1154
test_7035	test	1151
test_7036	test	1019
test_7037	test	1172
test_7038	test	1164
test_7039	test	1098
test_7040	test	1016
test_7041	test	1179
test_7042	test	1106
test_7043	test	1196
test_7044	test	1005
test_7045	test	1109
test_7046	test	1129
test_7047	test	1158
test_7048	test	1118
test_7049	test	1183
test_7050	test	1173
test_7051	test	1103
test_7052	test	1053
test_7053	test	1147
test_7054	test	1166
test_7055	test	1022
test_7056	test	1202
test_7057	test	1025
test_7058	test	1154
test_7059	test	1098
test_7060	test	1049
test_7061	test	1163
test_7062	test	1082
test_7063	test	1149
test_7064	test	1034
test_7065	test	1006
test_7066	test	1109
test_7067	test	1137
test_7068	test	1080
test_7069	test	1057
test_7070	test	1084
test_7071	test	1051
test_7072	test	1059
test_7073	test	1001
test_7074	test	1164
test_7075	test	1002
test_7076	test	1207
test_7077	test	1043
test_7078	test	1193
test_7079	test	1118
test_7080	test	1092
test_7081	test	1164
test_7082	test	1008
test_7083	test	1046
test_7084	test	1075
test_7085	test	1197
test_7086	test	1089
test_7087	test	1113
test_7088	test	1149
test_7089	test	1025
test_7090	test	1071
test_7091	test	1209
test_7092	test	1165
test_7093	test	1008
test_7094	test	1074
test_7095	test	1160
test_7096	test	1041
test_7097	test	1162
test_7098	test	1002
test_7099	test	1030
test_7100	test	1103
test_7101	test	1026
test_7102	test	1009
test_7103	test	1084
test_7104	test	1180
test_7105	test	1197
test_7106	test	1127
test_7107	test	1181
test_7108	test	1077
test_7109	test	1030
test_7110	test	1189
test_7111	test	1009
test_7112	test	1032
test_7113	test	1097
test_7114	test	1197
test_7115	test	1097
test_7116	test	1135
test_7117	test	1194
test_7118	test	1072
test_7119	test	1129
test_7120	test	1030
test_7121	test	1006
test_7122	test	1073
test_7123	test	1183
test_7124	test	1061
test_7125	test	1069
test_7126	test	1131
test_7127	test	1196
test_7128	test	1015
test_7129	test	1150
test_7130	test	1140
test_7131	test	1030
test_7132	test	1090
test_7133	test	1110
test_7134	test	1042
test_7135	test	1071
test_7136	test	1052
test_7137	test	1113
test_7138	test	1078
test_7139	test	1091
test_7140	test	1147
test_7141	test	1001
test_7142	test	1074
test_7143	test	1171
test_7144	test	1095
test_7145	test	1003
test_7146	test	1154
test_7147	test	1079
test_7148	test	1207
test_7149	test	1061
test_7150	test	1012
test_7151	test	1014
test_7152	test	1026
test_7153	test	1019
test_7154	test	1198
test_7155	test	1089
test_7156	test	1058
test_7157	test	1159
test_7158	test	1103
test_7159	test	1141
test_7160	test	1208
test_7161	test	1194
test_7162	test	1023
test_7163	test	1077
test_7164	test	1006
test_7165	test	1110
test_7166	test	1074
test_7167	test	1186
test_7168	test	1021
test_7169	test	1019
test_7170	test	1089
test_7171	test	1141
test_7172	test	1174
test_7173	test	1088
test_7174	test	1204
test_7175	test	1183
test_7176	test	1011
test_7177	test	1030
test_7178	test	1087
test_7179	test	1057
test_7180	test	1186
test_7181	test	1088
test_7182	test	1158
test_7183	test	1076
test_7184	test	1124
test_7185	test	1043
test_7186	test	1165
test_7187	test	1017
test_7188	test	1046
test_7189	test	1025
test_7190	test	1128
test_7191	test	1032
test_7192	test	1150
test_7193	test	1007
test_7194	test	1161
test_7195	test	1040
test_7196	test	1053
test_7197	test	1055
test_7198	test	1079
test_7199	test	1090
test_7200	test	1130
test_7201	test	1070
test_7202	test	1026
test_7203	test	1143
test_7204	test	1207
test_7205	test	1056
test_7206	test	1103
test_7207	test	1048
test_7208	test	1070
test_7209	test	1150
test_7210	test	1171
test_7211	test	1061
test_7212	test	1001
test_7213	test	1059
test_7214	test	1115
test_7215	test	1067
test_7216	test	1003
test_7217	test	1053
test_7218	test	1146
test_7219	test	1114
test_7220	test	1046
test_7221	test	1092
test_7222	test	1109
test_7223	test	1201
test_7224	test	1073
test_7225	test	1130
test_7226	test	1019
test_7227	test	1087
test_7228	test	1082
test_7229	test	1173
test_7230	test	1092
test_7231	test	1056
test_7232	test	1179
test_7233	test	1154
test_7234	test	1173
test_7235	test	1080
test_7236	test	1099
test_7237	test	1095
test_7238	test	1002
test_7239	test	1043
test_7240	test	1132
test_7241	test	1046
test_7242	test	1026
test_7243	test	1191
test_7244	test	1170
test_7245	test	1079
test_7246	test	1124
test_7247	test	1005
test_7248	test	1084
test_7249	test	1121
test_7250	test	1055
test_7251	test	1118
test_7252	test	1032
test_7253	test	1122
test_7254	test	1055
test_7255	test	1022
test_7256	test	1171
test_7257	test	1078
test_7258	test	1164
test_7259	test	1147
test_7260	test	1003
test_7261	test	1113
test_7262	test	1099
test_7263	test	1008
test_7264	test	1106
test_7265	test	1040
test_7266	test	1155
test_7267	test	1061
test_7268	test	1011
test_7269	test	1110
test_7270	test	1132
test_7271	test	1028
test_7272	test	1095
test_7273	test	1164
test_7274	test	1076
test_7275	test	1098
test_7276	test	1121
test_7277	test	1083
test_7278	test	1058
test_7279	test	1084
test_7280	test	1121
test_7281	test	1097
test_7282	test	1186
test_7283	test	1040
test_7284	test	1027
test_7285	test	1009
test_7286	test	1039
test_7287	test	1111
test_7288	test	1095
test_7289	test	1170
test_7290	test	1125
test_7291	test	1060
test_7292	test	1137
test_7293	test	1142
test_7294	test	1115
test_7295	test	1107
test_7296	test	1171
test_7297	test	1018
test_7298	test	1056
test_7299	test	1084
test_7300	test	1074
test_7301	test	1183
test_7302	test	1198
test_7303	test	1155
test_7304	test	1037
test_7305	test	1041
test_7306	test	1029
test_7307	test	1124
test_7308	test	1030
test_7309	test	1003
test_7310	test	1135
test_7311	test	1042
test_7312	test	1050
test_7313	test	1044
test_7314	test	1026
test_7315	test	1160
test_7316	test	1140
test_7317	test	1025
test_7318	test	1029
test_7319	test	1044
test_7320	test	1035
test_7321	test	1154
test_7322	test	1113
test_7323	test	1048
test_7324	test	1141
test_7325	test	1073
test_7326	test	1041
test_7327	test	1022
test_7328	test	1151
test_7329	test	1079
test_7330	test	1012
test_7331	test	1123
test_7332	test	1079
test_7333	test	1107
test_7334	test	1133
test_7335	test	1081
test_7336	test	1053
test_7337	test	1059
test_7338	test	1039
test_7339	test	1198
test_7340	test	1025
test_7341	test	1186
test_7342	test	1101
test_7343	test	1071
test_7344	test	1075
test_7345	test	1009
test_7346	test	1070
test_7347	test	1202
test_7348	test	1034
test_7349	test	1085
test_7350	test	1196
test_7351	test	1176
test_7352	test	1001
test_7353	test	1053
test_7354	test	1197
test_7355	test	1077
test_7356	test	1141
test_7357	test	1094
test_7358	test	1053
test_7359	test	1072
test_7360	test	1152
test_7361	test	1098
test_7362	test	1041
test_7363	test	1161
test_7364	test	1052
test_7365	test	1080
test_7366	test	1137
test_7367	test	1166
test_7368	test	1118
test_7369	test	1137
test_7370	test	1016
test_7371	test	1095
test_7372	test	1112
test_7373	test	1181
test_7374	test	1044
test_7375	test	1018
test_7376	test	1175
test_7377	test	1185
test_7378	test	1208
test_7379	test	1087
test_7380	test	1200
test_7381	test	1159
test_7382	test	1200
test_7383	test	1099
test_7384	test	1030
test_7385	test	1006
test_7386	test	1099
test_7387	test	1095
test_7388	test	1184
test_7389	test	1131
test_7390	test	1091
test_7391	test	1072
test_7392	test	1179
test_7393	test	1132
test_7394	test	1198
test_7395	test	1144
test_7396	test	1133
test_7397	test	1121
test_7398	test	1000
test_7399	test	1162
test_7400	test	1059
test_7401	test	1016
test_7402	test	1070
test_7403	test	1144
test_7404	test	1012
test_7405	test	1202
test_7406	test	1024
test_7407	test	1153
test_7408	test	1099
test_7409	test	1132
test_7410	test	1194
test_7411	test	1100
test_7412	test	1175
test_7413	test	1017
test_7414	test	1025
test_7415	test	1109
test_7416	test	1069
test_7417	test	1019
test_7418	test	1144
test_7419	test	1102
test_7420	test	1035
test_7421	test	1125
test_7422	test	1154
test_7423	test	1037
test_7424	test	1015
test_7425	test	1031
test_7426	test	1089
test_7427	test	1049
test_7428	test	1037
test_7429	test	1051
test_7430	test	1123
test_7431	test	1140
test_7432	test	1062
test_7433	test	1198
test_7434	test	1202
test_7435	test	1057
test_7436	test	1103
test_7437	test	1153
test_7438	test	1018
test_7439	test	1029
test_7440	test	1103
test_7441	test	1064
test_7442	test	1079
test_7443	test	1068
test_7444	test	1143
test_7445	test	1055
test_7446	test	1099
test_7447	test	1020
test_7448	test	1038
test_7449	test	1028
test_7450	test	1103
test_7451	test	1098
test_7452	test	1002
test_7453	test	1125
test_7454	test	1183
test_7455	test	1096
test_7456	test	1121
test_7457	test	1032
test_7458	test	1031
test_7459	test	1112
test_7460	test	1156
test_7461	test	1185
test_7462	test	1168
test_7463	test	1083
test_7464	test	1054
test_7465	test	1150
test_7466	test	1131
test_7467	test	1190
test_7468	test	1031
test_7469	test	1029
test_7470	test	1098
test_7471	test	1115
test_7472	test	1082
test_7473	test	1030
test_7474	test	1126
test_7475	test	1077
test_7476	test	1110
test_7477	test	1197
test_7478	test	1085
test_7479	test	1106
test_7480	test	1008
test_7481	test	1195
test_7482	test	1170
test_7483	test	1064
test_7484	test	1034
test_7485	test	1073
test_7486	test	1076
test_7487	test	1012
test_7488	test	1197
test_7489	test	1068
test_7490	test	1201
test_7491	test	1036
test_7492	test	1041
test_7493	test	1009
test_7494	test	1175
test_7495	test	1125
test_7496	test	1158
test_7497	test	1201
test_7498	test	1006
test_7499	test	1146
test_7500	test	1150
test_7501	test	1163
test_7502	test	1034
test_7503	test	1073
test_7504	test	1178
test_7505	test	1037
test_7506	test	1009
test_7507	test	1099
test_7508	test	1029
test_7509	test	1130
test_7510	test	1078
test_7511	test	1020
test_7512	test	1023
test_7513	test	1165
test_7514	test	1177
test_7515	test	1079
test_7516	test	1061
test_7517	test	1146
test_7518	test	1069
test_7519	test	1083
test_7520	test	1006
test_7521	test	1147
test_7522	test	1139
test_7523	test	1035
test_7524	test	1061
test_7525	test	1193
test_7526	test	1204
test_7527	test	1207
test_7528	test	1007
test_7529	test	1059
test_7530	test	1150
test_7531	test	1113
test_7532	test	1113
test_7533	test	1020
test_7534	test	1109
test_7535	test	1205
test_7536	test	1165
test_7537	test	1165
test_7538	test	1095
test_7539	test	1197
test_7540	test	1007
test_7541	test	1133
test_7542	test	1129
test_7543	test	1177
test_7544	test	1174
test_7545	test	1157
test_7546	test	1078
test_7547	test	1077
test_7548	test	1158
test_7549	test	1140
test_7550	test	1170
test_7551	test	1030
test_7552	test	1006
test_7553	test	1203
test_7554	test	1008
test_7555	test	1106
test_7556	test	1000
test_7557	test	1194
test_7558	test	1202
test_7559	test	1039
test_7560	test	1165
test_7561	test	1012
test_7562	test	1146
test_7563	test	1044
test_7564	test	1186
test_7565	test	1141
test_7566	test	1061
test_7567	test	1162
test_7568	test	1190
test_7569	test	1136
test_7570	test	1024
test_7571	test	1064
test_7572	test	1158
test_7573	test	1109
test_7574	test	1166
test_7575	test	1065
test_7576	test	1097
test_7577	test	1165
test_7578	test	1187
test_7579	test	1029
test_7580	test	1205
test_7581	test	1074
test_7582	test	1031
test_7583	test	1098
test_7584	test	1175
test_7585	test	1164
test_7586	test	1103
test_7587	test	1031
test_7588	test	1150
test_7589	test	1108
test_7590	test	1193
test_7591	test	1202
test_7592	test	1059
test_7593	test	1185
test_7594	test	1024
test_7595	test	1022
test_7596	test	1146
test_7597	test	1035
test_7598	test	1016
test_7599	test	1090
test_7600	test	1066
test_7601	test	1107
test_7602	test	1023
test_7603	test	1027
test_7604	test	1107
test_7605	test	1019
test_7606	test	1026
test_7607	test	1078
test_7608	test	1041
test_7609	test	1204
test_7610	test	1166
test_7611	test	1087
test_7612	test	1068
test_7613	test	1117
test_7614	test	1146
test_7615	test	1158
test_7616	test	1002
test_7617	test	1053
test_7618	test	1089
test_7619	test	1207
test_7620	test	1053
test_7621	test	1078
test_7622	test	1069
test_7623	test	1104
test_7624	test	1056
test_7625	test	1059
test_7626	test	1192
test_7627	test	1083
test_7628	test	1091
test_7629	test	1147
test_7630	test	1189
test_7631	test	1052
test_7632	test	1078
test_7633	test	1076
test_7634	test	1007
test_7635	test	1005
test_7636	test	1029
test_7637	test	1171
test_7638	test	1037
test_7639	test	1050
test_7640	test	1170
test_7641	test	1177
test_7642	test	1148
test_7643	test	1164
test_7644	test	1074
test_7645	test	1028
test_7646	test	1031
test_7647	test	1151
test_7648	test	1042
test_7649	test	1022
test_7650	test	1055
test_7651	test	1031
test_7652	test	1006
test_7653	test	1114
test_7654	test	1114
test_7655	test	1083
test_7656	test	1185
test_7657	test	1008
test_7658	test	1104
test_7659	test	1089
test_7660	test	1118
test_7661	test	1079
test_7662	test	1060
test_7663	test	1117
test_7664	test	1115
test_7665	test	1082
test_7666	test	1095
test_7667	test	1165
test_7668	test	1035
test_7669	test	1005
test_7670	test	1025
test_7671	test	1045
test_7672	test	1009
test_7673	test	1168
test_7674	test	1180
test_7675	test	1042
test_7676	test	1090
test_7677	test	1039
test_7678	test	1031
test_7679	test	1132
test_7680	test	1042
test_7681	test	1002
test_7682	test	1126
test_7683	test	1189
test_7684	test	1164
test_7685	test	1035
test_7686	test	1007
test_7687	test	1036
test_7688	test	1046
test_7689	test	1037
test_7690	test	1123
test_7691	test	1147
test_7692	test	1070
test_7693	test	1022
test_7694	test	1185
test_7695	test	1035
test_7696	test	1094
test_7697	test	1085
test_7698	test	1073
test_7699	test	1132
test_7700	test	1158
test_7701	test	1068
test_7702	test	1158
test_7703	test	1132
test_7704	test	1162
test_7705	test	1073
test_7706	test	1197
test_7707	test	1099
test_7708	test	1118
test_7709	test	1065
test_7710	test	1185
test_7711	test	1054
test_7712	test	1079
test_7713	test	1136
test_7714	test	1103
test_7715	test	1124
test_7716	test	1125
test_7717	test	1144
test_7718	test	1051
test_7719	test	1068
test_7720	test	1112
test_7721	test	1028
test_7722	test	1012
test_7723	test	1003
test_7724	test	1099
test_7725	test	1185
test_7726	test	1095
test_7727	test	1053
test_7728	test	1202
test_7729	test	1032
test_7730	test	1098
test_7731	test	1179
test_7732	test	1104
test_7733	test	1087
test_7734	test	1007
test_7735	test	1109
test_7736	test	1112
test_7737	test	1026
test_7738	test	1081
test_7739	test	1207
test_7740	test	1162
test_7741	test	1017
test_7742	test	1015
test_7743	test	1031
test_7744	test	1051
test_7745	test	1077
test_7746	test	1151
test_7747	test	1018
test_7748	test	1172
test_7749	test	1070
test_7750	test	1118
test_7751	test	1085
test_7752	test	1140
test_7753	test	1164
test_7754	test	1024
test_7755	test	1131
test_7756	test	1184
test_7757	test	1165
test_7758	test	1188
test_7759	test	1099
test_7760	test	1168
test_7761	test	1186
test_7762	test	1044
test_7763	test	1080
test_7764	test	1049
test_7765	test	1176
test_7766	test	1110
test_7767	test	1030
test_7768	test	1158
test_7769	test	1185
test_7770	test	1094
test_7771	test	1066
test_7772	test	1075
test_7773	test	1133
test_7774	test	1136
test_7775	test	1031
test_7776	test	1129
test_7777	test	1017
test_7778	test	1015
test_7779	test	1097
test_7780	test	1129
test_7781	test	1000
test_7782	test	1080
test_7783	test	1149
test_7784	test	1198
test_7785	test	1185
test_7786	test	1153
test_7787	test	1135
test_7788	test	1169
test_7789	test	1154
test_7790	test	1002
test_7791	test	1201
test_7792	test	1148
test_7793	test	1155
test_7794	test	1162
test_7795	test	1206
test_7796	test	1207
test_7797	test	1127
test_7798	test	1198
test_7799	test	1037
test_7800	test	1110
test_7801	test	1075
test_7802	test	1045
test_7803	test	1130
test_7804	test	1068
test_7805	test	1055
test_7806	test	1149
test_7807	test	1037
test_7808	test	1184
test_7809	test	1079
test_7810	test	1072
test_7811	test	1044
test_7812	test	1015
test_7813	test	1200
test_7814	test	1011
test_7815	test	1059
test_7816	test	1178
test_7817	test	1039
test_7818	test	1023
test_7819	test	1139
test_7820	test	1109
test_7821	test	1014
test_7822	test	1044
test_7823	test	1039
test_7824	test	1043
test_7825	test	1045
test_7826	test	1000
test_7827	test	1130
test_7828	test	1181
test_7829	test	1185
test_7830	test	1054
test_7831	test	1177
test_7832	test	1193
test_7833	test	1007
test_7834	test	1049
test_7835	test	1061
test_7836	test	1069
test_7837	test	1127
test_7838	test	1095
test_7839	test	1207
test_7840	test	1039
test_7841	test	1087
test_7842	test	1029
test_7843	test	1135
test_7844	test	1082
test_7845	test	1082
test_7846	test	1207
test_7847	test	1035
test_7848	test	1171
test_7849	test	1088
test_7850	test	1049
test_7851	test	1181
test_7852	test	1033
test_7853	test	1203
test_7854	test	1118
test_7855	test	1073
test_7856	test	1095
test_7857	test	1177
test_7858	test	1088
test_7859	test	1051
test_7860	test	1124
test_7861	test	1171
test_7862	test	1121
test_7863	test	1207
test_7864	test	1141
test_7865	test	1110
test_7866	test	1185
test_7867	test	1014
test_7868	test	1151
test_7869	test	1140
test_7870	test	1055
test_7871	test	1202
test_7872	test	1109
test_7873	test	1112
test_7874	test	1191
test_7875	test	1179
test_7876	test	1079
test_7877	test	1144
test_7878	test	1039
test_7879	test	1184
test_7880	test	1043
test_7881	test	1109
test_7882	test	1004
test_7883	test	1208
test_7884	test	1025
test_7885	test	1179
test_7886	test	1058
test_7887	test	1052
test_7888	test	1036
test_7889	test	1076
test_7890	test	1037
test_7891	test	1171
test_7892	test	1018
test_7893	test	1184
test_7894	test	1056
test_7895	test	1075
test_7896	test	1007
test_7897	test	1079
test_7898	test	1166
test_7899	test	1017
test_7900	test	1042
test_7901	test	1059
test_7902	test	1020
test_7903	test	1109
test_7904	test	1027
test_7905	test	1197
test_7906	test	1015
test_7907	test	1104
test_7908	test	1111
test_7909	test	1095
test_7910	test	1020
test_7911	test	1043
test_7912	test	1042
test_7913	test	1025
test_7914	test	1073
test_7915	test	1057
test_7916	test	1097
test_7917	test	1031
test_7918	test	1106
test_7919	test	1027
test_7920	test	1053
test_7921	test	1193
test_7922	test	1118
test_7923	test	1077
test_7924	test	1056
test_7925	test	1032
test_7926	test	1046
test_7927	test	1026
test_7928	test	1138
test_7929	test	1126
test_7930	test	1109
test_7931	test	1005
test_7932	test	1109
test_7933	test	1117
test_7934	test	1155
test_7935	test	1040
test_7936	test	1081
test_7937	test	1137
test_7938	test	1141
test_7939	test	1132
test_7940	test	1134
test_7941	test	1074
test_7942	test	1041
test_7943	test	1057
test_7944	test	1139
test_7945	test	1097
test_7946	test	1197
test_7947	test	1099
test_7948	test	1040
test_7949	test	1064
test_7950	test	1138
test_7951	test	1071
test_7952	test	1118
test_7953	test	1101
test_7954	test	1116
test_7955	test	1000
test_7956	test	1005
test_7957	test	1017
test_7958	test	1205
test_7959	test	1061
test_7960	test	1014
test_7961	test	1056
test_7962	test	1037
test_7963	test	1029
test_7964	test	1159
test_7965	test	1024
test_7966	test	1184
test_7967	test	1098
test_7968	test	1056
test_7969	test	1023
test_7970	test	1023
test_7971	test	1064
test_7972	test	1124
test_7973	test	1165
test_7974	test	1174
test_7975	test	1001
test_7976	test	1175
test_7977	test	1137
test_7978	test	1131
test_7979	test	1135
test_7980	test	1083
test_7981	test	1129
test_7982	test	1053
test_7983	test	1018
test_7984	test	1093
test_7985	test	1003
test_7986	test	1032
test_7987	test	1042
test_7988	test	1145
test_7989	test	1048
test_7990	test	1127
test_7991	test	1026
test_7992	test	1057
test_7993	test	1186
test_7994	test	1183
test_7995	test	1153
test_7996	test	1175
test_7997	test	1163
test_7998	test	1028
test_7999	test	1164
test_8000	test	1025
test_8001	test	1055
test_8002	test	1007
test_8003	test	1087
test_8004	test	1031
test_8005	test	1076
test_8006	test	1039
test_8007	test	1027
test_8008	test	1026
test_8009	test	1082
test_8010	test	1000
test_8011	test	1151
test_8012	test	1188
test_8013	test	1179
test_8014	test	1172
test_8015	test	1004
test_8016	test	1075
test_8017	test	1041
test_8018	test	1102
test_8019	test	1118
test_8020	test	1113
test_8021	test	1060
test_8022	test	1207
test_8023	test	1207
test_8024	test	1018
test_8025	test	1104
test_8026	test	1190
test_8027	test	1141
test_8028	test	1177
test_8029	test	1021
test_8030	test	1158
test_8031	test	1083
test_8032	test	1015
test_8033	test	1115
test_8034	test	1163
test_8035	test	1059
test_8036	test	1044
test_8037	test	1105
test_8038	test	1183
test_8039	test	1128
test_8040	test	1049
test_8041	test	1208
test_8042	test	1072
test_8043	test	1099
test_8044	test	1111
test_8045	test	1024
test_8046	test	1006
test_8047	test	1073
test_8048	test	1109
test_8049	test	1091
test_8050	test	1065
test_8051	test	1188
test_8052	test	1002
test_8053	test	1073
test_8054	test	1031
test_8055	test	1205
test_8056	test	1151
test_8057	test	1135
test_8058	test	1072
test_8059	test	1108
test_8060	test	1046
test_8061	test	1030
test_8062	test	1051
test_8063	test	1044
test_8064	test	1002
test_8065	test	1195
test_8066	test	1175
test_8067	test	1029
test_8068	test	1032
test_8069	test	1011
test_8070	test	1078
test_8071	test	1113
test_8072	test	1070
test_8073	test	1065
test_8074	test	1026
test_8075	test	1028
test_8076	test	1137
test_8077	test	1188
test_8078	test	1090
test_8079	test	1184
test_8080	test	1006
test_8081	test	1051
test_8082	test	1057
test_8083	test	1040
test_8084	test	1039
test_8085	test	1002
test_8086	test	1064
test_8087	test	1151
test_8088	test	1167
test_8089	test	1042
test_8090	test	1091
test_8091	test	1025
test_8092	test	1032
test_8093	test	1008
test_8094	test	1154
test_8095	test	1018
test_8096	test	1050
test_8097	test	1170
test_8098	test	1107
test_8099	test	1188
test_8100	test	1018
test_8101	test	1042
test_8102	test	1078
test_8103	test	1097
test_8104	test	1083
test_8105	test	1134
test_8106	test	1140
test_8107	test	1126
test_8108	test	1022
test_8109	test	1116
test_8110	test	1131
test_8111	test	1032
test_8112	test	1053
test_8113	test	1071
test_8114	test	1159
test_8115	test	1197
test_8116	test	1046
test_8117	test	1143
test_8118	test	1196
test_8119	test	1056
test_8120	test	1138
test_8121	test	1092
test_8122	test	1151
test_8123	test	1012
test_8124	test	1025
test_8125	test	1045
test_8126	test	1071
test_8127	test	1001
test_8128	test	1131
test_8129	test	1092
test_8130	test	1201
test_8131	test	1069
test_8132	test	1091
test_8133	test	1088
test_8134	test	1003
test_8135	test	1194
test_8136	test	1095
test_8137	test	1076
test_8138	test	1078
test_8139	test	1207
test_8140	test	1171
test_8141	test	1030
test_8142	test	1008
test_8143	test	1068
test_8144	test	1007
test_8145	test	1046
test_8146	test	1093
test_8147	test	1089
test_8148	test	1026
test_8149	test	1049
test_8150	test	1120
test_8151	test	1029
test_8152	test	1023
test_8153	test	1051
test_8154	test	1141
test_8155	test	1133
test_8156	test	1126
test_8157	test	1201
test_8158	test	1078
test_8159	test	1132
test_8160	test	1083
test_8161	test	1098
test_8162	test	1018
test_8163	test	1067
test_8164	test	1200
test_8165	test	1178
test_8166	test	1077
test_8167	test	1028
test_8168	test	1177
test_8169	test	1082
test_8170	test	1190
test_8171	test	1075
test_8172	test	1099
test_8173	test	1034
test_8174	test	1205
test_8175	test	1152
test_8176	test	1066
test_8177	test	1147
test_8178	test	1043
test_8179	test	1045
test_8180	test	1201
test_8181	test	1018
test_8182	test	1049
test_8183	test	1085
test_8184	test	1183
test_8185	test	1151
test_8186	test	1002
test_8187	test	1018
test_8188	test	1193
test_8189	test	1188
test_8190	test	1189
test_8191	test	1185
test_8192	test	1191
test_8193	test	1071
test_8194	test	1053
test_8195	test	1071
test_8196	test	1028
test_8197	test	1007
test_8198	test	1034
test_8199	test	1041
test_8200	test	1085
test_8201	test	1092
test_8202	test	1006
test_8203	test	1103
test_8204	test	1075
test_8205	test	1107
test_8206	test	1016
test_8207	test	1183
test_8208	test	1069
test_8209	test	1153
test_8210	test	1030
test_8211	test	1162
test_8212	test	1197
test_8213	test	1171
test_8214	test	1016
test_8215	test	1140
test_8216	test	1193
test_8217	test	1044
test_8218	test	1026
test_8219	test	1113
test_8220	test	1096
test_8221	test	1099
test_8222	test	1041
test_8223	test	1022
test_8224	test	1101
test_8225	test	1056
test_8226	test	1196
test_8227	test	1165
test_8228	test	1152
test_8229	test	1007
test_8230	test	1005
test_8231	test	1035
test_8232	test	1073
test_8233	test	1062
test_8234	test	1064
test_8235	test	1018
test_8236	test	1196
test_8237	test	1135
test_8238	test	1095
test_8239	test	1106
test_8240	test	1006
test_8241	test	1098
test_8242	test	1053
test_8243	test	1107
test_8244	test	1045
test_8245	test	1194
test_8246	test	1056
test_8247	test	1030
test_8248	test	1185
test_8249	test	1003
test_8250	test	1127
test_8251	test	1016
test_8252	test	1161
test_8253	test	1087
test_8254	test	1031
test_8255	test	1044
test_8256	test	1044
test_8257	test	1039
test_8258	test	1072
test_8259	test	1037
test_8260	test	1096
test_8261	test	1179
test_8262	test	1087
test_8263	test	1068
test_8264	test	1083
test_8265	test	1028
test_8266	test	1115
test_8267	test	1068
test_8268	test	1103
test_8269	test	1069
test_8270	test	1005
test_8271	test	1090
test_8272	test	1154
test_8273	test	1209
test_8274	test	1071
test_8275	test	1042
test_8276	test	1081
test_8277	test	1046
test_8278	test	1043
test_8279	test	1017
test_8280	test	1014
test_8281	test	1181
test_8282	test	1049
test_8283	test	1164
test_8284	test	1134
test_8285	test	1125
test_8286	test	1062
test_8287	test	1039
test_8288	test	1120
test_8289	test	1182
test_8290	test	1099
test_8291	test	1085
test_8292	test	1203
test_8293	test	1052
test_8294	test	1115
test_8295	test	1000
test_8296	test	1039
test_8297	test	1115
test_8298	test	1075
test_8299	test	1037
test_8300	test	1194
test_8301	test	1057
test_8302	test	1121
test_8303	test	1039
test_8304	test	1151
test_8305	test	1141
test_8306	test	1179
test_8307	test	1025
test_8308	test	1003
test_8309	test	1045
test_8310	test	1035
test_8311	test	1091
test_8312	test	1150
test_8313	test	1019
test_8314	test	1064
test_8315	test	1037
test_8316	test	1167
test_8317	test	1098
test_8318	test	1017
test_8319	test	1053
test_8320	test	1092
test_8321	test	1053
test_8322	test	1184
test_8323	test	1198
test_8324	test	1140
test_8325	test	1155
test_8326	test	1136
test_8327	test	1129
test_8328	test	1128
test_8329	test	1015
test_8330	test	1009
test_8331	test	1070
test_8332	test	1151
test_8333	test	1183
test_8334	test	1053
test_8335	test	1113
test_8336	test	1073
test_8337	test	1065
test_8338	test	1053
test_8339	test	1200
test_8340	test	1181
test_8341	test	1110
test_8342	test	1182
test_8343	test	1039
test_8344	test	1062
test_8345	test	1164
test_8346	test	1115
test_8347	test	1071
test_8348	test	1031
test_8349	test	1076
test_8350	test	1123
test_8351	test	1171
test_8352	test	1002
test_8353	test	1057
test_8354	test	1123
test_8355	test	1058
test_8356	test	1005
test_8357	test	1037
test_8358	test	1045
test_8359	test	1085
test_8360	test	1207
test_8361	test	1179
test_8362	test	1078
test_8363	test	1008
test_8364	test	1159
test_8365	test	1177
test_8366	test	1200
test_8367	test	1037
test_8368	test	1005
test_8369	test	1069
test_8370	test	1076
test_8371	test	1133
test_8372	test	1091
test_8373	test	1012
test_8374	test	1175
test_8375	test	1004
test_8376	test	1207
test_8377	test	1197
test_8378	test	1197
test_8379	test	1207
test_8380	test	1164
test_8381	test	1085
test_8382	test	1039
test_8383	test	1080
test_8384	test	1089
test_8385	test	1123
test_8386	test	1189
test_8387	test	1068
test_8388	test	1137
test_8389	test	1066
test_8390	test	1031
test_8391	test	1147
test_8392	test	1142
test_8393	test	1116
test_8394	test	1042
test_8395	test	1158
test_8396	test	1203
test_8397	test	1007
test_8398	test	1078
test_8399	test	1056
test_8400	test	1109
test_8401	test	1094
test_8402	test	1030
test_8403	test	1102
test_8404	test	1208
test_8405	test	1006
test_8406	test	1115
test_8407	test	1026
test_8408	test	1014
test_8409	test	1003
test_8410	test	1021
test_8411	test	1038
test_8412	test	1060
test_8413	test	1194
test_8414	test	1207
test_8415	test	1100
test_8416	test	1079
test_8417	test	1100
test_8418	test	1072
test_8419	test	1064
test_8420	test	1028
test_8421	test	1078
test_8422	test	1012
test_8423	test	1050
test_8424	test	1185
test_8425	test	1189
test_8426	test	1011
test_8427	test	1006
test_8428	test	1055
test_8429	test	1149
test_8430	test	1043
test_8431	test	1107
test_8432	test	1057
test_8433	test	1081
test_8434	test	1020
test_8435	test	1183
test_8436	test	1074
test_8437	test	1203
test_8438	test	1141
test_8439	test	1202
test_8440	test	1099
test_8441	test	1110
test_8442	test	1192
test_8443	test	1071
test_8444	test	1127
test_8445	test	1039
test_8446	test	1007
test_8447	test	1037
test_8448	test	1208
test_8449	test	1115
test_8450	test	1158
test_8451	test	1074
test_8452	test	1069
test_8453	test	1135
test_8454	test	1024
test_8455	test	1026
test_8456	test	1206
test_8457	test	1102
test_8458	test	1017
test_8459	test	1016
test_8460	test	1075
test_8461	test	1084
test_8462	test	1153
test_8463	test	1007
test_8464	test	1087
test_8465	test	1017
test_8466	test	1171
test_8467	test	1172
test_8468	test	1091
test_8469	test	1186
test_8470	test	1158
test_8471	test	1059
test_8472	test	1066
test_8473	test	1036
test_8474	test	1175
test_8475	test	1069
test_8476	test	1197
test_8477	test	1072
test_8478	test	1032
test_8479	test	1142
test_8480	test	1175
test_8481	test	1035
test_8482	test	1042
test_8483	test	1017
test_8484	test	1149
test_8485	test	1107
test_8486	test	1195
test_8487	test	1081
test_8488	test	1097
test_8489	test	1182
test_8490	test	1029
test_8491	test	1085
test_8492	test	1051
test_8493	test	1175
test_8494	test	1078
test_8495	test	1055
test_8496	test	1181
test_8497	test	1194
test_8498	test	1129
test_8499	test	1072
test_8500	test	1030
test_8501	test	1056
test_8502	test	1103
test_8503	test	1043
test_8504	test	1151
test_8505	test	1141
test_8506	test	1035
test_8507	test	1188
test_8508	test	1102
test_8509	test	1078
test_8510	test	1006
test_8511	test	1076
test_8512	test	1083
test_8513	test	1019
test_8514	test	1131
test_8515	test	1077
test_8516	test	1140
test_8517	test	1158
test_8518	test	1020
test_8519	test	1076
test_8520	test	1208
test_8521	test	1044
test_8522	test	1097
test_8523	test	1020
test_8524	test	1020
test_8525	test	1073
test_8526	test	1140
test_8527	test	1044
test_8528	test	1140
test_8529	test	1165
test_8530	test	1126
test_8531	test	1175
test_8532	test	1092
test_8533	test	1110
test_8534	test	1014
test_8535	test	1034
test_8536	test	1001
test_8537	test	1103
test_8538	test	1126
test_8539	test	1198
test_8540	test	1074
test_8541	test	1052
test_8542	test	1171
test_8543	test	1015
test_8544	test	1183
test_8545	test	1067
test_8546	test	1035
test_8547	test	1192
test_8548	test	1025
test_8549	test	1164
test_8550	test	1011
test_8551	test	1031
test_8552	test	1159
test_8553	test	1011
test_8554	test	1204
test_8555	test	1128
test_8556	test	1104
test_8557	test	1012
test_8558	test	1078
test_8559	test	1000
test_8560	test	1165
test_8561	test	1161
test_8562	test	1158
test_8563	test	1059
test_8564	test	1175
test_8565	test	1007
test_8566	test	1060
test_8567	test	1043
test_8568	test	1023
test_8569	test	1105
test_8570	test	1044
test_8571	test	1007
test_8572	test	1043
test_8573	test	1008
test_8574	test	1100
test_8575	test	1198
test_8576	test	1100
test_8577	test	1050
test_8578	test	1139
test_8579	test	1006
test_8580	test	1091
test_8581	test	1069
test_8582	test	1059
test_8583	test	1115
test_8584	test	1119
test_8585	test	1061
test_8586	test	1102
test_8587	test	1031
test_8588	test	1056
test_8589	test	1056
test_8590	test	1184
test_8591	test	1207
test_8592	test	1131
test_8593	test	1101
test_8594	test	1048
test_8595	test	1035
test_8596	test	1078
test_8597	test	1059
test_8598	test	1170
test_8599	test	1002
test_8600	test	1190
test_8601	test	1141
test_8602	test	1194
test_8603	test	1209
test_8604	test	1027
test_8605	test	1194
test_8606	test	1068
test_8607	test	1072
test_8608	test	1198
test_8609	test	1160
test_8610	test	1053
test_8611	test	1194
test_8612	test	1066
test_8613	test	1103
test_8614	test	1133
test_8615	test	1166
test_8616	test	1089
test_8617	test	1168
test_8618	test	1158
test_8619	test	1149
test_8620	test	1174
test_8621	test	1142
test_8622	test	1012
test_8623	test	1197
test_8624	test	1051
test_8625	test	1126
test_8626	test	1015
test_8627	test	1120
test_8628	test	1060
test_8629	test	1056
test_8630	test	1131
test_8631	test	1179
test_8632	test	1099
test_8633	test	1066
test_8634	test	1107
test_8635	test	1019
test_8636	test	1047
test_8637	test	1117
test_8638	test	1106
test_8639	test	1025
test_8640	test	1014
test_8641	test	1143
test_8642	test	1027
test_8643	test	1031
test_8644	test	1005
test_8645	test	1038
test_8646	test	1022
test_8647	test	1046
test_8648	test	1088
test_8649	test	1111
test_8650	test	1071
test_8651	test	1000
test_8652	test	1188
test_8653	test	1068
test_8654	test	1028
test_8655	test	1035
test_8656	test	1027
test_8657	test	1075
test_8658	test	1019
test_8659	test	1070
test_8660	test	1027
test_8661	test	1183
test_8662	test	1091
test_8663	test	1202
test_8664	test	1158
test_8665	test	1037
test_8666	test	1053
test_8667	test	1109
test_8668	test	1022
test_8669	test	1175
test_8670	test	1095
test_8671	test	1120
test_8672	test	1124
test_8673	test	1139
test_8674	test	1056
test_8675	test	1199
test_8676	test	1040
test_8677	test	1003
test_8678	test	1132
test_8679	test	1040
test_8680	test	1006
test_8681	test	1081
test_8682	test	1184
test_8683	test	1088
test_8684	test	1112
test_8685	test	1177
test_8686	test	1171
test_8687	test	1080
test_8688	test	1140
test_8689	test	1090
test_8690	test	1031
test_8691	test	1118
test_8692	test	1005
test_8693	test	1108
test_8694	test	1099
test_8695	test	1031
test_8696	test	1031
test_8697	test	1030
test_8698	test	1192
test_8699	test	1056
test_8700	test	1091
test_8701	test	1168
test_8702	test	1079
test_8703	test	1177
test_8704	test	1024
test_8705	test	1035
test_8706	test	1068
test_8707	test	1123
test_8708	test	1024
test_8709	test	1096
test_8710	test	1198
test_8711	test	1061
test_8712	test	1022
test_8713	test	1075
test_8714	test	1076
test_8715	test	1208
test_8716	test	1121
test_8717	test	1042
test_8718	test	1147
test_8719	test	1099
test_8720	test	1208
test_8721	test	1029
test_8722	test	1043
test_8723	test	1198
test_8724	test	1099
test_8725	test	1035
test_8726	test	1055
test_8727	test	1123
test_8728	test	1078
test_8729	test	1069
test_8730	test	1059
test_8731	test	1041
test_8732	test	1096
test_8733	test	1193
test_8734	test	1023
test_8735	test	1199
test_8736	test	1137
test_8737	test	1110
test_8738	test	1108
test_8739	test	1097
test_8740	test	1071
test_8741	test	1140
test_8742	test	1164
test_8743	test	1153
test_8744	test	1104
test_8745	test	1131
test_8746	test	1194
test_8747	test	1132
test_8748	test	1184
test_8749	test	1207
test_8750	test	1103
test_8751	test	1056
test_8752	test	1044
test_8753	test	1120
test_8754	test	1052
test_8755	test	1175
test_8756	test	1173
test_8757	test	1138
test_8758	test	1107
test_8759	test	1171
test_8760	test	1143
test_8761	test	1000
test_8762	test	1040
test_8763	test	1109
test_8764	test	1006
test_8765	test	1083
test_8766	test	1020
test_8767	test	1188
test_8768	test	1061
test_8769	test	1035
test_8770	test	1052
test_8771	test	1069
test_8772	test	1131
test_8773	test	1208
test_8774	test	1100
test_8775	test	1068
test_8776	test	1089
test_8777	test	1027
test_8778	test	1087
test_8779	test	1085
test_8780	test	1002
test_8781	test	1126
test_8782	test	1077
test_8783	test	1198
test_8784	test	1089
test_8785	test	1074
test_8786	test	1074
test_8787	test	1027
test_8788	test	1197
test_8789	test	1112
test_8790	test	1099
test_8791	test	1002
test_8792	test	1137
test_8793	test	1118
test_8794	test	1079
test_8795	test	1194
test_8796	test	1103
test_8797	test	1194
test_8798	test	1041
test_8799	test	1098
test_8800	test	1118
test_8801	test	1069
test_8802	test	1000
test_8803	test	1076
test_8804	test	1036
test_8805	test	1140
test_8806	test	1004
test_8807	test	1080
test_8808	test	1012
test_8809	test	1114
test_8810	test	1095
test_8811	test	1022
test_8812	test	1080
test_8813	test	1000
test_8814	test	1127
test_8815	test	1041
test_8816	test	1052
test_8817	test	1197
test_8818	test	1037
test_8819	test	1158
test_8820	test	1186
test_8821	test	1179
test_8822	test	1083
test_8823	test	1103
test_8824	test	1192
test_8825	test	1008
test_8826	test	1179
test_8827	test	1019
test_8828	test	1140
test_8829	test	1149
test_8830	test	1004
test_8831	test	1115
test_8832	test	1104
test_8833	test	1169
test_8834	test	1003
test_8835	test	1150
test_8836	test	1024
test_8837	test	1076
test_8838	test	1178
test_8839	test	1000
test_8840	test	1029
test_8841	test	1001
test_8842	test	1041
test_8843	test	1183
test_8844	test	1121
test_8845	test	1141
test_8846	test	1036
test_8847	test	1206
test_8848	test	1039
test_8849	test	1177
test_8850	test	1169
test_8851	test	1175
test_8852	test	1093
test_8853	test	1037
test_8854	test	1124
test_8855	test	1157
test_8856	test	1140
test_8857	test	1020
test_8858	test	1043
test_8859	test	1061
test_8860	test	1169
test_8861	test	1153
test_8862	test	1057
test_8863	test	1060
test_8864	test	1099
test_8865	test	1151
test_8866	test	1112
test_8867	test	1006
test_8868	test	1112
test_8869	test	1020
test_8870	test	1206
test_8871	test	1039
test_8872	test	1184
test_8873	test	1102
test_8874	test	1081
test_8875	test	1133
test_8876	test	1152
test_8877	test	1104
test_8878	test	1011
test_8879	test	1044
test_8880	test	1006
test_8881	test	1120
test_8882	test	1087
test_8883	test	1207
test_8884	test	1083
test_8885	test	1050
test_8886	test	1100
test_8887	test	1073
test_8888	test	1156
test_8889	test	1024
test_8890	test	1046
test_8891	test	1000
test_8892	test	1045
test_8893	test	1018
test_8894	test	1155
test_8895	test	1061
test_8896	test	1078
test_8897	test	1178
test_8898	test	1025
test_8899	test	1113
test_8900	test	1131
test_8901	test	1167
test_8902	test	1043
test_8903	test	1052
test_8904	test	1041
test_8905	test	1158
test_8906	test	1185
test_8907	test	1079
test_8908	test	1077
test_8909	test	1059
test_8910	test	1141
test_8911	test	1012
test_8912	test	1090
test_8913	test	1072
test_8914	test	1102
test_8915	test	1085
test_8916	test	1177
test_8917	test	1060
test_8918	test	1059
test_8919	test	1188
test_8920	test	1104
test_8921	test	1072
test_8922	test	1166
test_8923	test	1057
test_8924	test	1066
test_8925	test	1022
test_8926	test	1082
test_8927	test	1027
test_8928	test	1112
test_8929	test	1093
test_8930	test	1171
test_8931	test	1090
test_8932	test	1049
test_8933	test	1118
test_8934	test	1017
test_8935	test	1167
test_8936	test	1089
test_8937	test	1007
test_8938	test	1194
test_8939	test	1171
test_8940	test	1012
test_8941	test	1082
test_8942	test	1068
test_8943	test	1157
test_8944	test	1055
test_8945	test	1030
test_8946	test	1111
test_8947	test	1095
test_8948	test	1029
test_8949	test	1027
test_8950	test	1090
test_8951	test	1005
test_8952	test	1084
test_8953	test	1104
test_8954	test	1177
test_8955	test	1197
test_8956	test	1056
test_8957	test	1016
test_8958	test	1024
test_8959	test	1176
test_8960	test	1037
test_8961	test	1029
test_8962	test	1066
test_8963	test	1034
test_8964	test	1098
test_8965	test	1106
test_8966	test	1111
test_8967	test	1106
test_8968	test	1164
test_8969	test	1011
test_8970	test	1183
test_8971	test	1123
test_8972	test	1099
test_8973	test	1117
test_8974	test	1114
test_8975	test	1012
test_8976	test	1201
test_8977	test	1006
test_8978	test	1110
test_8979	test	1088
test_8980	test	1103
test_8981	test	1019
test_8982	test	1037
test_8983	test	1044
test_8984	test	1183
test_8985	test	1111
test_8986	test	1040
test_8987	test	1086
test_8988	test	1183
test_8989	test	1056
test_8990	test	1131
test_8991	test	1012
test_8992	test	1000
test_8993	test	1178
test_8994	test	1164
test_8995	test	1150
test_8996	test	1147
test_8997	test	1073
test_8998	test	1080
test_8999	test	1090
test_9000	test	1110
test_9001	test	1109
test_9002	test	1003
test_9003	test	1031
test_9004	test	1020
test_9005	test	1001
test_9006	test	1120
test_9007	test	1109
test_9008	test	1130
test_9009	test	1107
test_9010	test	1068
test_9011	test	1079
test_9012	test	1172
test_9013	test	1132
test_9014	test	1130
test_9015	test	1075
test_9016	test	1116
test_9017	test	1029
test_9018	test	1102
test_9019	test	1019
test_9020	test	1089
test_9021	test	1091
test_9022	test	1100
test_9023	test	1028
test_9024	test	1179
test_9025	test	1067
test_9026	test	1177
test_9027	test	1020
test_9028	test	1045
test_9029	test	1137
test_9030	test	1113
test_9031	test	1077
test_9032	test	1011
test_9033	test	1066
test_9034	test	1012
test_9035	test	1107
test_9036	test	1006
test_9037	test	1191
test_9038	test	1124
test_9039	test	1204
test_9040	test	1083
test_9041	test	1183
test_9042	test	1008
test_9043	test	1017
test_9044	test	1176
test_9045	test	1147
test_9046	test	1123
test_9047	test	1208
test_9048	test	1095
test_9049	test	1202
test_9050	test	1082
test_9051	test	1043
test_9052	test	1055
test_9053	test	1077
test_9054	test	1206
test_9055	test	1062
test_9056	test	1120
test_9057	test	1169
test_9058	test	1137
test_9059	test	1100
test_9060	test	1106
test_9061	test	1198
test_9062	test	1000
test_9063	test	1201
test_9064	test	1143
test_9065	test	1156
test_9066	test	1080
test_9067	test	1018
test_9068	test	1182
test_9069	test	1089
test_9070	test	1209
test_9071	test	1209
test_9072	test	1032
test_9073	test	1152
test_9074	test	1192
test_9075	test	1115
test_9076	test	1043
test_9077	test	1081
test_9078	test	1059
test_9079	test	1055
test_9080	test	1179
test_9081	test	1072
test_9082	test	1197
test_9083	test	1135
test_9084	test	1144
test_9085	test	1006
test_9086	test	1053
test_9087	test	1068
test_9088	test	1068
test_9089	test	1019
test_9090	test	1059
test_9091	test	1077
test_9092	test	1136
test_9093	test	1034
test_9094	test	1182
test_9095	test	1061
test_9096	test	1132
test_9097	test	1044
test_9098	test	1116
test_9099	test	1017
test_9100	test	1106
test_9101	test	1050
test_9102	test	1116
test_9103	test	1141
test_9104	test	1083
test_9105	test	1062
test_9106	test	1091
test_9107	test	1078
test_9108	test	1192
test_9109	test	1141
test_9110	test	1030
test_9111	test	1112
test_9112	test	1022
test_9113	test	1062
test_9114	test	1110
test_9115	test	1188
test_9116	test	1030
test_9117	test	1185
test_9118	test	1072
test_9119	test	1015
test_9120	test	1208
test_9121	test	1082
test_9122	test	1117
test_9123	test	1192
test_9124	test	1112
test_9125	test	1044
test_9126	test	1159
test_9127	test	1059
test_9128	test	1035
test_9129	test	1202
test_9130	test	1044
test_9131	test	1180
test_9132	test	1027
test_9133	test	1081
test_9134	test	1208
test_9135	test	1015
test_9136	test	1053
test_9137	test	1019
test_9138	test	1049
test_9139	test	1106
test_9140	test	1124
test_9141	test	1156
test_9142	test	1203
test_9143	test	1198
test_9144	test	1181
test_9145	test	1145
test_9146	test	1147
test_9147	test	1197
test_9148	test	1017
test_9149	test	1008
test_9150	test	1006
test_9151	test	1019
test_9152	test	1117
test_9153	test	1041
test_9154	test	1050
test_9155	test	1043
test_9156	test	1022
test_9157	test	1078
test_9158	test	1072
test_9159	test	1011
test_9160	test	1007
test_9161	test	1169
test_9162	test	1006
test_9163	test	1171
test_9164	test	1184
test_9165	test	1019
test_9166	test	1050
test_9167	test	1045
test_9168	test	1087
test_9169	test	1183
test_9170	test	1028
test_9171	test	1037
test_9172	test	1076
test_9173	test	1038
test_9174	test	1003
test_9175	test	1087
test_9176	test	1053
test_9177	test	1022
test_9178	test	1019
test_9179	test	1022
test_9180	test	1099
test_9181	test	1132
test_9182	test	1104
test_9183	test	1103
test_9184	test	1039
test_9185	test	1015
test_9186	test	1027
test_9187	test	1177
test_9188	test	1142
test_9189	test	1153
test_9190	test	1032
test_9191	test	1055
test_9192	test	1099
test_9193	test	1000
test_9194	test	1078
test_9195	test	1093
test_9196	test	1154
test_9197	test	1026
test_9198	test	1035
test_9199	test	1009
test_9200	test	1190
test_9201	test	1093
test_9202	test	1126
test_9203	test	1041
test_9204	test	1031
test_9205	test	1146
test_9206	test	1019
test_9207	test	1123
test_9208	test	1152
test_9209	test	1113
test_9210	test	1098
test_9211	test	1005
test_9212	test	1074
test_9213	test	1203
test_9214	test	1133
test_9215	test	1067
test_9216	test	1072
test_9217	test	1077
test_9218	test	1006
test_9219	test	1123
test_9220	test	1102
test_9221	test	1127
test_9222	test	1099
test_9223	test	1034
test_9224	test	1164
test_9225	test	1137
test_9226	test	1029
test_9227	test	1076
test_9228	test	1014
test_9229	test	1194
test_9230	test	1164
test_9231	test	1076
test_9232	test	1164
test_9233	test	1199
test_9234	test	1044
test_9235	test	1017
test_9236	test	1033
test_9237	test	1166
test_9238	test	1113
test_9239	test	1050
test_9240	test	1032
test_9241	test	1031
test_9242	test	1127
test_9243	test	1002
test_9244	test	1151
test_9245	test	1019
test_9246	test	1096
test_9247	test	1176
test_9248	test	1118
test_9249	test	1193
test_9250	test	1183
test_9251	test	1074
test_9252	test	1080
test_9253	test	1043
test_9254	test	1020
test_9255	test	1100
test_9256	test	1046
test_9257	test	1140
test_9258	test	1113
test_9259	test	1003
test_9260	test	1024
test_9261	test	1105
test_9262	test	1071
test_9263	test	1160
test_9264	test	1001
test_9265	test	1162
test_9266	test	1168
test_9267	test	1163
test_9268	test	1053
test_9269	test	1035
test_9270	test	1033
test_9271	test	1104
test_9272	test	1143
test_9273	test	1171
test_9274	test	1017
test_9275	test	1152
test_9276	test	1018
test_9277	test	1115
test_9278	test	1022
test_9279	test	1051
test_9280	test	1194
test_9281	test	1083
test_9282	test	1006
test_9283	test	1054
test_9284	test	1107
test_9285	test	1032
test_9286	test	1046
test_9287	test	1048
test_9288	test	1082
test_9289	test	1137
test_9290	test	1018
test_9291	test	1123
test_9292	test	1046
test_9293	test	1166
test_9294	test	1152
test_9295	test	1151
test_9296	test	1012
test_9297	test	1184
test_9298	test	1080
test_9299	test	1092
test_9300	test	1109
test_9301	test	1024
test_9302	test	1022
test_9303	test	1079
test_9304	test	1023
test_9305	test	1061
test_9306	test	1022
test_9307	test	1166
test_9308	test	1029
test_9309	test	1134
test_9310	test	1055
test_9311	test	1071
test_9312	test	1106
test_9313	test	1035
test_9314	test	1046
test_9315	test	1019
test_9316	test	1103
test_9317	test	1060
test_9318	test	1032
test_9319	test	1038
test_9320	test	1074
test_9321	test	1017
test_9322	test	1156
test_9323	test	1152
test_9324	test	1180
test_9325	test	1024
test_9326	test	1128
test_9327	test	1207
test_9328	test	1060
test_9329	test	1184
test_9330	test	1025
test_9331	test	1002
test_9332	test	1111
test_9333	test	1190
test_9334	test	1068
test_9335	test	1000
test_9336	test	1074
test_9337	test	1156
test_9338	test	1103
test_9339	test	1012
test_9340	test	1043
test_9341	test	1197
test_9342	test	1158
test_9343	test	1197
test_9344	test	1115
test_9345	test	1007
test_9346	test	1052
test_9347	test	1017
test_9348	test	1024
test_9349	test	1097
test_9350	test	1101
test_9351	test	1173
test_9352	test	1019
test_9353	test	1150
test_9354	test	1108
test_9355	test	1117
test_9356	test	1029
test_9357	test	1185
test_9358	test	1029
test_9359	test	1077
test_9360	test	1156
test_9361	test	1031
test_9362	test	1141
test_9363	test	1205
test_9364	test	1076
test_9365	test	1168
test_9366	test	1171
test_9367	test	1099
test_9368	test	1109
test_9369	test	1012
test_9370	test	1046
test_9371	test	1046
test_9372	test	1138
test_9373	test	1048
test_9374	test	1195
test_9375	test	1008
test_9376	test	1007
test_9377	test	1141
test_9378	test	1040
test_9379	test	1019
test_9380	test	1020
test_9381	test	1198
test_9382	test	1015
test_9383	test	1180
test_9384	test	1014
test_9385	test	1161
test_9386	test	1019
test_9387	test	1078
test_9388	test	1153
test_9389	test	1062
test_9390	test	1208
test_9391	test	1177
test_9392	test	1121
test_9393	test	1102
test_9394	test	1166
test_9395	test	1040
test_9396	test	1202
test_9397	test	1171
test_9398	test	1046
test_9399	test	1028
test_9400	test	1000
test_9401	test	1103
test_9402	test	1146
test_9403	test	1148
test_9404	test	1100
test_9405	test	1103
test_9406	test	1164
test_9407	test	1194
test_9408	test	1115
test_9409	test	1069
test_9410	test	1166
test_9411	test	1164
test_9412	test	1011
test_9413	test	1089
test_9414	test	1051
test_9415	test	1014
test_9416	test	1025
test_9417	test	1061
test_9418	test	1066
test_9419	test	1040
test_9420	test	1115
test_9421	test	1051
test_9422	test	1053
test_9423	test	1071
test_9424	test	1177
test_9425	test	1104
test_9426	test	1081
test_9427	test	1106
test_9428	test	1118
test_9429	test	1005
test_9430	test	1077
test_9431	test	1201
test_9432	test	1142
test_9433	test	1185
test_9434	test	1131
test_9435	test	1064
test_9436	test	1081
test_9437	test	1018
test_9438	test	1103
test_9439	test	1102
test_9440	test	1111
test_9441	test	1100
test_9442	test	1020
test_9443	test	1045
test_9444	test	1132
test_9445	test	1070
test_9446	test	1031
test_9447	test	1005
test_9448	test	1079
test_9449	test	1045
test_9450	test	1104
test_9451	test	1161
test_9452	test	1147
test_9453	test	1185
test_9454	test	1100
test_9455	test	1081
test_9456	test	1031
test_9457	test	1072
test_9458	test	1042
test_9459	test	1015
test_9460	test	1017
test_9461	test	1098
test_9462	test	1166
test_9463	test	1051
test_9464	test	1057
test_9465	test	1022
test_9466	test	1018
test_9467	test	1134
test_9468	test	1094
test_9469	test	1194
test_9470	test	1006
test_9471	test	1113
test_9472	test	1140
test_9473	test	1026
test_9474	test	1035
test_9475	test	1109
test_9476	test	1005
test_9477	test	1175
test_9478	test	1027
test_9479	test	1019
test_9480	test	1089
test_9481	test	1056
test_9482	test	1005
test_9483	test	1014
test_9484	test	1009
test_9485	test	1208
test_9486	test	1140
test_9487	test	1123
test_9488	test	1087
test_9489	test	1014
test_9490	test	1135
test_9491	test	1090
test_9492	test	1150
test_9493	test	1109
test_9494	test	1110
test_9495	test	1025
test_9496	test	1184
test_9497	test	1014
test_9498	test	1095
test_9499	test	1169
test_9500	test	1003
test_9501	test	1104
test_9502	test	1032
test_9503	test	1132
test_9504	test	1126
test_9505	test	1002
test_9506	test	1049
test_9507	test	1041
test_9508	test	1039
test_9509	test	1066
test_9510	test	1032
test_9511	test	1149
test_9512	test	1167
test_9513	test	1194
test_9514	test	1026
test_9515	test	1185
test_9516	test	1087
test_9517	test	1011
test_9518	test	1035
test_9519	test	1018
test_9520	test	1002
test_9521	test	1143
test_9522	test	1135
test_9523	test	1165
test_9524	test	1123
test_9525	test	1021
test_9526	test	1072
test_9527	test	1022
test_9528	test	1018
test_9529	test	1177
test_9530	test	1079
test_9531	test	1080
test_9532	test	1061
test_9533	test	1194
test_9534	test	1203
test_9535	test	1175
test_9536	test	1035
test_9537	test	1054
test_9538	test	1056
test_9539	test	1039
test_9540	test	1064
test_9541	test	1044
test_9542	test	1041
test_9543	test	1115
test_9544	test	1029
test_9545	test	1174
test_9546	test	1179
test_9547	test	1007
test_9548	test	1057
test_9549	test	1138
test_9550	test	1102
test_9551	test	1165
